customerID,features,churn_probability,prediction
7590-VHVEG,"[1.0,29.85,29.85]",0.0,0
5575-GNVDE,"[34.0,56.95,1889.5]",0.01,0
3668-QPYBK,"[2.0,53.85,108.15]",0.02,0
7795-CFOCW,"[45.0,42.3,1840.75]",0.03,0
9237-HQITU,"[2.0,70.7,151.65]",0.04,0
9305-CDSKC,"[8.0,99.65,820.5]",0.05,0
1452-KIOVK,"[22.0,89.1,1949.4]",0.06,0
6713-OKOMC,"[10.0,29.75,301.9]",0.07,0
7892-POOKP,"[28.0,104.8,3046.05]",0.08,0
6388-TABGU,"[62.0,56.15,3487.95]",0.09,0
9763-GRSKD,"[13.0,49.95,587.45]",0.1,0
7469-LKBCI,"[16.0,18.95,326.8]",0.11,0
8091-TTVAX,"[58.0,100.35,5681.1]",0.12,0
0280-XJGEX,"[49.0,103.7,5036.3]",0.13,0
5129-JLPIS,"[25.0,105.5,2686.05]",0.14,0
3655-SNQYZ,"[69.0,113.25,7895.15]",0.15,0
8191-XWSZG,"[52.0,20.65,1022.95]",0.16,0
9959-WOFKT,"[71.0,106.7,7382.25]",0.17,0
4190-MFLUW,"[10.0,55.2,528.35]",0.18,0
4183-MYFRB,"[21.0,90.05,1862.9]",0.19,0
8779-QRDMV,"[1.0,39.65,39.65]",0.2,0
1680-VDCWW,"[12.0,19.8,202.25]",0.21,0
1066-JKSGK,"[1.0,20.15,20.15]",0.22,0
3638-WEABW,"[58.0,59.9,3505.1]",0.23,0
6322-HRPFA,"[49.0,59.6,2970.3]",0.24,0
6865-JZNKO,"[30.0,55.3,1530.6]",0.25,0
6467-CHFZW,"[47.0,99.35,4749.15]",0.26,0
8665-UTDHZ,"[1.0,30.2,30.2]",0.27,0
5248-YGIJN,"[72.0,90.25,6369.45]",0.28,0
8773-HHUOZ,"[17.0,64.7,1093.1]",0.29,0
3841-NFECX,"[71.0,96.35,6766.95]",0.3,0
4929-XIHVW,"[2.0,95.5,181.65]",0.31,0
6827-IEAUQ,"[27.0,66.15,1874.45]",0.32,0
7310-EGVHZ,"[1.0,20.2,20.2]",0.33,0
3413-BMNZE,"[1.0,45.25,45.25]",0.34,0
6234-RAAPL,"[72.0,99.9,7251.7]",0.35,0
6047-YHPVI,"[5.0,69.7,316.9]",0.36,0
6572-ADKRS,"[46.0,74.8,3548.3]",0.37,0
5380-WJKOV,"[34.0,106.35,3549.25]",0.38,0
8168-UQWWF,"[11.0,97.85,1105.4]",0.39,0
8865-TNMNX,"[10.0,49.55,475.7]",0.4,0
9489-DEDVP,"[70.0,69.2,4872.35]",0.41,0
9867-JCZSP,"[17.0,20.75,418.25]",0.42,0
4671-VJLCL,"[63.0,79.85,4861.45]",0.43,0
4080-IIARD,"[13.0,76.2,981.45]",0.44,0
3714-NTNFO,"[49.0,84.5,3906.7]",0.45,0
5948-UJZLF,"[2.0,49.25,97.0]",0.46,0
7760-OYPDY,"[2.0,80.65,144.15]",0.47,0
7639-LIAYI,"[52.0,79.75,4217.8]",0.48,0
2954-PIBKO,"[69.0,64.15,4254.1]",0.49,0
8012-SOUDQ,"[43.0,90.25,3838.75]",0.5,0
9420-LOJKX,"[15.0,99.1,1426.4]",0.51,1
6575-SUVOI,"[25.0,69.5,1752.65]",0.52,1
7495-OOKFY,"[8.0,80.65,633.3]",0.53,1
4667-QONEA,"[60.0,74.85,4456.35]",0.54,1
1658-BYGOY,"[18.0,95.45,1752.55]",0.55,1
8769-KKTPH,"[63.0,99.65,6311.2]",0.56,1
5067-XJQFU,"[66.0,108.45,7076.35]",0.57,1
3957-SQXML,"[34.0,24.95,894.3]",0.58,1
5954-BDFSG,"[72.0,107.5,7853.7]",0.59,1
0434-CSFON,"[47.0,100.5,4707.1]",0.6,1
1215-FIGMP,"[60.0,89.9,5450.7]",0.61,1
0526-SXDJP,"[72.0,42.1,2962.0]",0.62,1
0557-ASKVU,"[18.0,54.4,957.1]",0.63,1
5698-BQJOH,"[9.0,94.4,857.25]",0.64,1
5122-CYFXA,"[3.0,75.3,244.1]",0.65,1
8627-ZYGSZ,"[47.0,78.9,3650.35]",0.66,1
3410-YOQBQ,"[31.0,79.2,2497.2]",0.67,1
3170-NMYVV,"[50.0,20.15,930.9]",0.68,1
7410-OIEDU,"[10.0,79.85,887.35]",0.69,1
2273-QCKXA,"[1.0,49.05,49.05]",0.7,1
0731-EBJQB,"[52.0,20.4,1090.65]",0.71,1
1891-QRQSA,"[64.0,111.6,7099.0]",0.72,1
8028-PNXHQ,"[62.0,24.25,1424.6]",0.73,1
5630-AHZIL,"[3.0,64.5,177.4]",0.74,1
2673-CXQEU,"[56.0,110.5,6139.5]",0.75,1
6416-JNVRK,"[46.0,55.65,2688.85]",0.76,1
5590-ZSKRV,"[8.0,54.65,482.25]",0.77,1
0191-ZHSKZ,"[30.0,74.75,2111.3]",0.78,1
3887-PBQAO,"[45.0,25.9,1216.6]",0.79,1
5919-TMRGD,"[1.0,79.35,79.35]",0.8,1
8108-UXRQN,"[11.0,50.55,565.35]",0.81,1
9191-MYQKX,"[7.0,75.15,496.9]",0.82,1
9919-YLNNG,"[42.0,103.8,4327.5]",0.83,1
0318-ZOPWS,"[49.0,20.15,973.35]",0.84,1
4445-ZJNMU,"[9.0,99.3,918.75]",0.85,1
4808-YNLEU,"[35.0,62.15,2215.45]",0.86,1
1862-QRWPE,"[48.0,20.65,1057.0]",0.87,1
2796-NNUFI,"[46.0,19.95,927.1]",0.88,1
3016-KSVCP,"[29.0,33.75,1009.25]",0.89,1
4767-HZZHQ,"[30.0,82.05,2570.2]",0.9,1
2424-WVHPL,"[1.0,74.7,74.7]",0.91,1
7233-PAHHL,"[66.0,84.0,5714.25]",0.92,1
6067-NGCEU,"[65.0,111.05,7107.0]",0.93,1
9848-JQJTX,"[72.0,100.9,7459.05]",0.94,1
8637-XJIVR,"[12.0,78.95,927.35]",0.95,1
9803-FTJCG,"[71.0,66.85,4748.7]",0.96,1
0278-YXOOG,"[5.0,21.05,113.85]",0.97,1
3212-KXOCR,"[52.0,21.0,1107.2]",0.98,1
4598-XLKNJ,"[25.0,98.5,2514.5]",0.99,1
6380-ARCEH,"[1.0,20.2,20.2]",0.0,0
3679-XASPY,"[1.0,19.45,19.45]",0.01,0
7123-WQUHX,"[38.0,95.0,3605.6]",0.02,0
5386-THSLQ,"[66.0,45.55,3027.25]",0.03,0
3192-NQECA,"[68.0,110.0,7611.85]",0.04,0
6180-YBIQI,"[5.0,24.3,100.2]",0.05,0
6728-DKUCO,"[72.0,104.15,7303.05]",0.06,0
9750-BOOHV,"[32.0,30.15,927.65]",0.07,0
8597-CWYHH,"[43.0,94.35,3921.3]",0.08,0
2848-YXSMW,"[72.0,19.4,1363.25]",0.09,0
0486-HECZI,"[55.0,96.75,5238.9]",0.1,0
4549-ZDQYY,"[52.0,57.95,3042.25]",0.11,0
5712-AHQNN,"[43.0,91.65,3954.1]",0.12,0
4846-WHAFZ,"[37.0,76.5,2868.15]",0.13,0
5256-SKJGO,"[64.0,54.6,3423.5]",0.14,0
3071-VBYPO,"[3.0,89.85,248.4]",0.15,0
9560-BBZXK,"[36.0,31.05,1126.35]",0.16,0
5299-RULOA,"[10.0,100.25,1064.65]",0.17,0
8402-OOOHJ,"[41.0,20.65,835.15]",0.18,0
9445-ZUEQE,"[27.0,85.2,2151.6]",0.19,0
1091-SOZGA,"[56.0,99.8,5515.45]",0.2,0
2928-HLDBA,"[6.0,20.7,112.75]",0.21,0
0404-SWRVG,"[3.0,74.4,229.55]",0.22,0
6497-TILVL,"[7.0,50.7,350.35]",0.23,0
7219-TLZHO,"[4.0,20.85,62.9]",0.24,0
4622-YNKIJ,"[33.0,88.95,3027.65]",0.25,0
4412-YLTKF,"[27.0,78.05,2135.5]",0.26,0
6734-PSBAW,"[72.0,23.55,1723.95]",0.27,0
3930-ZGWVE,"[1.0,19.75,19.75]",0.28,0
2639-UGMAZ,"[71.0,56.45,3985.35]",0.29,0
2876-GZYZC,"[13.0,85.95,1215.65]",0.3,0
6207-WIOLX,"[25.0,58.6,1502.65]",0.31,0
8587-XYZSF,"[67.0,50.55,3260.1]",0.32,0
3091-FYHKI,"[1.0,35.45,35.45]",0.33,0
2372-HWUHI,"[2.0,44.35,81.25]",0.34,0
7799-LGRDP,"[43.0,25.7,1188.2]",0.35,0
7850-VWJUU,"[23.0,75.0,1778.5]",0.36,0
3774-VBNXY,"[64.0,20.2,1277.75]",0.37,0
6217-KDYWC,"[57.0,19.6,1170.55]",0.38,0
0390-DCFDQ,"[1.0,70.45,70.45]",0.39,0
3146-MSEGF,"[72.0,88.05,6425.65]",0.4,0
4080-OGPJL,"[8.0,71.15,563.65]",0.41,0
1095-WGNGG,"[61.0,101.05,5971.25]",0.42,0
2636-SJDOU,"[64.0,84.3,5289.05]",0.43,0
1131-QQZEB,"[71.0,23.95,1756.2]",0.44,0
5716-EZXZN,"[65.0,99.05,6416.7]",0.45,0
6837-BJYDQ,"[3.0,19.6,61.35]",0.46,0
2135-RXIHG,"[1.0,45.65,45.65]",0.47,0
6440-DKQGE,"[30.0,64.5,1929.95]",0.48,0
3466-BYAVD,"[15.0,69.5,1071.4]",0.49,0
3780-YVMFA,"[8.0,68.55,564.35]",0.5,0
3874-EQOEP,"[7.0,95.0,655.5]",0.51,1
1679-JRFBR,"[70.0,108.15,7930.55]",0.52,1
9073-ZZIAY,"[62.0,86.1,5215.25]",0.53,1
3077-RSNTJ,"[6.0,19.7,113.5]",0.54,1
6551-GNYDG,"[14.0,80.9,1152.8]",0.55,1
9167-APMXZ,"[22.0,84.15,1821.95]",0.56,1
2749-CTKAJ,"[22.0,20.15,419.9]",0.57,1
6371-NZYEG,"[16.0,64.25,1024.0]",0.58,1
7554-NEWDD,"[10.0,25.7,251.6]",0.59,1
8992-VONJD,"[13.0,56.0,764.55]",0.6,1
0867-MKZVY,"[20.0,82.4,1592.35]",0.61,1
4482-EWFMI,"[2.0,69.7,135.2]",0.62,1
4648-YPBTM,"[53.0,73.9,3958.25]",0.63,1
2907-ILJBN,"[11.0,20.6,233.9]",0.64,1
6345-FZOQH,"[69.0,19.9,1363.45]",0.65,1
3376-BMGFE,"[4.0,70.9,273.0]",0.66,1
5997-OPVFA,"[72.0,89.05,6254.45]",0.67,1
3445-HXXGF,"[58.0,45.3,2651.2]",0.68,1
1159-WFSGR,"[16.0,20.4,321.4]",0.69,1
7654-YWJUF,"[43.0,84.25,3539.25]",0.7,1
1875-QIVME,"[2.0,104.4,242.8]",0.71,1
6727-IOTLZ,"[14.0,81.95,1181.75]",0.72,1
0691-JVSYA,"[53.0,94.85,5000.2]",0.73,1
5918-VUKWP,"[32.0,20.55,654.55]",0.74,1
1744-JHKYS,"[34.0,24.7,780.2]",0.75,1
2656-FMOKZ,"[15.0,74.45,1145.7]",0.76,1
2070-FNEXE,"[7.0,76.45,503.6]",0.77,1
5947-SGKCL,"[15.0,105.35,1559.25]",0.78,1
3712-PKXZA,"[61.0,20.55,1252.0]",0.79,1
6317-YPKDH,"[1.0,29.95,29.95]",0.8,1
6582-OIVSP,"[1.0,45.3,45.3]",0.81,1
9367-WXLCH,"[8.0,84.5,662.65]",0.82,1
5524-KHNJP,"[33.0,74.75,2453.3]",0.83,1
1918-ZBFQJ,"[13.0,79.25,1111.65]",0.84,1
1024-GUALD,"[1.0,24.8,24.8]",0.85,1
4827-USJHP,"[20.0,51.8,1023.85]",0.86,1
8167-GJLRN,"[3.0,30.4,82.15]",0.87,1
0956-SYCWG,"[13.0,19.65,244.8]",0.88,1
8017-UVSZU,"[40.0,56.6,2379.1]",0.89,1
7100-FQPRV,"[43.0,71.9,3173.35]",0.9,1
2472-OVKUP,"[6.0,91.0,531.0]",0.91,1
2984-RGEYA,"[69.0,19.75,1375.4]",0.92,1
9680-NIAUV,"[72.0,109.7,8129.3]",0.93,1
2146-EGVDT,"[59.0,19.3,1192.7]",0.94,1
2604-IJPDU,"[20.0,96.55,1901.65]",0.95,1
9178-JHUVJ,"[24.0,24.1,587.4]",0.96,1
6168-YBYNP,"[59.0,111.35,6519.75]",0.97,1
7255-SSFBC,"[72.0,112.25,8041.65]",0.98,1
3645-DEYGF,"[1.0,20.75,20.75]",0.99,1
9323-HGFWY,"[27.0,101.9,2681.15]",0.0,0
8544-GOQSH,"[14.0,80.05,1112.3]",0.01,0
3363-DTIVD,"[71.0,105.55,7405.5]",0.02,0
7018-WBJNK,"[13.0,78.3,1033.95]",0.03,0
9142-KZXOP,"[44.0,68.85,2958.95]",0.04,0
7674-YTAFD,"[33.0,79.95,2684.85]",0.05,0
6348-SNFUS,"[72.0,55.45,4179.2]",0.06,0
1285-OKIPP,"[1.0,79.9,79.9]",0.07,0
7825-ECJRF,"[19.0,106.6,1934.45]",0.08,0
1347-KTTTA,"[64.0,102.45,6654.1]",0.09,0
7841-TZDMQ,"[2.0,46.0,84.5]",0.1,0
4195-NZGTA,"[1.0,25.25,25.25]",0.11,0
7157-SMCFK,"[61.0,19.75,1124.2]",0.12,0
4709-LKHYG,"[29.0,20.0,540.05]",0.13,0
2504-DSHIH,"[23.0,86.8,1975.85]",0.14,0
0699-NDKJM,"[57.0,58.75,3437.45]",0.15,0
9286-BHDQG,"[72.0,45.25,3139.8]",0.16,0
0230-WEQUW,"[66.0,56.6,3789.2]",0.17,0
2040-LDIWQ,"[65.0,84.2,5324.5]",0.18,0
6496-JDSSB,"[8.0,80.0,624.6]",0.19,0
9408-SSNVZ,"[4.0,70.15,268.35]",0.2,0
4443-EMBNA,"[71.0,24.75,1836.9]",0.21,0
6469-MRVET,"[1.0,20.2,20.2]",0.22,0
0742-MOABM,"[4.0,50.05,179.35]",0.23,0
5961-VUSRV,"[12.0,19.35,219.35]",0.24,0
6778-JFCMK,"[24.0,50.6,1288.75]",0.25,0
6341-JVQGF,"[31.0,81.15,2545.75]",0.26,0
2232-DMLXU,"[1.0,55.2,55.2]",0.27,0
4811-JBUVU,"[30.0,89.9,2723.15]",0.28,0
0945-TSONX,"[47.0,85.3,4107.25]",0.29,0
2651-ZCBXV,"[54.0,108.0,5760.65]",0.3,0
3316-UWXUY,"[50.0,93.5,4747.5]",0.31,0
8937-RDTHP,"[1.0,84.6,84.6]",0.32,0
7083-MIOPC,"[72.0,20.25,1566.9]",0.33,0
1984-GPTEH,"[29.0,25.15,702.0]",0.34,0
1251-KRREG,"[2.0,54.4,114.1]",0.35,0
0621-JFHOL,"[10.0,29.6,299.05]",0.36,0
9903-LYSAB,"[18.0,73.15,1305.95]",0.37,0
0094-OIFMO,"[11.0,95.0,1120.3]",0.38,0
9227-UAQFT,"[16.0,19.75,284.35]",0.39,0
7301-ABVAD,"[72.0,86.6,6350.5]",0.4,0
6614-FHDBO,"[72.0,109.2,7878.3]",0.41,0
7576-ASEJU,"[41.0,74.7,3187.65]",0.42,0
9058-HRZSV,"[65.0,94.4,6126.15]",0.43,0
4522-AKYLR,"[13.0,54.8,731.3]",0.44,0
0221-WMXNQ,"[4.0,75.35,273.4]",0.45,0
0303-UNCIP,"[41.0,65.0,2531.8]",0.46,0
9947-OTFQU,"[15.0,74.4,1074.3]",0.47,0
0322-YINQP,"[1.0,48.55,48.55]",0.48,0
0959-WHOKV,"[42.0,99.0,4298.45]",0.49,0
4075-JFPGR,"[51.0,93.5,4619.55]",0.5,0
4629-NRXKX,"[2.0,70.4,147.15]",0.51,1
9514-JDSKI,"[1.0,40.2,40.2]",0.52,1
3282-ZISZV,"[32.0,83.7,2633.3]",0.53,1
3675-YDUPJ,"[10.0,19.85,193.05]",0.54,1
4111-BNXIF,"[67.0,59.55,4103.9]",0.55,1
7017-VFHAY,"[61.0,115.1,7008.15]",0.56,1
6655-LHBYW,"[50.0,114.35,5791.1]",0.57,1
4959-JOSRX,"[2.0,44.6,80.55]",0.58,1
5046-NUHWD,"[29.0,45.0,1228.65]",0.59,1
7273-TEFQD,"[3.0,41.15,132.2]",0.6,1
3606-TWKGI,"[13.0,106.9,1364.3]",0.61,1
7529-ZDFXI,"[57.0,89.85,4925.35]",0.62,1
7605-BDWDC,"[31.0,49.85,1520.1]",0.63,1
1950-KSVVJ,"[45.0,113.3,5032.25]",0.64,1
0123-CRBRT,"[61.0,88.1,5526.75]",0.65,1
6292-TOSSS,"[50.0,24.9,1195.25]",0.66,1
3197-ARFOY,"[19.0,105.0,2007.25]",0.67,1
6323-AYBRX,"[59.0,19.35,1099.6]",0.68,1
7014-ZZXAW,"[71.0,24.25,1732.95]",0.69,1
4385-GZQXV,"[16.0,94.45,1511.2]",0.7,1
7633-MVPUY,"[57.0,59.75,3450.15]",0.71,1
6366-ZGQGL,"[1.0,24.8,24.8]",0.72,1
4716-HHKQH,"[20.0,107.05,2172.05]",0.73,1
5940-AHUHD,"[1.0,70.6,70.6]",0.74,1
6432-TWQLB,"[5.0,85.4,401.1]",0.75,1
4484-GLZOU,"[52.0,105.05,5624.85]",0.76,1
3179-GBRWV,"[21.0,64.95,1339.8]",0.77,1
8645-KWHJO,"[14.0,55.0,771.95]",0.78,1
4130-MZLCC,"[5.0,50.55,244.75]",0.79,1
0314-TKOSI,"[6.0,55.15,322.9]",0.8,1
8229-MYEJZ,"[10.0,51.2,498.25]",0.81,1
2080-SRCDE,"[1.0,25.4,25.4]",0.82,1
9577-WJVCQ,"[68.0,54.45,3687.75]",0.83,1
9512-UIBFX,"[18.0,95.15,1779.95]",0.84,1
6202-DYYFX,"[22.0,76.0,1783.6]",0.85,1
3808-HFKDE,"[20.0,44.35,927.15]",0.86,1
5583-SXDAG,"[1.0,70.0,70.0]",0.87,1
3488-PGMQJ,"[8.0,74.5,606.55]",0.88,1
3580-REOAC,"[10.0,44.85,435.4]",0.89,1
7534-BFESC,"[24.0,76.1,1712.7]",0.9,1
3727-OWVYD,"[35.0,61.2,2021.2]",0.91,1
2294-SALNE,"[23.0,86.8,1940.8]",0.92,1
4847-TAJYI,"[6.0,89.35,567.8]",0.93,1
1563-IWQEX,"[12.0,19.7,220.35]",0.94,1
8203-XJZRC,"[1.0,20.25,20.25]",0.95,1
6556-DBKZF,"[71.0,76.05,5436.45]",0.96,1
6851-WEFYX,"[35.0,100.8,3437.5]",0.97,1
2985-JUUBZ,"[40.0,74.55,3015.75]",0.98,1
6390-DSAZX,"[1.0,73.6,73.6]",0.99,1
0895-LMRSF,"[23.0,64.9,1509.8]",0.0,0
8098-LLAZX,"[4.0,95.45,396.1]",0.01,0
8266-VBFQL,"[4.0,90.4,356.65]",0.02,0
8181-YHCMF,"[68.0,60.3,4109.0]",0.03,0
2240-HSJQD,"[38.0,81.85,3141.7]",0.04,0
1248-DYXUB,"[52.0,24.8,1229.1]",0.05,0
0265-EDXBD,"[32.0,74.9,2303.35]",0.06,0
4115-BNPJY,"[29.0,75.55,2054.4]",0.07,0
3167-SNQPL,"[38.0,101.15,3741.85]",0.08,0
4091-TVOCN,"[48.0,78.75,3682.45]",0.09,0
1098-TDVUQ,"[1.0,19.25,19.25]",0.1,0
7277-OZCGZ,"[22.0,89.05,1886.25]",0.11,0
1557-EMYVT,"[43.0,115.05,4895.1]",0.12,0
2799-ARNLO,"[5.0,69.35,341.6]",0.13,0
7563-BIUPC,"[5.0,80.6,415.55]",0.14,0
5027-YOCXN,"[51.0,110.05,5686.4]",0.15,0
3973-SKMLN,"[71.0,19.9,1355.1]",0.16,0
2321-OMBXY,"[38.0,80.3,3058.65]",0.17,0
2840-XANRC,"[24.0,93.15,2231.05]",0.18,0
6745-JEFZB,"[35.0,91.5,3236.35]",0.19,0
5020-ZSTTY,"[54.0,82.45,4350.1]",0.2,0
9880-TDQAC,"[72.0,60.0,4264.0]",0.21,0
8705-WZCYL,"[1.0,44.8,44.8]",0.22,0
7102-JJVTX,"[9.0,48.6,422.3]",0.23,0
8626-PTQGE,"[69.0,60.05,4176.7]",0.24,0
4983-CLMLV,"[52.0,102.7,5138.1]",0.25,0
5701-YVSVF,"[11.0,82.9,880.05]",0.26,0
5804-LEPIM,"[2.0,70.35,139.05]",0.27,0
5697-GOMBF,"[28.0,35.9,973.65]",0.28,0
2739-CACDQ,"[17.0,82.65,1470.05]",0.29,0
9385-EHGDO,"[35.0,19.85,739.35]",0.3,0
9498-FIMXL,"[8.0,19.2,161.95]",0.31,0
2379-GYFLQ,"[46.0,94.9,4422.95]",0.32,0
0122-OAHPZ,"[7.0,73.85,511.25]",0.33,0
2868-SNELZ,"[2.0,80.6,155.8]",0.34,0
4322-RCYMT,"[68.0,75.8,5293.95]",0.35,0
6680-NENYN,"[43.0,104.6,4759.85]",0.36,0
2088-IEBAU,"[68.0,88.15,6148.45]",0.37,0
7982-VCELR,"[36.0,94.8,3565.65]",0.38,0
1343-EHPYB,"[63.0,103.4,6603.0]",0.39,0
6035-BXTTY,"[32.0,54.65,1830.1]",0.4,0
6885-PKOAM,"[71.0,85.75,6223.8]",0.41,0
7520-HQWJU,"[66.0,67.45,4508.65]",0.42,0
9639-BUJXT,"[63.0,20.5,1328.15]",0.43,0
5924-SNGKP,"[41.0,20.25,865.0]",0.44,0
0021-IKXGC,"[1.0,72.1,72.1]",0.45,0
2034-GDRCN,"[2.0,90.4,168.2]",0.46,0
8966-SNIZF,"[70.0,19.45,1303.5]",0.47,0
6243-OZGFH,"[23.0,44.95,996.85]",0.48,0
4654-DLAMQ,"[64.0,97.0,6430.9]",0.49,0
0513-RBGPE,"[37.0,62.8,2278.75]",0.5,0
5160-UXJED,"[17.0,44.6,681.4]",0.51,1
4115-NZRKS,"[7.0,89.15,574.35]",0.52,1
0219-YTZUE,"[4.0,84.8,371.9]",0.53,1
0623-IIHUG,"[21.0,41.9,840.1]",0.54,1
4572-DVCGN,"[10.0,80.25,846.0]",0.55,1
3351-NGXYI,"[16.0,54.1,889.0]",0.56,1
8984-EYLLL,"[64.0,105.25,6823.4]",0.57,1
9057-MSWCO,"[27.0,30.75,805.1]",0.58,1
9833-TGFHX,"[42.0,97.1,4016.75]",0.59,1
9294-TDIPC,"[5.0,20.2,83.75]",0.6,1
5229-DTFYB,"[41.0,98.8,3959.15]",0.61,1
0104-PPXDV,"[58.0,50.3,2878.55]",0.62,1
5176-LMJXE,"[47.0,20.55,945.7]",0.63,1
3583-KRKMD,"[18.0,75.9,1373.05]",0.64,1
1010-DIAUQ,"[5.0,96.5,492.55]",0.65,1
9069-LGEUL,"[23.0,59.95,1406.0]",0.66,1
7302-ZHMHP,"[1.0,19.15,19.15]",0.67,1
9571-EDEBV,"[71.0,98.65,6962.85]",0.68,1
3520-FJGCV,"[72.0,112.6,8126.65]",0.69,1
6563-VRERX,"[33.0,20.6,690.25]",0.7,1
0259-GBZSH,"[2.0,85.65,181.5]",0.71,1
6122-EFVKN,"[24.0,35.75,830.8]",0.72,1
2805-EDJPQ,"[56.0,99.75,5608.4]",0.73,1
6862-CQUMB,"[37.0,96.1,3646.8]",0.74,1
7156-MXBJE,"[43.0,85.1,3662.25]",0.75,1
6158-HDPXZ,"[1.0,25.35,25.35]",0.76,1
9601-BRXPO,"[25.0,104.95,2566.5]",0.77,1
2863-IMQDR,"[61.0,89.65,5308.7]",0.78,1
5686-CMAWK,"[17.0,86.75,1410.25]",0.79,1
5651-CRHKQ,"[41.0,86.2,3339.05]",0.8,1
6905-NIQIN,"[1.0,50.65,50.65]",0.81,1
8204-YJCLA,"[72.0,64.8,4732.35]",0.82,1
5167-ZFFMM,"[1.0,90.85,90.85]",0.83,1
6583-SZVGP,"[48.0,108.1,5067.45]",0.84,1
4895-TMWIR,"[11.0,19.95,214.75]",0.85,1
0533-BNWKF,"[55.0,85.45,4874.7]",0.86,1
1708-PBBOA,"[42.0,54.75,2348.45]",0.87,1
8782-LKFPK,"[44.0,90.4,4063.0]",0.88,1
5522-JBWMO,"[1.0,44.0,44.0]",0.89,1
3597-MVHJT,"[27.0,95.6,2595.25]",0.9,1
9774-NRNAU,"[27.0,84.8,2309.55]",0.91,1
0224-RLWWD,"[2.0,44.3,89.3]",0.92,1
9967-ATRFS,"[19.0,19.9,367.55]",0.93,1
3951-NJCVI,"[42.0,95.05,3944.5]",0.94,1
2977-CEBSX,"[66.0,90.05,5965.95]",0.95,1
0177-PXBAT,"[33.0,109.9,3694.7]",0.96,1
6599-CEBNN,"[34.0,73.95,2524.45]",0.97,1
2519-ERQOJ,"[33.0,54.6,1803.7]",0.98,1
5876-QMYLD,"[23.0,20.05,415.1]",0.99,1
2277-AXSDC,"[32.0,19.75,624.15]",0.0,0
9442-JTWDL,"[11.0,20.05,237.7]",0.01,0
0979-PHULV,"[69.0,99.45,7007.6]",0.02,0
3067-SVMTC,"[68.0,55.9,3848.8]",0.03,0
5495-GPSRW,"[20.0,19.7,419.4]",0.04,0
7606-BPHHN,"[72.0,19.8,1468.75]",0.05,0
4742-DRORA,"[60.0,95.4,5812.0]",0.06,0
0111-KLBQG,"[32.0,93.95,2861.45]",0.07,0
4800-VHZKI,"[1.0,19.9,19.9]",0.08,0
7989-CHGTL,"[1.0,19.6,19.6]",0.09,0
0334-GDDSO,"[3.0,81.35,233.7]",0.1,0
4163-NCJAK,"[46.0,24.45,1066.15]",0.11,0
5233-AOZUF,"[29.0,74.95,2149.05]",0.12,0
5973-EJGDP,"[51.0,87.35,4473.0]",0.13,0
1996-DBMUS,"[48.0,70.65,3545.05]",0.14,0
7916-VCCPB,"[16.0,73.25,1195.75]",0.15,0
4686-GEFRM,"[70.0,98.7,6858.9]",0.16,0
5249-QYHEX,"[40.0,24.8,1024.7]",0.17,0
0578-SKVMF,"[22.0,83.3,1845.9]",0.18,0
5564-NEMQO,"[1.0,75.3,75.3]",0.19,0
2233-FAGXV,"[5.0,24.3,132.25]",0.2,0
5605-IYGFG,"[7.0,69.85,515.45]",0.21,0
7663-ZTEGJ,"[29.0,100.55,2830.45]",0.22,0
3935-TBRZZ,"[44.0,25.7,1110.5]",0.23,0
8111-BKVDS,"[10.0,40.7,449.3]",0.24,0
2055-SIFSS,"[55.0,51.65,2838.55]",0.25,0
2806-MLNTI,"[52.0,105.1,5376.4]",0.26,0
8734-DKSTZ,"[10.0,85.95,858.6]",0.27,0
4360-PNRQB,"[18.0,75.6,1395.05]",0.28,0
6152-ONASV,"[68.0,58.25,3975.7]",0.29,0
9063-ZGTUY,"[61.0,19.4,1182.55]",0.3,0
7781-HVGMK,"[72.0,65.2,4784.45]",0.31,0
2181-UAESM,"[2.0,53.45,119.5]",0.32,0
2957-LOLHO,"[12.0,45.4,518.9]",0.33,0
6048-NJXHX,"[41.0,19.75,899.45]",0.34,0
2320-SLKMB,"[26.0,44.45,1183.8]",0.35,0
4980-URKXC,"[36.0,20.85,720.05]",0.36,0
4376-KFVRS,"[72.0,114.05,8468.2]",0.37,0
5886-VLQVU,"[35.0,89.85,3161.2]",0.38,0
3577-AMVUX,"[1.0,55.05,55.05]",0.39,0
0771-WLCLA,"[16.0,112.95,1882.55]",0.4,0
5628-RKIFK,"[49.0,101.55,5070.4]",0.41,0
0206-TBWLC,"[54.0,114.65,6049.5]",0.42,0
2937-FTHUR,"[18.0,64.8,1166.7]",0.43,0
1910-FMXJM,"[36.0,80.4,2937.65]",0.44,0
7752-XUSCI,"[60.0,105.9,6396.45]",0.45,0
4110-PFEUZ,"[1.0,69.55,69.55]",0.46,0
0732-OCQOC,"[52.0,25.05,1270.25]",0.47,0
5168-MSWXT,"[8.0,94.75,759.55]",0.48,0
1090-ESELR,"[72.0,105.5,7611.55]",0.49,0
8592-PLTMQ,"[64.0,24.7,1642.75]",0.5,0
5760-WRAHC,"[22.0,69.75,1545.4]",0.51,1
8847-GEOOQ,"[60.0,60.2,3582.4]",0.52,1
0256-LTHVJ,"[28.0,81.05,2227.1]",0.53,1
4785-FCIFB,"[61.0,24.4,1417.9]",0.54,1
8313-NDOIA,"[24.0,104.15,2494.65]",0.55,1
5149-CUZUJ,"[28.0,92.9,2768.35]",0.56,1
0942-KOWSM,"[30.0,80.8,2369.3]",0.57,1
4237-CLSMM,"[2.0,20.0,38.0]",0.58,1
1452-VOQCH,"[1.0,75.1,75.1]",0.59,1
4719-UMSIY,"[6.0,19.65,100.9]",0.6,1
6614-VBEGU,"[24.0,69.45,1614.05]",0.61,1
0880-TKATG,"[4.0,101.15,385.9]",0.62,1
3811-VBYBZ,"[7.0,99.8,673.25]",0.63,1
1480-BKXGA,"[72.0,116.05,8404.9]",0.64,1
2996-XAUVF,"[70.0,40.05,2799.75]",0.65,1
9076-AXYIK,"[64.0,102.1,6538.45]",0.66,1
5968-XQIVE,"[72.0,89.7,6588.95]",0.67,1
8896-RAZCR,"[44.0,19.9,868.1]",0.68,1
4640-UHDOS,"[13.0,55.95,734.35]",0.69,1
4933-IKULF,"[17.0,20.65,330.6]",0.7,1
3583-EKAPL,"[1.0,55.0,55.0]",0.71,1
1304-BCCFO,"[9.0,70.05,564.4]",0.72,1
4104-PVRPS,"[24.0,53.6,1315.35]",0.73,1
9399-APLBT,"[1.0,74.7,74.7]",0.74,1
2359-KMGLI,"[24.0,80.25,1861.5]",0.75,1
3780-DDGSE,"[35.0,76.05,2747.2]",0.76,1
4431-EDMIQ,"[7.0,75.7,554.05]",0.77,1
0306-JAELE,"[5.0,96.1,453.4]",0.78,1
6227-HWPWX,"[15.0,69.0,994.8]",0.79,1
0486-LGCCH,"[11.0,19.65,225.75]",0.8,1
0447-BEMNG,"[48.0,45.3,2145.0]",0.81,1
4612-SSVHJ,"[20.0,81.45,1671.6]",0.82,1
5168-MQQCA,"[72.0,108.5,8003.8]",0.83,1
5949-XIKAE,"[8.0,83.55,680.05]",0.84,1
7971-HLVXI,"[72.0,84.5,6130.85]",0.85,1
9094-AZPHK,"[15.0,100.15,1415.0]",0.86,1
3649-JPUGY,"[72.0,88.6,6201.95]",0.87,1
4472-LVYGI,"[0.0,52.55,0.0]",0.88,1
8372-JUXUI,"[1.0,74.35,74.35]",0.89,1
3552-CTCYF,"[63.0,104.8,6597.25]",0.9,1
6778-YSNIH,"[2.0,59.0,114.15]",0.91,1
0388-EOPEX,"[2.0,74.4,139.4]",0.92,1
5756-OZRIO,"[61.0,64.05,3902.6]",0.93,1
6579-JPICP,"[1.0,20.4,20.4]",0.94,1
8205-OTCHB,"[22.0,43.75,903.6]",0.95,1
4134-BSXLX,"[28.0,60.9,1785.65]",0.96,1
0505-SPOOW,"[70.0,19.8,1397.65]",0.97,1
6235-VDHOM,"[5.0,28.45,131.05]",0.98,1
7783-YKGDV,"[12.0,99.7,1238.45]",0.99,1
4374-YMUSQ,"[34.0,116.25,3899.05]",0.0,0
4513-CXYIX,"[71.0,80.7,5676.0]",0.01,0
3957-HHLMR,"[70.0,65.2,4543.15]",0.02,0
7803-XOCCZ,"[52.0,84.05,4326.8]",0.03,0
5736-YEJAX,"[69.0,79.45,5502.55]",0.04,0
5609-CEBID,"[20.0,94.1,1782.4]",0.05,0
8981-FJGLA,"[11.0,78.0,851.8]",0.06,0
7218-HKQFK,"[2.0,94.2,167.5]",0.07,0
4636-QRJKY,"[6.0,80.5,502.85]",0.08,0
1135-LMECX,"[1.0,19.85,19.85]",0.09,0
4332-MUOEZ,"[20.0,94.3,1818.3]",0.1,0
8535-SFUTN,"[61.0,106.45,6300.15]",0.11,0
5956-VKDTT,"[5.0,74.35,334.8]",0.12,0
8677-HDZEE,"[56.0,105.45,5916.95]",0.13,0
2475-MROZF,"[30.0,95.0,2852.4]",0.14,0
9412-GHEEC,"[40.0,104.8,4131.95]",0.15,0
3482-ABPKK,"[28.0,54.3,1546.3]",0.16,0
6705-LXORM,"[5.0,70.05,302.6]",0.17,0
0257-ZESQC,"[27.0,75.2,1929.35]",0.18,0
7531-GQHME,"[12.0,20.05,265.45]",0.19,0
5174-ITUMV,"[67.0,105.4,6989.45]",0.2,0
4109-CYRBD,"[29.0,51.6,1442.0]",0.21,0
0913-XWSCN,"[55.0,85.5,4713.4]",0.22,0
6825-UYPFK,"[23.0,75.6,1758.6]",0.23,0
8397-MVTAZ,"[34.0,100.05,3480.0]",0.24,0
0750-EBAIU,"[52.0,91.25,4738.3]",0.25,0
8606-CIQUL,"[72.0,115.75,8399.15]",0.26,0
3571-DPYUH,"[58.0,94.7,5430.35]",0.27,0
7601-GNDYK,"[35.0,19.6,686.95]",0.28,0
0356-OBMAC,"[56.0,99.9,5706.3]",0.29,0
8067-NIOYM,"[24.0,21.1,490.65]",0.3,0
1403-GYAFU,"[70.0,20.05,1360.25]",0.31,0
4234-XTNEA,"[2.0,79.95,174.45]",0.32,0
1297-VQDRP,"[68.0,107.15,7379.8]",0.33,0
9282-IZGQK,"[1.0,85.0,85.0]",0.34,0
5348-CAGXB,"[12.0,89.55,1021.75]",0.35,0
0621-HJWXJ,"[63.0,81.55,5029.05]",0.36,0
5844-QVTAT,"[33.0,58.45,1955.4]",0.37,0
8905-IAZPF,"[69.0,95.65,6744.2]",0.38,0
5394-MEITZ,"[60.0,80.6,4946.7]",0.39,0
6859-QNXIQ,"[72.0,113.1,8248.5]",0.4,0
2782-LFZVW,"[11.0,58.95,601.6]",0.41,0
2866-IKBTM,"[1.0,19.55,19.55]",0.42,0
1342-JPNKI,"[10.0,86.05,834.1]",0.43,0
2817-NTQDO,"[13.0,45.55,597.0]",0.44,0
7129-AZJDE,"[34.0,78.95,2647.2]",0.45,0
6986-IJDHX,"[39.0,86.3,3266.0]",0.46,0
2560-PPCHE,"[65.0,105.05,6744.25]",0.47,0
4676-MQUEA,"[50.0,101.9,5265.5]",0.48,0
8138-EALND,"[15.0,19.75,311.6]",0.49,0
3580-HYCSP,"[72.0,110.3,7966.9]",0.5,0
1352-HNSAW,"[72.0,115.6,8220.4]",0.51,1
2075-PUEPR,"[55.0,19.35,1153.25]",0.52,1
1982-FEBTD,"[23.0,25.6,514.75]",0.53,1
5301-GAUUY,"[32.0,80.35,2596.15]",0.54,1
5791-KAJFD,"[56.0,68.75,3808.0]",0.55,1
2654-VBVPB,"[1.0,19.9,19.9]",0.56,1
1154-HYWWO,"[38.0,70.6,2708.2]",0.57,1
2501-XWWTZ,"[11.0,70.2,760.05]",0.58,1
3716-UVSPD,"[1.0,49.3,49.3]",0.59,1
6815-ABQFQ,"[56.0,107.25,6033.3]",0.6,1
7343-EOBEU,"[3.0,23.6,89.05]",0.61,1
3701-SFMUH,"[7.0,69.7,516.15]",0.62,1
6103-LIANB,"[59.0,99.5,5861.75]",0.63,1
7319-VENRZ,"[7.0,64.3,445.95]",0.64,1
5846-NEQVZ,"[71.0,70.85,4973.4]",0.65,1
6967-QIQRV,"[15.0,101.9,1667.25]",0.66,1
5781-RFZRP,"[71.0,73.5,5357.75]",0.67,1
0939-YAPAF,"[35.0,100.25,3527.6]",0.68,1
0308-IVGOK,"[11.0,40.4,422.6]",0.69,1
7293-LSCDV,"[60.0,19.25,1103.25]",0.7,1
7025-WCBNE,"[47.0,59.6,2754.0]",0.71,1
5756-JYOJT,"[11.0,64.9,697.25]",0.72,1
4710-FDUIZ,"[56.0,100.3,5614.45]",0.73,1
6030-REHUX,"[28.0,110.85,3204.4]",0.74,1
9548-LIGTA,"[61.0,81.05,4747.65]",0.75,1
5150-LJNSR,"[31.0,98.05,3082.1]",0.76,1
8270-RKSAP,"[9.0,70.5,597.9]",0.77,1
6522-YRBXD,"[35.0,94.55,3365.4]",0.78,1
2640-LYMOV,"[2.0,19.65,38.8]",0.79,1
1218-VKFPE,"[12.0,19.0,233.55]",0.8,1
3627-FHKBK,"[1.0,75.3,75.3]",0.81,1
2865-TCHJW,"[4.0,89.2,346.2]",0.82,1
1423-BMPBQ,"[1.0,19.0,19.0]",0.83,1
2393-DIVAI,"[3.0,20.0,61.7]",0.84,1
5192-EBGOV,"[1.0,85.7,85.7]",0.85,1
4568-KNYWR,"[52.0,63.25,3342.45]",0.86,1
8752-IMQOS,"[5.0,20.1,85.1]",0.87,1
0742-LAFQK,"[72.0,99.15,7422.1]",0.88,1
0795-LAFGP,"[71.0,90.4,6668.05]",0.89,1
0619-OLYUR,"[72.0,111.9,8071.05]",0.9,1
5512-IDZEI,"[46.0,24.9,1174.8]",0.91,1
0459-SPZHJ,"[63.0,83.5,5435.0]",0.92,1
0215-BQKGS,"[30.0,84.3,2438.6]",0.93,1
9244-ZVAPM,"[1.0,45.6,45.6]",0.94,1
0719-SYFRB,"[12.0,61.65,713.75]",0.95,1
8208-EUMTE,"[16.0,54.85,916.15]",0.96,1
5172-MIGPM,"[4.0,65.55,237.2]",0.97,1
1710-RCXUS,"[51.0,90.35,4614.55]",0.98,1
0374-FIUCA,"[65.0,20.4,1414.45]",0.99,1
5839-SUYVZ,"[16.0,74.55,1170.5]",0.0,0
5173-ZXXXL,"[2.0,19.95,47.7]",0.01,0
1096-ADRUX,"[66.0,74.25,4859.25]",0.02,0
2001-MCUUW,"[46.0,108.65,4903.2]",0.03,0
2731-GJRDG,"[32.0,109.55,3608.0]",0.04,0
4723-BEGSG,"[72.0,86.65,6094.25]",0.05,0
6516-NKQBO,"[38.0,81.0,3084.9]",0.06,0
8672-OAUPW,"[51.0,47.85,2356.75]",0.07,0
8207-DMRVL,"[72.0,114.55,8306.05]",0.08,0
3419-SNJJD,"[65.0,105.25,6786.4]",0.09,0
6543-CPZMK,"[9.0,29.95,248.95]",0.1,0
4765-OXPPD,"[9.0,65.0,663.05]",0.11,0
2804-ETQDK,"[66.0,20.55,1357.1]",0.12,0
6689-VRRTK,"[44.0,109.8,4860.35]",0.13,0
7138-GIRSH,"[50.0,69.5,3418.2]",0.14,0
9396-ZSFLL,"[15.0,48.85,631.4]",0.15,0
6464-KEXXH,"[8.0,25.25,186.3]",0.16,0
7134-MJPDY,"[66.0,102.85,6976.75]",0.17,0
5240-CAOYT,"[57.0,87.55,4884.85]",0.18,0
4059-IIEBK,"[7.0,78.55,522.95]",0.19,0
4881-JVQOD,"[10.0,34.55,362.6]",0.2,0
0516-UXRMT,"[62.0,92.05,5755.8]",0.21,0
4851-BQDNX,"[40.0,85.05,3355.65]",0.22,0
5148-HKFIR,"[20.0,19.7,406.95]",0.23,0
1009-IRMNA,"[7.0,20.0,137.6]",0.24,0
3003-CMDUU,"[25.0,95.15,2395.7]",0.25,0
5016-IBERQ,"[23.0,84.25,1968.1]",0.26,0
6797-UCJHZ,"[66.0,104.6,6819.45]",0.27,0
2469-DTSGX,"[72.0,111.65,7943.45]",0.28,0
4554-YGZIH,"[49.0,90.05,4547.25]",0.29,0
5099-BAILX,"[43.0,110.75,4687.9]",0.3,0
9931-KGHOA,"[46.0,55.0,2473.95]",0.31,0
1775-KWJKQ,"[72.0,89.85,6562.9]",0.32,0
7665-VIGUD,"[10.0,20.35,176.3]",0.33,0
9411-TPQQV,"[40.0,54.55,2236.2]",0.34,0
7207-RMRDB,"[65.0,105.5,6985.65]",0.35,0
7954-MLBUN,"[31.0,99.45,3109.9]",0.36,0
2077-DDHJK,"[68.0,70.9,4911.35]",0.37,0
4913-EHYUI,"[56.0,104.55,5794.65]",0.38,0
0195-IESCP,"[10.0,85.25,855.3]",0.39,0
9574-BOSMD,"[68.0,25.4,1620.2]",0.4,0
4580-TMHJU,"[43.0,56.15,2499.3]",0.41,0
0970-ETWGE,"[1.0,89.55,89.55]",0.42,0
4908-XAXAY,"[49.0,89.85,4287.2]",0.43,0
8404-VLQFB,"[15.0,25.25,394.85]",0.44,0
1626-ERCMM,"[20.0,94.55,1899.65]",0.45,0
0887-HJGAR,"[1.0,45.7,45.7]",0.46,0
2391-IPLOP,"[50.0,69.65,3442.15]",0.47,0
5644-PDMZC,"[2.0,89.5,161.5]",0.48,0
3509-GWQGF,"[24.0,70.0,1732.6]",0.49,0
9576-ANLXO,"[3.0,69.55,222.3]",0.5,0
2024-BASKD,"[1.0,74.6,74.6]",0.51,1
5845-BZZIB,"[35.0,20.1,655.3]",0.52,1
1140-UKVZG,"[17.0,24.8,475.25]",0.53,1
4160-AMJTL,"[8.0,19.65,164.3]",0.54,1
5183-SNMJQ,"[10.0,95.1,865.1]",0.55,1
8100-PNJMH,"[68.0,88.85,6132.7]",0.56,1
7838-LAZFO,"[45.0,78.8,3597.5]",0.57,1
4464-JCOLN,"[2.0,19.85,35.9]",0.58,1
2085-JVGAD,"[37.0,20.35,697.65]",0.59,1
5650-VDUDS,"[4.0,24.25,96.05]",0.6,1
8095-WANWK,"[10.0,45.25,428.7]",0.61,1
3030-ZKIWL,"[1.0,20.05,20.05]",0.62,1
9565-FLVCG,"[65.0,69.55,4459.15]",0.63,1
8755-OGKNA,"[57.0,19.5,1167.6]",0.64,1
2800-VEQXM,"[3.0,74.75,238.1]",0.65,1
7538-GWHML,"[2.0,69.65,145.15]",0.66,1
5533-RJFTJ,"[49.0,30.2,1453.1]",0.67,1
3859-CVCET,"[4.0,45.65,191.05]",0.68,1
0214-JHPFW,"[70.0,57.8,4039.3]",0.69,1
5642-MHDQT,"[53.0,19.85,1039.45]",0.7,1
3088-FVYWK,"[53.0,25.55,1336.1]",0.71,1
3276-HDUEG,"[1.0,75.05,75.05]",0.72,1
9092-GDZKO,"[22.0,24.85,493.4]",0.73,1
0823-HSCDJ,"[52.0,49.15,2550.9]",0.74,1
3729-OWRVL,"[65.0,110.35,7246.15]",0.75,1
2324-AALNO,"[48.0,24.55,1203.95]",0.76,1
0822-GAVAP,"[2.0,34.7,62.25]",0.77,1
5760-IFJOZ,"[3.0,107.95,313.6]",0.78,1
2826-UWHIS,"[45.0,81.4,3775.85]",0.79,1
1448-PWKYE,"[1.0,80.0,80.0]",0.8,1
7501-IWUNG,"[61.0,73.8,4616.05]",0.81,1
4957-TREIR,"[3.0,64.4,195.65]",0.82,1
7251-LJBQN,"[40.0,103.75,4188.4]",0.83,1
8040-MNRTF,"[1.0,71.1,71.1]",0.84,1
1536-HBSWP,"[1.0,49.9,49.9]",0.85,1
5313-FPXWG,"[51.0,24.6,1266.4]",0.86,1
0067-DKWBL,"[2.0,49.25,91.1]",0.87,1
0946-FKYTX,"[52.0,30.1,1623.4]",0.88,1
5076-YVXCM,"[51.0,83.4,4149.45]",0.89,1
8262-COGGB,"[1.0,20.45,20.45]",0.9,1
6663-JOCQO,"[31.0,75.25,2344.5]",0.91,1
9620-QJREV,"[47.0,20.55,1013.05]",0.92,1
2276-YDAVZ,"[3.0,75.1,270.7]",0.93,1
2682-KEVRP,"[22.0,20.05,417.0]",0.94,1
2480-JZOSN,"[1.0,20.65,20.65]",0.95,1
0078-XZMHT,"[72.0,85.15,6316.2]",0.96,1
5896-NPFWW,"[3.0,50.15,168.15]",0.97,1
9978-HYCIN,"[47.0,84.95,4018.05]",0.98,1
8338-QIUNR,"[72.0,66.5,4811.6]",0.99,1
1525-LNLOJ,"[66.0,63.3,4189.7]",0.0,0
9450-TRJUU,"[35.0,83.15,2848.45]",0.01,0
1766-GKNMI,"[29.0,84.9,2516.2]",0.02,0
6942-LBFDP,"[2.0,20.55,33.6]",0.03,0
1456-TWCGB,"[4.0,49.25,208.45]",0.04,0
7133-VBDCG,"[25.0,79.85,2015.35]",0.05,0
7596-ZYWBB,"[65.0,59.6,3739.8]",0.06,0
8329-UTMVM,"[27.0,104.65,2964.0]",0.07,0
3014-WJKSM,"[29.0,75.3,2263.4]",0.08,0
3347-YJZZE,"[29.0,80.1,2211.8]",0.09,0
1029-QFBEN,"[1.0,19.55,19.55]",0.1,0
7929-DMBCV,"[20.0,81.0,1683.7]",0.11,0
9661-JALZV,"[58.0,24.7,1519.0]",0.12,0
5433-KYGHE,"[14.0,86.0,1164.05]",0.13,0
4312-KFRXN,"[72.0,25.4,1710.9]",0.14,0
5575-TPIZQ,"[46.0,89.15,4245.55]",0.15,0
0114-IGABW,"[71.0,58.25,4145.9]",0.16,0
9944-AEXBM,"[32.0,85.65,2664.3]",0.17,0
1853-ARAAQ,"[26.0,50.35,1277.5]",0.18,0
6952-OMNWB,"[68.0,80.35,5589.3]",0.19,0
4697-LUPSU,"[2.0,20.2,34.75]",0.2,0
8434-VGEQQ,"[61.0,20.55,1305.95]",0.21,0
4952-YSOGZ,"[4.0,85.95,381.3]",0.22,0
1589-AGTLK,"[3.0,45.35,141.5]",0.23,0
5244-IRFIH,"[33.0,94.5,3105.55]",0.24,0
6549-YMFAW,"[9.0,21.25,204.55]",0.25,0
4950-HKQTE,"[22.0,26.25,605.9]",0.26,0
6786-OBWQR,"[5.0,80.85,356.1]",0.27,0
2684-EIWEO,"[30.0,91.7,2758.15]",0.28,0
2753-JMMCV,"[65.0,74.2,4805.65]",0.29,0
6439-GTPCA,"[45.0,87.25,3941.7]",0.3,0
6621-YOBKI,"[5.0,20.35,92.75]",0.31,0
1216-JWVUX,"[25.0,75.5,1901.05]",0.32,0
7564-GHCVB,"[72.0,79.05,5730.7]",0.33,0
1173-NOEYG,"[27.0,90.15,2423.4]",0.34,0
7595-EHCDL,"[32.0,50.6,1653.45]",0.35,0
6647-ZEDXT,"[30.0,110.45,3327.05]",0.36,0
2521-NPUZR,"[70.0,101.0,7085.5]",0.37,0
1307-TVUFB,"[42.0,79.35,3344.1]",0.38,0
7503-MIOGA,"[72.0,89.85,6697.35]",0.39,0
4381-MHQDC,"[47.0,65.0,2879.9]",0.4,0
6923-JHPMP,"[2.0,80.45,137.1]",0.41,0
5138-WVKYJ,"[10.0,98.55,1008.55]",0.42,0
4018-PPNDW,"[61.0,24.1,1551.6]",0.43,0
1635-FJFCC,"[5.0,44.05,202.15]",0.44,0
2499-AJYUA,"[72.0,110.8,7882.25]",0.45,0
6919-ELBGL,"[72.0,114.95,8196.4]",0.46,0
3966-HRMZA,"[3.0,75.05,202.9]",0.47,0
6425-JWTDV,"[48.0,19.25,855.1]",0.48,0
8405-IGQFX,"[63.0,90.05,5817.0]",0.49,0
8224-IVVPA,"[27.0,56.7,1652.95]",0.5,0
9477-LGWQI,"[70.0,80.15,5600.15]",0.51,1
1410-RSCMR,"[7.0,71.35,515.75]",0.52,1
3115-CZMZD,"[0.0,20.25,0.0]",0.53,1
0139-IVFJG,"[2.0,90.35,190.5]",0.54,1
6683-VLCTZ,"[20.0,98.55,1842.8]",0.55,1
5730-DBDSI,"[66.0,19.7,1253.8]",0.56,1
0030-FNXPP,"[3.0,19.85,57.2]",0.57,1
2189-WWOEW,"[15.0,85.9,1269.55]",0.58,1
5684-FJVYR,"[72.0,90.35,6563.4]",0.59,1
4013-GUXND,"[1.0,20.8,20.8]",0.6,1
1894-IGFSG,"[22.0,89.25,1907.85]",0.61,1
7379-POKDZ,"[3.0,70.3,208.85]",0.62,1
1266-NZYUI,"[72.0,66.85,4758.8]",0.63,1
7969-FFOWG,"[65.0,19.9,1292.6]",0.64,1
4718-DHSMV,"[11.0,35.8,363.15]",0.65,1
5175-WLYXL,"[22.0,78.85,1600.25]",0.66,1
7817-OMJNA,"[14.0,20.4,275.7]",0.67,1
8728-SKJLR,"[41.0,74.25,3089.1]",0.68,1
3137-NYQQI,"[17.0,64.8,1175.6]",0.69,1
7706-DZNKK,"[11.0,20.45,237.3]",0.7,1
0236-HFWSV,"[15.0,93.35,1444.65]",0.71,1
3900-AQPHZ,"[1.0,19.9,19.9]",0.72,1
5842-POCOP,"[5.0,88.9,454.15]",0.73,1
2037-XJFUP,"[33.0,95.8,3036.75]",0.74,1
8823-RLPWL,"[72.0,110.65,8065.65]",0.75,1
9505-SQFSW,"[3.0,40.3,92.5]",0.76,1
7314-OXENN,"[2.0,82.0,184.65]",0.77,1
3758-CKOQL,"[59.0,107.0,6152.3]",0.78,1
0322-CHQRU,"[2.0,45.35,89.5]",0.79,1
5676-CFLYY,"[71.0,73.35,5154.5]",0.8,1
7521-AFHAB,"[5.0,44.8,220.45]",0.81,1
0285-INHLN,"[27.0,54.75,1510.3]",0.82,1
4678-DVQEO,"[1.0,52.2,52.2]",0.83,1
5125-CNDSP,"[63.0,40.6,2588.95]",0.84,1
0691-IFBQW,"[46.0,110.0,4874.8]",0.85,1
4992-LTJNE,"[72.0,55.3,3983.6]",0.86,1
2202-OUTMO,"[34.0,60.85,2003.6]",0.87,1
0810-BDHAW,"[24.0,78.4,1832.4]",0.88,1
0229-LFJAF,"[72.0,69.65,4908.25]",0.89,1
7131-ZQZNK,"[60.0,59.85,3590.2]",0.9,1
3442-ZHHCC,"[68.0,76.9,5023.0]",0.91,1
5726-CVNYA,"[8.0,19.85,146.6]",0.92,1
9871-ELEYA,"[34.0,67.65,2339.3]",0.93,1
4257-GAESD,"[6.0,45.0,298.7]",0.94,1
5173-WXOQV,"[2.0,64.2,143.65]",0.95,1
2040-OBMLJ,"[31.0,81.7,2548.65]",0.96,1
6286-ZHAOK,"[20.0,25.55,507.4]",0.97,1
3807-XHCJH,"[1.0,20.0,20.0]",0.98,1
3009-JWMPU,"[62.0,96.75,6125.4]",0.99,1
5671-RQRLP,"[70.0,75.65,5411.4]",0.0,0
1450-GALXR,"[10.0,98.5,1058.25]",0.01,0
8859-AXJZP,"[39.0,23.8,903.8]",0.02,0
3174-AKMAS,"[46.0,64.2,3009.5]",0.03,0
3138-BKYAV,"[6.0,85.35,489.45]",0.04,0
9926-PJHDQ,"[72.0,76.8,5468.45]",0.05,0
7382-DFJTU,"[18.0,55.2,1058.1]",0.06,0
2798-NYLMZ,"[71.0,108.55,7616.0]",0.07,0
4289-DTDKW,"[40.0,101.3,4113.1]",0.08,0
1820-TQVEV,"[1.0,69.55,69.55]",0.09,0
2239-JALAW,"[58.0,103.25,6017.65]",0.1,0
4853-RULSV,"[70.0,104.0,7250.15]",0.11,0
8098-TDCBU,"[42.0,25.25,1108.2]",0.12,0
3551-GAEGL,"[34.0,30.4,938.65]",0.13,0
4785-NKHCX,"[5.0,20.05,94.15]",0.14,0
3196-NVXLZ,"[25.0,84.6,2088.05]",0.15,0
6275-YDUVO,"[2.0,86.2,178.7]",0.16,0
0036-IHMOT,"[55.0,103.7,5656.75]",0.17,0
0115-TFERT,"[21.0,111.2,2317.1]",0.18,0
4178-EGMON,"[70.0,88.0,5986.45]",0.19,0
4220-TINQT,"[61.0,106.35,6751.35]",0.2,0
5318-YKDPV,"[43.0,79.15,3566.6]",0.21,0
7975-TZMLR,"[47.0,103.1,4889.3]",0.22,0
0295-QVKPB,"[5.0,63.95,318.1]",0.23,0
4335-BSMJS,"[62.0,25.8,1563.95]",0.24,0
2311-QYMUQ,"[16.0,89.45,1430.25]",0.25,0
3643-AHCFP,"[7.0,95.6,644.35]",0.26,0
9146-JRIOX,"[14.0,25.55,372.45]",0.27,0
3104-OWCGK,"[60.0,90.95,5453.4]",0.28,0
5337-IIWKZ,"[34.0,44.85,1442.6]",0.29,0
9101-BWFSS,"[50.0,108.55,5610.7]",0.3,0
9650-VBUOG,"[38.0,25.05,963.95]",0.31,0
3487-EARAT,"[70.0,74.1,5222.3]",0.32,0
2672-TGEFF,"[37.0,88.8,3340.55]",0.33,0
9231-ZJYAM,"[4.0,78.85,292.8]",0.34,0
4250-WAROZ,"[60.0,93.25,5774.55]",0.35,0
8184-WMOFI,"[62.0,71.4,4487.3]",0.36,0
6982-SSHFK,"[1.0,44.4,44.4]",0.37,0
6092-QZVPP,"[36.0,79.2,2854.95]",0.38,0
4625-LAMOB,"[44.0,20.4,905.55]",0.39,0
0727-BMPLR,"[55.0,100.0,5509.3]",0.4,0
0392-BZIUW,"[72.0,105.0,7589.8]",0.41,0
1038-ZAGBI,"[12.0,19.8,229.6]",0.42,0
6549-NNDYT,"[13.0,30.85,394.1]",0.43,0
3027-ZTDHO,"[1.0,89.9,89.9]",0.44,0
0422-OHQHQ,"[15.0,20.55,295.95]",0.45,0
6916-HIJSE,"[65.0,84.85,5459.2]",0.46,0
2316-ESMLS,"[12.0,33.15,444.75]",0.47,0
9778-OGKQZ,"[72.0,92.0,6782.15]",0.48,0
7408-OFWXJ,"[72.0,89.8,6510.45]",0.49,0
6007-TCTST,"[72.0,115.8,8476.5]",0.5,0
2252-NKNSI,"[52.0,85.15,4461.85]",0.51,1
8713-IGZSO,"[2.0,24.85,62.0]",0.52,1
7905-TVXTA,"[5.0,64.35,352.65]",0.53,1
7695-PKLCZ,"[68.0,20.5,1424.9]",0.54,1
2382-BCKQJ,"[62.0,100.15,6413.65]",0.55,1
8374-UULRV,"[72.0,86.05,6309.65]",0.56,1
2207-NHRJK,"[1.0,50.8,50.8]",0.57,1
3224-DFQNQ,"[66.0,89.0,5898.6]",0.58,1
5275-PMFUT,"[72.0,64.8,4719.75]",0.59,1
4795-UXVCJ,"[26.0,19.8,457.3]",0.6,1
9777-IQHWP,"[64.0,93.4,5822.3]",0.61,1
0947-MUGVO,"[20.0,73.65,1463.5]",0.62,1
9944-HKVVB,"[3.0,95.1,307.4]",0.63,1
4124-MMETB,"[22.0,94.65,2104.55]",0.64,1
3671-SHRSP,"[4.0,80.6,319.15]",0.65,1
0979-MOZQI,"[62.0,39.0,2337.45]",0.66,1
2732-ISEZX,"[5.0,20.5,104.3]",0.67,1
3313-QKNKB,"[59.0,85.55,5084.65]",0.68,1
0323-XWWTN,"[3.0,26.4,121.25]",0.69,1
1937-OTUKY,"[72.0,98.2,7015.9]",0.7,1
1573-LGXBA,"[57.0,97.55,5598.0]",0.71,1
1764-VUUMT,"[66.0,19.95,1269.1]",0.72,1
5073-WXOYN,"[60.0,50.8,3027.4]",0.73,1
4713-ZBURT,"[45.0,99.7,4634.35]",0.74,1
3050-GBUSH,"[3.0,34.8,113.95]",0.75,1
0207-MDKNV,"[15.0,105.1,1582.75]",0.76,1
7876-AEHIG,"[51.0,60.15,3077.0]",0.77,1
7945-HLKEA,"[60.0,64.75,4039.5]",0.78,1
9342-VNIMQ,"[33.0,54.65,1665.2]",0.79,1
9851-KIELU,"[10.0,110.1,1043.3]",0.8,1
3523-BRGUW,"[26.0,19.3,504.2]",0.81,1
3908-BLSYF,"[6.0,83.9,497.55]",0.82,1
3199-NPKCN,"[67.0,111.25,7511.65]",0.83,1
5170-PTRKA,"[49.0,35.8,1782.0]",0.84,1
4661-NJEUX,"[1.0,20.05,20.05]",0.85,1
2123-AGEEN,"[7.0,84.35,609.65]",0.86,1
1258-YMZNM,"[27.0,110.5,2857.6]",0.87,1
0048-LUMLS,"[37.0,91.2,3247.55]",0.88,1
7549-MYGPK,"[63.0,100.55,6215.35]",0.89,1
5898-IGSLP,"[31.0,89.3,2823.0]",0.9,1
3804-RVTGV,"[50.0,103.85,5017.9]",0.91,1
6259-WJQLC,"[32.0,81.1,2619.25]",0.92,1
9227-LUNBG,"[1.0,24.6,24.6]",0.93,1
7997-EASSD,"[63.0,81.2,4965.1]",0.94,1
0730-KOAVE,"[30.0,94.3,2679.7]",0.95,1
8975-SKGRX,"[71.0,116.1,8310.55]",0.96,1
0678-RLHVP,"[53.0,105.55,5682.25]",0.97,1
4315-MURBD,"[12.0,98.9,1120.95]",0.98,1
2267-FPIMA,"[50.0,94.4,4914.9]",0.99,1
1051-GEJLJ,"[2.0,19.5,27.55]",0.0,0
9734-YWGEX,"[9.0,98.3,923.5]",0.01,0
2719-BDAQO,"[17.0,93.85,1625.65]",0.02,0
5285-MVEHD,"[56.0,105.6,6068.65]",0.03,0
0379-DJQHR,"[67.0,81.35,5398.6]",0.04,0
0781-LKXBR,"[9.0,100.5,918.6]",0.05,0
5543-QDCRY,"[4.0,56.4,234.85]",0.06,0
0297-RBCSG,"[19.0,65.35,1231.85]",0.07,0
4694-PHWFW,"[8.0,19.95,170.9]",0.08,0
0835-JKADZ,"[71.0,111.25,7984.15]",0.09,0
1907-UBQFC,"[10.0,72.85,688.65]",0.1,0
7508-SMHXL,"[15.0,89.0,1288.3]",0.11,0
3865-YIOTT,"[72.0,106.1,7848.5]",0.12,0
5993-BQHEA,"[12.0,20.05,267.0]",0.13,0
6024-RUGGH,"[72.0,25.2,1798.9]",0.14,0
6513-EECDB,"[1.0,73.55,73.55]",0.15,0
3956-CJUST,"[23.0,75.4,1643.55]",0.16,0
4079-WWQQQ,"[72.0,65.55,4807.45]",0.17,0
6103-BOCOU,"[26.0,80.7,2193.0]",0.18,0
5149-TGWDZ,"[21.0,104.55,2239.4]",0.19,0
7471-WNSUF,"[60.0,24.15,1505.9]",0.2,0
8942-DBMHZ,"[12.0,20.45,255.35]",0.21,0
4301-VVZKA,"[16.0,75.4,1189.4]",0.22,0
9199-PWQVC,"[63.0,79.7,4786.15]",0.23,0
4824-GUCBY,"[22.0,81.7,1820.9]",0.24,0
5393-HJZSM,"[32.0,76.3,2404.15]",0.25,0
7074-IEVOJ,"[3.0,79.4,205.05]",0.26,0
9625-QSTYE,"[13.0,81.15,952.3]",0.27,0
0862-PRCBS,"[68.0,103.75,7039.45]",0.28,0
8812-ZRHFP,"[30.0,86.45,2538.05]",0.29,0
5146-CBVOE,"[16.0,75.1,1212.85]",0.3,0
0454-OKRCT,"[33.0,80.6,2651.1]",0.31,0
5787-KXGIY,"[72.0,19.3,1304.8]",0.32,0
4750-ZRXIU,"[4.0,84.6,360.1]",0.33,0
4198-VFOEA,"[12.0,33.6,435.45]",0.34,0
6630-UJZMY,"[4.0,83.25,308.05]",0.35,0
5709-LVOEQ,"[0.0,80.85,0.0]",0.36,0
6400-BWQKW,"[6.0,79.05,434.5]",0.37,0
2692-AQCPF,"[65.0,108.05,7118.9]",0.38,0
0347-UBKUZ,"[15.0,19.9,320.45]",0.39,0
0835-DUUIQ,"[24.0,21.05,531.55]",0.4,0
0811-GSDTP,"[13.0,30.15,382.2]",0.41,0
7567-ECMCM,"[24.0,79.85,2001.0]",0.42,0
6115-ZTBFQ,"[72.0,65.5,4919.7]",0.43,0
6353-BRMMA,"[54.0,104.1,5645.8]",0.44,0
6680-WKXRZ,"[3.0,74.4,215.8]",0.45,0
6231-WFGFH,"[4.0,20.5,77.6]",0.46,0
9904-EHEVJ,"[32.0,91.35,2896.55]",0.47,0
7028-DVOIQ,"[35.0,99.05,3395.8]",0.48,0
6169-PPETC,"[35.0,20.5,759.35]",0.49,0
4208-UFFGW,"[2.0,44.95,85.15]",0.5,0
8584-KMVXD,"[8.0,75.6,535.55]",0.51,1
8467-WYNSR,"[22.0,55.1,1253.15]",0.52,1
0851-DFJKB,"[15.0,58.95,955.15]",0.53,1
5382-SOYZL,"[22.0,95.1,2162.6]",0.54,1
9448-REEVD,"[1.0,44.7,44.7]",0.55,1
3261-CQXOL,"[71.0,25.45,1813.35]",0.56,1
8388-FYNPZ,"[4.0,56.75,245.15]",0.57,1
4002-BQWPQ,"[25.0,81.75,2028.8]",0.58,1
5651-YLPRD,"[32.0,86.1,2723.75]",0.59,1
2826-DXLQO,"[7.0,29.8,220.45]",0.6,1
4378-BZYFP,"[17.0,20.5,365.8]",0.61,1
9489-UTFKA,"[8.0,60.9,551.95]",0.62,1
4849-PYRLQ,"[56.0,73.25,4054.2]",0.63,1
9117-SHLZX,"[1.0,45.7,45.7]",0.64,1
9889-TMAHG,"[8.0,100.3,832.35]",0.65,1
4541-RMRLG,"[7.0,19.25,112.3]",0.66,1
7764-BDPEE,"[3.0,20.85,60.65]",0.67,1
3429-IFLEM,"[71.0,77.35,5550.1]",0.68,1
3158-MOERK,"[2.0,96.0,174.8]",0.69,1
7294-TMAOP,"[1.0,90.55,90.55]",0.7,1
5002-GCQFH,"[49.0,93.85,4733.1]",0.71,1
0556-FJEGU,"[58.0,70.1,4048.95]",0.72,1
8919-FYFQZ,"[44.0,30.35,1359.7]",0.73,1
0604-THJFP,"[59.0,75.95,4542.35]",0.74,1
2834-JRTUA,"[71.0,108.05,7532.15]",0.75,1
5875-YPQFJ,"[1.0,69.9,69.9]",0.76,1
5879-SESNB,"[11.0,75.25,888.65]",0.77,1
6646-QVXLR,"[62.0,103.75,6383.35]",0.78,1
6461-PPAXN,"[35.0,54.95,1916.0]",0.79,1
3318-ISQFQ,"[20.0,19.5,413.0]",0.8,1
1106-HRLKZ,"[40.0,19.6,808.95]",0.81,1
2483-XSSMZ,"[39.0,47.85,1886.4]",0.82,1
8603-IJWDN,"[1.0,86.6,86.6]",0.83,1
8165-ZJRNM,"[72.0,23.75,1679.25]",0.84,1
9369-XFEHK,"[33.0,80.6,2656.5]",0.85,1
2604-XVDAM,"[12.0,43.8,540.95]",0.86,1
3717-OFRTN,"[1.0,19.75,19.75]",0.87,1
9046-JBFWA,"[27.0,19.15,537.35]",0.88,1
3280-NMUVX,"[34.0,19.6,678.8]",0.89,1
1206-EHBDD,"[56.0,80.3,4513.65]",0.9,1
8361-LBRDI,"[58.0,24.35,1423.85]",0.91,1
4883-KCPZJ,"[22.0,25.25,555.4]",0.92,1
9108-EQPNQ,"[10.0,26.1,225.55]",0.93,1
7277-KAMWT,"[13.0,20.0,268.45]",0.94,1
3842-IYKUE,"[35.0,85.3,2917.5]",0.95,1
6641-XRPSU,"[34.0,70.0,2416.1]",0.96,1
1374-DMZUI,"[4.0,94.3,424.45]",0.97,1
2545-LXYVJ,"[72.0,20.7,1492.1]",0.98,1
3234-VKACU,"[2.0,70.3,132.4]",0.99,1
8357-EQXFO,"[7.0,95.35,660.9]",0.0,0
1989-PRJHP,"[27.0,75.5,1893.95]",0.01,0
8120-JDCAM,"[4.0,69.55,284.9]",0.02,0
8917-FAEMR,"[37.0,19.85,784.25]",0.03,0
7047-YXDMZ,"[21.0,20.0,417.7]",0.04,0
2858-EIMXH,"[53.0,95.85,5016.25]",0.05,0
9524-EGPJC,"[18.0,90.1,1612.75]",0.06,0
6993-OHLXR,"[2.0,68.95,119.75]",0.07,0
8818-XYFCQ,"[32.0,99.55,3204.65]",0.08,0
6419-ZTTLE,"[23.0,20.75,485.2]",0.09,0
0929-HYQEW,"[3.0,50.15,160.85]",0.1,0
6614-YOLAC,"[71.0,58.65,4145.25]",0.11,0
7426-RHZGU,"[9.0,95.9,827.45]",0.12,0
4065-JJAVA,"[1.0,49.5,49.5]",0.13,0
4695-VADHF,"[18.0,57.45,990.85]",0.14,0
3863-IUBJR,"[12.0,53.65,696.35]",0.15,0
7649-SIJJF,"[71.0,80.1,5585.4]",0.16,0
9361-YNQWJ,"[64.0,24.4,1601.2]",0.17,0
3748-FVMZZ,"[4.0,40.05,162.45]",0.18,0
9391-TTOYH,"[23.0,19.5,470.2]",0.19,0
1452-XRSJV,"[39.0,51.05,2066.0]",0.2,0
3422-WJOYD,"[28.0,54.35,1426.45]",0.21,0
8242-SOQUO,"[5.0,84.7,392.5]",0.22,0
7460-ITWWP,"[45.0,86.1,3861.45]",0.23,0
7147-AYBAA,"[37.0,70.35,2552.9]",0.24,0
7868-TMWMZ,"[60.0,110.0,6668.35]",0.25,0
4822-RVYBB,"[8.0,100.6,819.4]",0.26,0
6732-FZUGP,"[47.0,94.9,4615.25]",0.27,0
8436-BJUMM,"[26.0,83.75,2070.6]",0.28,0
4184-TJFAN,"[3.0,88.3,273.75]",0.29,0
8329-GWVPJ,"[50.0,69.75,3557.7]",0.3,0
1352-VHKAJ,"[27.0,71.6,1957.1]",0.31,0
4145-UQXUQ,"[8.0,92.1,729.95]",0.32,0
2632-TACXW,"[62.0,23.65,1416.75]",0.33,0
8146-QQKZH,"[71.0,81.85,5924.4]",0.34,0
1767-CJKBA,"[66.0,25.1,1697.7]",0.35,0
6445-TNRXS,"[68.0,114.7,7849.85]",0.36,0
4581-LNWUM,"[13.0,49.15,649.4]",0.37,0
4869-EPIUS,"[56.0,80.9,4557.5]",0.38,0
9948-YPTDG,"[38.0,79.45,3013.05]",0.39,0
1236-WFCDV,"[14.0,90.45,1266.1]",0.4,0
1915-OAKWD,"[16.0,19.3,360.35]",0.41,0
7296-PIXQY,"[14.0,70.2,1046.5]",0.42,0
4883-QICIH,"[32.0,69.75,2347.9]",0.43,0
3354-OADJP,"[8.0,54.25,447.75]",0.44,0
3524-WQDSG,"[43.0,99.3,4209.95]",0.45,0
0810-DHDBD,"[52.0,74.0,3877.65]",0.46,0
4026-SKKHW,"[3.0,50.25,152.3]",0.47,0
2829-HYVZP,"[29.0,19.8,572.2]",0.48,0
8329-IBCTI,"[1.0,19.65,19.65]",0.49,0
1271-SJBGZ,"[12.0,43.65,526.95]",0.5,0
3845-JHAMY,"[16.0,35.5,552.7]",0.51,1
7013-PSXHK,"[40.0,80.75,3208.65]",0.52,1
5669-SRAIP,"[5.0,39.5,210.75]",0.53,1
5981-ITEMU,"[40.0,97.1,3706.95]",0.54,1
3486-NPGST,"[36.0,19.55,620.75]",0.55,1
6941-PMGEP,"[5.0,80.0,412.5]",0.56,1
1624-WOIWJ,"[10.0,84.7,832.05]",0.57,1
2074-GKOWZ,"[2.0,89.55,185.55]",0.58,1
0376-YMCJC,"[23.0,90.6,1943.2]",0.59,1
6100-FJZDG,"[26.0,20.05,505.9]",0.6,1
4829-ZLJTK,"[72.0,112.4,8046.85]",0.61,1
1730-VFMWO,"[34.0,50.2,1815.3]",0.62,1
7143-BQIBA,"[10.0,62.25,612.95]",0.63,1
3800-LYTRK,"[14.0,55.7,795.15]",0.64,1
0634-SZPQA,"[23.0,90.05,2169.8]",0.65,1
9646-NMHXE,"[47.0,19.65,973.1]",0.66,1
7030-NJVDP,"[24.0,89.25,2210.2]",0.67,1
5536-RTPWK,"[49.0,99.05,4853.75]",0.68,1
8883-GRDWQ,"[20.0,54.0,1055.9]",0.69,1
6166-ILMNY,"[2.0,69.75,144.55]",0.7,1
3097-NNSPB,"[2.0,49.05,91.1]",0.71,1
7771-ZONAT,"[22.0,56.75,1304.85]",0.72,1
0655-RBDUG,"[7.0,98.05,713.0]",0.73,1
2111-DWYHN,"[1.0,21.1,21.1]",0.74,1
4194-WHFCB,"[59.0,96.65,5580.8]",0.75,1
4121-AGSIN,"[58.0,24.5,1497.9]",0.76,1
4361-BKAXE,"[41.0,114.5,4527.45]",0.77,1
9845-PEEKO,"[59.0,79.2,4590.35]",0.78,1
0455-XFASS,"[3.0,69.55,200.2]",0.79,1
0301-KOBTQ,"[32.0,20.05,614.45]",0.8,1
1751-NCDLI,"[46.0,98.85,4564.9]",0.81,1
4367-NUYAO,"[0.0,25.75,0.0]",0.82,1
9878-TNQGW,"[2.0,80.95,171.15]",0.83,1
9170-ARBTB,"[52.0,19.6,1012.4]",0.84,1
4441-NIHPT,"[13.0,74.3,940.35]",0.85,1
8999-BOHSE,"[11.0,89.7,1047.7]",0.86,1
7241-AJHFS,"[32.0,87.65,2766.4]",0.87,1
7029-RPUAV,"[17.0,100.45,1622.45]",0.88,1
4546-FOKWR,"[16.0,74.75,1129.35]",0.89,1
9036-CSKBW,"[51.0,107.45,5680.9]",0.9,1
5832-TRLPB,"[29.0,75.35,2243.9]",0.91,1
8590-YFFQO,"[70.0,64.95,4523.25]",0.92,1
8659-IOOPU,"[71.0,100.45,7159.7]",0.93,1
1338-CECEE,"[41.0,68.5,2839.95]",0.94,1
7439-DKZTW,"[1.0,80.55,80.55]",0.95,1
4646-QZXTF,"[7.0,81.25,580.1]",0.96,1
4607-CHPCA,"[25.0,90.4,2178.6]",0.97,1
9742-XOKTS,"[67.0,89.55,6038.55]",0.98,1
6921-OZMFH,"[5.0,55.7,259.4]",0.99,1
9578-FOMUK,"[15.0,24.8,324.15]",0.0,0
4712-UYOOI,"[20.0,20.0,417.65]",0.01,0
8824-RWFXJ,"[3.0,56.15,168.15]",0.02,0
7722-CVFXN,"[54.0,105.2,5637.85]",0.03,0
8717-VCTXJ,"[42.0,19.55,839.4]",0.04,0
7363-QTBIW,"[9.0,79.75,769.1]",0.05,0
4159-NAAIX,"[63.0,97.45,6253.0]",0.06,0
0971-QIFJK,"[69.0,24.25,1641.8]",0.07,0
9397-TZSHA,"[69.0,24.6,1678.05]",0.08,0
3391-JSQEW,"[40.0,50.15,2058.5]",0.09,0
0343-QLUZP,"[60.0,39.6,2424.5]",0.1,0
9763-PDTKK,"[4.0,94.4,387.2]",0.11,0
2176-LVPNX,"[71.0,89.85,6293.45]",0.12,0
7627-JKIAZ,"[37.0,78.95,2839.65]",0.13,0
3312-UUMZW,"[32.0,98.85,3145.9]",0.14,0
1271-UODNO,"[39.0,53.85,2200.7]",0.15,0
8461-EFQYM,"[38.0,24.25,914.4]",0.16,0
6900-RBKER,"[52.0,89.45,4577.75]",0.17,0
6891-JPYFF,"[48.0,105.25,4997.5]",0.18,0
1459-QNFQT,"[70.0,59.5,4144.8]",0.19,0
1047-NNCBF,"[20.0,70.55,1493.55]",0.2,0
3696-XRIEN,"[50.0,82.5,4179.1]",0.21,0
4081-DYXAV,"[19.0,44.85,893.55]",0.22,0
0074-HDKDG,"[25.0,61.6,1611.0]",0.23,0
8791-GFXLZ,"[12.0,49.05,593.05]",0.24,0
8111-SLLHI,"[39.0,105.65,4284.8]",0.25,0
0927-LCSMG,"[7.0,74.65,544.55]",0.26,0
9330-DHBFL,"[23.0,66.25,1533.8]",0.27,0
0098-BOWSO,"[27.0,19.4,529.8]",0.28,0
3452-ABWRL,"[47.0,86.05,3865.6]",0.29,0
5859-HZYLF,"[26.0,19.15,515.75]",0.3,0
8257-RZAHR,"[14.0,64.7,941.0]",0.31,0
5293-WXJAK,"[11.0,104.05,1133.65]",0.32,0
3156-QLHBO,"[2.0,19.25,48.35]",0.33,0
2208-NQBCT,"[26.0,81.95,2070.05]",0.34,0
1779-PWPMG,"[72.0,114.65,8333.95]",0.35,0
6621-NRZAK,"[63.0,20.0,1209.25]",0.36,0
0831-JNISG,"[71.0,19.8,1396.25]",0.37,0
0774-IFUVM,"[11.0,65.15,723.35]",0.38,0
3082-WQRVY,"[14.0,19.65,228.65]",0.39,0
9553-DLCLU,"[13.0,88.95,1161.75]",0.4,0
1641-BYBTK,"[6.0,20.2,98.35]",0.41,0
2460-NGXBJ,"[11.0,75.2,775.3]",0.42,0
2446-ZKVAF,"[18.0,56.8,1074.65]",0.43,0
0841-NULXI,"[1.0,35.55,35.55]",0.44,0
3522-CDKHF,"[32.0,75.5,2324.7]",0.45,0
1430-SFQSA,"[29.0,35.6,1072.6]",0.46,0
0411-EZJZE,"[3.0,60.25,170.5]",0.47,0
7851-WZEKY,"[2.0,95.15,196.9]",0.48,0
8844-TONUD,"[13.0,96.65,1162.85]",0.49,0
8807-ARQET,"[41.0,40.35,1677.85]",0.5,0
8992-CEUEN,"[1.0,18.85,18.85]",0.51,1
4320-QMLLA,"[7.0,54.85,370.4]",0.52,1
8777-PVYGU,"[52.0,64.3,3410.6]",0.53,1
8292-ITGYJ,"[45.0,24.65,1138.8]",0.54,1
6870-ZWMNX,"[70.0,76.1,5264.25]",0.55,1
0621-CXBKL,"[53.0,18.7,1005.7]",0.56,1
5268-DSMNQ,"[62.0,97.95,5936.55]",0.57,1
5334-JLAXU,"[60.0,94.1,5475.9]",0.58,1
4086-YQSNZ,"[3.0,80.4,224.05]",0.59,1
6242-MBHPK,"[23.0,95.1,2326.05]",0.6,1
5868-CZJDR,"[1.0,31.35,31.35]",0.61,1
9359-UGBTK,"[67.0,72.35,4991.5]",0.62,1
0135-NMXAP,"[12.0,89.75,1052.4]",0.63,1
4782-OSFXZ,"[71.0,82.7,5831.2]",0.64,1
6479-OAUSD,"[25.0,19.9,510.8]",0.65,1
7129-ACFOG,"[5.0,53.8,283.95]",0.66,1
4189-NAKJS,"[26.0,51.55,1295.4]",0.67,1
5562-BETPV,"[1.0,19.65,19.65]",0.68,1
1282-IHQAC,"[70.0,44.05,3011.65]",0.69,1
9127-FHJBZ,"[72.0,114.0,8093.15]",0.7,1
6270-OMFIW,"[60.0,94.4,5610.25]",0.71,1
1641-RQDAY,"[32.0,100.4,3217.65]",0.72,1
0107-WESLM,"[1.0,19.85,19.85]",0.73,1
6994-ORCWG,"[14.0,54.25,773.2]",0.74,1
1346-UFHAX,"[13.0,80.0,1029.35]",0.75,1
3992-YWPKO,"[6.0,109.9,669.45]",0.76,1
2933-XEUJM,"[46.0,79.2,3593.8]",0.77,1
0125-LZQXK,"[15.0,101.35,1553.95]",0.78,1
5461-QKNTN,"[43.0,94.3,3953.15]",0.79,1
4835-YSJMR,"[39.0,49.8,1971.15]",0.8,1
8399-YNDCH,"[21.0,60.05,1236.15]",0.81,1
3164-YAXFY,"[57.0,53.75,3196.0]",0.82,1
0887-WBJVH,"[53.0,93.45,4872.2]",0.83,1
4660-IRIBM,"[18.0,87.9,1500.5]",0.84,1
5673-FSSMF,"[1.0,60.15,60.15]",0.85,1
7670-ZBPOQ,"[58.0,61.05,3478.75]",0.86,1
8089-UZWLX,"[71.0,104.05,7413.55]",0.87,1
0080-OROZO,"[35.0,99.25,3532.0]",0.88,1
3916-NRPAP,"[3.0,85.7,256.75]",0.89,1
6807-SIWJI,"[38.0,104.85,3887.25]",0.9,1
8221-HVAYI,"[35.0,69.15,2490.15]",0.91,1
1579-KLYDT,"[7.0,90.45,593.45]",0.92,1
5232-NXPAY,"[47.0,74.45,3510.3]",0.93,1
8967-SZQAS,"[14.0,50.45,765.45]",0.94,1
4468-KAZHE,"[20.0,60.0,1259.35]",0.95,1
0455-ENTCR,"[66.0,85.25,5538.35]",0.96,1
8944-AILEF,"[15.0,19.45,340.85]",0.97,1
5542-NKVRU,"[42.0,20.75,844.45]",0.98,1
7126-RBHSD,"[17.0,78.9,1348.95]",0.99,1
5370-IIVVL,"[37.0,104.5,3778.0]",0.0,0
6789-HJBWG,"[12.0,49.4,611.65]",0.01,0
3927-NLNRY,"[53.0,94.25,4867.95]",0.02,0
9087-EYCPR,"[60.0,25.0,1505.05]",0.03,0
6791-YBNAK,"[18.0,25.55,467.85]",0.04,0
6358-LYNGM,"[1.0,74.9,74.9]",0.05,0
6077-BDPXA,"[3.0,70.15,194.2]",0.06,0
0013-MHZWF,"[9.0,69.4,571.45]",0.07,0
5494-HECPR,"[1.0,80.25,80.25]",0.08,0
8268-YDIXR,"[56.0,93.15,5253.95]",0.09,0
9824-BEMCV,"[17.0,69.0,1149.65]",0.1,0
1373-ORVIZ,"[11.0,66.35,740.8]",0.11,0
4291-SHSBH,"[7.0,69.55,521.35]",0.12,0
6980-IMXXE,"[69.0,20.2,1412.65]",0.13,0
9866-QEVEE,"[19.0,86.0,1532.45]",0.14,0
9897-KXHCM,"[3.0,80.3,250.05]",0.15,0
0040-HALCW,"[54.0,20.4,1090.6]",0.16,0
0784-GTUUK,"[62.0,23.75,1446.8]",0.17,0
7979-CORPM,"[24.0,90.55,2282.55]",0.18,0
2294-DMMUS,"[62.0,70.45,4300.45]",0.19,0
0872-JCPIB,"[17.0,65.75,1111.2]",0.2,0
3055-MJDSB,"[9.0,24.6,190.1]",0.21,0
9091-WTUUY,"[64.0,69.25,4447.75]",0.22,0
1618-CFHME,"[2.0,75.9,143.35]",0.23,0
3165-HDOEW,"[1.0,45.85,45.85]",0.24,0
6581-NQCBA,"[16.0,49.95,810.2]",0.25,0
7115-IRDHS,"[72.0,24.65,1830.05]",0.26,0
8496-DMZUK,"[30.0,90.4,2820.65]",0.27,0
2040-VZIKE,"[49.0,100.85,4847.35]",0.28,0
9068-VPWQQ,"[61.0,75.35,4729.3]",0.29,0
0178-SZBHO,"[47.0,87.2,4017.45]",0.3,0
0384-RVBPI,"[20.0,64.4,1398.6]",0.31,0
1689-MRZQR,"[34.0,78.3,2564.3]",0.32,0
1299-AURJA,"[70.0,24.7,1685.9]",0.33,0
4525-VZCZG,"[54.0,105.85,5826.65]",0.34,0
1543-LLLFT,"[61.0,98.3,6066.55]",0.35,0
5835-BEQEU,"[3.0,76.95,228.4]",0.36,0
2788-CJQAQ,"[13.0,19.45,270.2]",0.37,0
5565-FILXA,"[16.0,96.15,1529.2]",0.38,0
0319-QZTCO,"[3.0,58.7,168.6]",0.39,0
2120-SMPEX,"[25.0,20.15,536.35]",0.4,0
0096-FCPUF,"[30.0,64.5,1888.45]",0.41,0
0668-OGMHD,"[21.0,28.5,629.35]",0.42,0
5552-ZNFSJ,"[1.0,45.3,45.3]",0.43,0
2223-KAGMX,"[15.0,19.4,289.3]",0.44,0
6507-ZJSUR,"[23.0,90.45,2117.25]",0.45,0
9408-HRXRK,"[45.0,105.15,4730.9]",0.46,0
5593-SUAOO,"[24.0,83.15,2033.05]",0.47,0
7321-PKUYW,"[11.0,90.15,987.95]",0.48,0
2833-SLKDQ,"[1.0,45.05,45.05]",0.49,0
6766-HFKLA,"[56.0,103.2,5744.35]",0.5,0
7595-EUIVN,"[1.0,75.8,75.8]",0.51,1
7617-EYGLW,"[1.0,19.45,19.45]",0.52,1
2026-TGDHM,"[7.0,79.3,523.15]",0.53,1
9220-ZNKJI,"[55.0,88.8,4805.3]",0.54,1
4030-VPZBD,"[2.0,30.9,59.05]",0.55,1
2226-ICFDO,"[72.0,85.9,6110.75]",0.56,1
0723-VSOBE,"[45.0,34.2,1596.6]",0.57,1
5529-GIBVH,"[47.0,20.15,1046.2]",0.58,1
4187-CINZD,"[46.0,95.25,4424.2]",0.59,1
9992-UJOEL,"[2.0,50.3,92.75]",0.6,1
4741-WWJQZ,"[2.0,80.15,194.55]",0.61,1
6625-UTXEW,"[12.0,51.25,612.1]",0.62,1
6818-WOBHJ,"[68.0,89.6,6127.6]",0.63,1
6244-BESBM,"[69.0,95.2,6671.7]",0.64,1
1004-NOZNR,"[56.0,94.8,5264.3]",0.65,1
1251-STYSZ,"[4.0,80.25,303.7]",0.66,1
2612-PHGOX,"[64.0,76.1,4818.8]",0.67,1
2408-TZMJL,"[59.0,110.15,6448.05]",0.68,1
8480-PPONV,"[62.0,115.55,7159.05]",0.69,1
8780-IHCRN,"[63.0,24.65,1574.5]",0.7,1
4598-ZADCK,"[53.0,53.6,2879.2]",0.71,1
1257-SXUXQ,"[5.0,19.45,86.05]",0.72,1
9681-KYGYB,"[49.0,88.2,4159.45]",0.73,1
7182-OVLBJ,"[62.0,101.15,6638.35]",0.74,1
5095-ETBRJ,"[55.0,56.8,3112.05]",0.75,1
7005-CYUIL,"[71.0,99.4,7168.25]",0.76,1
4821-WQOYN,"[72.0,20.1,1326.25]",0.77,1
4730-AWNAU,"[36.0,60.7,2234.55]",0.78,1
3452-FLHYD,"[25.0,20.95,495.15]",0.79,1
2388-LAESQ,"[72.0,114.85,8317.95]",0.8,1
9531-NSBMR,"[36.0,19.25,679.8]",0.81,1
6260-ONULR,"[1.0,62.8,62.8]",0.82,1
4389-UEFCZ,"[72.0,105.5,7544.0]",0.83,1
8711-LOBKY,"[59.0,19.85,1188.25]",0.84,1
9134-CEQMF,"[7.0,89.5,676.7]",0.85,1
8985-OOPOS,"[1.0,74.1,74.1]",0.86,1
8800-ZKRFW,"[30.0,107.5,3242.5]",0.87,1
2616-FLVQC,"[64.0,19.55,1240.15]",0.88,1
9968-FFVVH,"[63.0,68.8,4111.35]",0.89,1
3108-PCCGG,"[72.0,84.45,5899.85]",0.9,1
7993-PYKOF,"[8.0,75.0,632.95]",0.91,1
8390-FESFV,"[62.0,84.5,5193.2]",0.92,1
3022-BEXHZ,"[67.0,111.2,7530.8]",0.93,1
5027-XWQHA,"[6.0,44.75,270.95]",0.94,1
6248-TKCQV,"[70.0,80.6,5460.2]",0.95,1
6729-GDNGC,"[20.0,80.7,1614.2]",0.96,1
6198-ZFIOJ,"[5.0,75.6,402.5]",0.97,1
5989-OMNJE,"[24.0,57.6,1367.75]",0.98,1
4566-QVRRW,"[11.0,44.05,483.7]",0.99,1
1291-CUOCY,"[72.0,110.6,7962.2]",0.0,0
9795-SHUHB,"[66.0,58.2,3810.8]",0.01,0
3230-IUALN,"[45.0,81.0,3533.6]",0.02,0
0042-RLHYP,"[69.0,19.7,1396.9]",0.03,0
8519-IMDHU,"[15.0,85.6,1345.55]",0.04,0
4945-RVMTE,"[28.0,59.55,1646.45]",0.05,0
0201-OAMXR,"[70.0,115.55,8127.6]",0.06,0
1866-NXPSP,"[36.0,75.55,2680.15]",0.07,0
3372-KWFBM,"[16.0,86.6,1281.0]",0.08,0
7831-QGOXH,"[18.0,85.2,1553.9]",0.09,0
6393-WRYZE,"[34.0,97.65,3207.55]",0.1,0
3941-XTSKM,"[42.0,45.1,2049.05]",0.11,0
1661-CZBAU,"[48.0,70.95,3629.2]",0.12,0
6599-RCLCJ,"[47.0,109.55,5124.55]",0.13,0
9831-BPFRI,"[39.0,89.55,3474.45]",0.14,0
5158-RIVOP,"[11.0,20.9,202.3]",0.15,0
9788-YTFGE,"[7.0,19.95,147.5]",0.16,0
9277-JOOMO,"[3.0,24.6,86.35]",0.17,0
1907-YLNYW,"[8.0,66.7,579.0]",0.18,0
1725-MIMXW,"[1.0,19.45,19.45]",0.19,0
8947-YRTDV,"[32.0,94.8,3131.55]",0.2,0
3161-ONRWK,"[60.0,65.85,3928.3]",0.21,0
0114-RSRRW,"[10.0,19.95,187.75]",0.22,0
4565-NLZBV,"[71.0,24.65,1710.15]",0.23,0
0031-PVLZI,"[4.0,20.35,76.35]",0.24,0
7206-GZCDC,"[1.0,69.25,69.25]",0.25,0
6682-VCIXC,"[43.0,51.25,2151.6]",0.26,0
4791-QRGMF,"[59.0,99.5,5961.1]",0.27,0
6475-VHUIZ,"[23.0,54.25,1221.55]",0.28,0
3910-MRQOY,"[72.0,19.4,1496.45]",0.29,0
0661-WCQNQ,"[22.0,56.25,1292.2]",0.3,0
7537-RBWEA,"[1.0,25.15,25.15]",0.31,0
4656-CAURT,"[69.0,23.95,1713.1]",0.32,0
0121-SNYRK,"[50.0,35.4,1748.9]",0.33,0
1768-ZAIFU,"[1.0,25.2,25.2]",0.34,0
4671-LXRDQ,"[2.0,45.0,96.45]",0.35,0
3733-LSYCE,"[15.0,75.35,1114.55]",0.36,0
6265-FRMTQ,"[31.0,20.4,609.1]",0.37,0
1934-SJVJK,"[1.0,20.15,20.15]",0.38,0
3838-OZURD,"[66.0,105.0,7133.25]",0.39,0
1371-DWPAZ,"[0.0,56.05,0.0]",0.4,0
9269-CQOOL,"[3.0,54.7,169.45]",0.41,0
2017-CCBLH,"[8.0,20.0,141.6]",0.42,0
7690-KPNCU,"[64.0,73.05,4688.65]",0.43,0
0536-BGFMZ,"[28.0,20.5,563.05]",0.44,0
2293-IJWPS,"[57.0,100.75,5985.0]",0.45,0
2845-HSJCY,"[14.0,87.25,1258.6]",0.46,0
5469-NUJUR,"[19.0,19.95,373.5]",0.47,0
1184-PJVDB,"[10.0,79.95,857.2]",0.48,0
2625-TRCZQ,"[51.0,49.65,2553.35]",0.49,0
4102-HLENU,"[67.0,65.65,4322.85]",0.5,0
7266-GSSJX,"[11.0,20.45,250.8]",0.51,1
7722-VJRQD,"[72.0,60.95,4549.05]",0.52,1
7073-QETQY,"[66.0,20.35,1359.5]",0.53,1
9415-DPEWS,"[18.0,88.35,1639.3]",0.54,1
5624-RYAMH,"[9.0,19.5,178.85]",0.55,1
0196-JTUQI,"[9.0,75.2,633.85]",0.56,1
7130-YXBRO,"[48.0,111.45,5315.1]",0.57,1
9272-LSVYH,"[10.0,70.15,735.5]",0.58,1
7943-RQCHR,"[9.0,94.75,889.9]",0.59,1
3793-MMFUH,"[13.0,95.05,1290.0]",0.6,1
3249-ZPQRG,"[4.0,78.45,330.05]",0.61,1
2568-BRGYX,"[4.0,70.2,237.95]",0.62,1
3084-DOWLE,"[72.0,92.0,6474.4]",0.63,1
1084-MNSMJ,"[51.0,85.5,4421.95]",0.64,1
7721-JXEAW,"[59.0,41.05,2452.7]",0.65,1
7249-WBIYX,"[10.0,85.6,813.85]",0.66,1
4238-HFHSN,"[61.0,82.15,4904.85]",0.67,1
6250-CGGUN,"[54.0,84.4,4484.05]",0.68,1
5478-JJVZK,"[33.0,60.9,2033.85]",0.69,1
7596-IIWYC,"[27.0,20.25,538.2]",0.7,1
6567-HOOPW,"[1.0,79.2,79.2]",0.71,1
9793-WECQC,"[23.0,95.3,2192.9]",0.72,1
4291-HPAXL,"[1.0,19.85,19.85]",0.73,1
8999-YPYBV,"[45.0,84.35,3858.05]",0.74,1
1839-FBNFR,"[39.0,19.85,854.8]",0.75,1
3164-AALRN,"[5.0,70.0,347.4]",0.76,1
3071-MVJCD,"[72.0,82.3,5815.15]",0.77,1
1697-BCSHV,"[58.0,66.8,3970.4]",0.78,1
0562-KBDVM,"[70.0,44.6,3058.15]",0.79,1
1131-SUEKT,"[61.0,98.45,6145.2]",0.8,1
3717-OEAUQ,"[2.0,70.7,129.2]",0.81,1
4538-WNTMJ,"[46.0,24.95,1165.9]",0.82,1
3334-CTHOL,"[1.0,49.95,49.95]",0.83,1
4704-ERYFC,"[22.0,69.25,1554.0]",0.84,1
9432-RUVSL,"[48.0,102.5,4904.25]",0.85,1
8060-HIWJJ,"[64.0,86.55,5632.55]",0.86,1
7684-XSZIY,"[72.0,24.3,1643.25]",0.87,1
9089-UOWJG,"[12.0,58.35,740.55]",0.88,1
8621-MNIHH,"[34.0,94.25,3217.55]",0.89,1
8039-ACLPL,"[72.0,68.75,4888.2]",0.9,1
9885-AIBVB,"[29.0,85.8,2440.25]",0.91,1
1934-MKPXS,"[33.0,20.1,620.55]",0.92,1
2592-YKDIF,"[1.0,20.35,20.35]",0.93,1
2272-JKMSI,"[62.0,110.8,6840.95]",0.94,1
0471-LVHGK,"[41.0,73.0,3001.2]",0.95,1
9518-RWHZL,"[64.0,100.05,6254.2]",0.96,1
8714-CTZJW,"[4.0,82.85,319.6]",0.97,1
3569-EDBPQ,"[24.0,84.35,1938.05]",0.98,1
3131-NWVFJ,"[14.0,19.55,294.5]",0.99,1
7521-YXVZY,"[3.0,19.95,58.3]",0.0,0
5419-CONWX,"[4.0,99.8,442.85]",0.01,0
6240-EURKS,"[18.0,35.0,553.0]",0.02,0
2373-NTKOD,"[8.0,66.25,546.45]",0.03,0
1970-KKFWL,"[35.0,23.3,797.1]",0.04,0
6960-HVYXR,"[1.0,76.0,76.0]",0.05,0
9337-SRRNI,"[66.0,25.3,1673.8]",0.06,0
0895-UADGO,"[8.0,44.55,343.45]",0.07,0
5678-VFNEQ,"[71.0,104.1,7412.25]",0.08,0
5977-CKHON,"[43.0,92.55,4039.0]",0.09,0
7024-OHCCK,"[2.0,93.85,170.85]",0.1,0
2692-BUCFV,"[29.0,101.45,2948.6]",0.11,0
7861-UVUFT,"[15.0,84.3,1308.4]",0.12,0
1830-GGFNM,"[65.0,94.55,6078.75]",0.13,0
5302-BDJNT,"[35.0,95.5,3418.2]",0.14,0
5223-UZAVK,"[64.0,100.3,6603.8]",0.15,0
4859-ZSRDZ,"[58.0,55.5,3166.9]",0.16,0
5651-WYIPH,"[18.0,49.85,865.75]",0.17,0
9350-VLHMB,"[67.0,89.55,6373.1]",0.18,0
3498-LZGQZ,"[63.0,19.15,1177.05]",0.19,0
8785-CJSHH,"[60.0,99.8,5985.75]",0.2,0
5357-TZHPP,"[9.0,84.4,732.5]",0.21,0
3870-SPZSI,"[70.0,113.05,7869.05]",0.22,0
0680-DFNNY,"[15.0,101.1,1504.05]",0.23,0
7560-QRBXH,"[48.0,19.95,936.7]",0.24,0
7077-XJMET,"[12.0,74.15,741.4]",0.25,0
8752-GHJFU,"[71.0,92.0,6585.2]",0.26,0
6896-SRVYQ,"[44.0,73.85,3122.4]",0.27,0
7767-UXAGJ,"[1.0,50.45,50.45]",0.28,0
4652-ODEVH,"[45.0,24.45,1088.25]",0.29,0
6510-UPNKS,"[23.0,24.8,615.35]",0.3,0
6718-BDGHG,"[43.0,64.85,2908.2]",0.31,0
9046-DQMTP,"[35.0,20.75,739.9]",0.32,0
6439-LAJXL,"[9.0,68.95,593.85]",0.33,0
1571-SAVHK,"[12.0,99.95,1132.75]",0.34,0
9052-VKDUW,"[65.0,109.4,7227.45]",0.35,0
9546-CQJSU,"[2.0,91.4,193.6]",0.36,0
1666-JZPZT,"[27.0,49.0,1291.35]",0.37,0
5777-KJIRB,"[40.0,50.25,2023.55]",0.38,0
0506-LVNGN,"[5.0,75.55,349.65]",0.39,0
7677-SJJJK,"[8.0,19.9,153.95]",0.4,0
2480-EJWYP,"[58.0,97.8,5458.8]",0.41,0
3253-HKOKL,"[52.0,100.3,5244.45]",0.42,0
7055-HNEOJ,"[3.0,55.8,154.55]",0.43,0
5514-YQENT,"[41.0,111.15,4507.15]",0.44,0
3211-AAPKX,"[20.0,98.55,2031.95]",0.45,0
8445-DNBAE,"[1.0,50.05,50.05]",0.46,0
2951-QOQTK,"[4.0,80.8,332.45]",0.47,0
2958-NHPPS,"[23.0,20.85,473.9]",0.48,0
6806-YDEUL,"[6.0,19.5,106.8]",0.49,0
1735-XMJVH,"[8.0,19.35,152.6]",0.5,0
6890-PFRQX,"[18.0,69.5,1199.4]",0.51,1
0222-CNVPT,"[52.0,48.8,2555.05]",0.52,1
5899-OUVKV,"[31.0,94.5,2979.2]",0.53,1
8681-ICONS,"[29.0,20.65,654.85]",0.54,1
1621-YNCJH,"[36.0,106.05,3834.4]",0.55,1
3473-XIIIT,"[16.0,100.0,1534.75]",0.56,1
6362-QHAFM,"[42.0,108.3,4586.15]",0.57,1
7893-IXHRQ,"[1.0,20.55,20.55]",0.58,1
3070-BDOQC,"[60.0,99.65,5941.05]",0.59,1
2952-QAYZF,"[5.0,85.3,424.15]",0.6,1
6234-PFPXL,"[22.0,95.9,2234.95]",0.61,1
9824-QCJPK,"[36.0,20.0,666.75]",0.62,1
4763-PGDPO,"[4.0,70.4,281.0]",0.63,1
4283-IVYCI,"[9.0,64.95,547.8]",0.64,1
1866-OBPNR,"[1.0,74.6,74.6]",0.65,1
8205-MQUGY,"[12.0,49.2,571.15]",0.66,1
8970-ANWXO,"[23.0,73.75,1756.6]",0.67,1
9480-BQJEI,"[62.0,92.3,5731.45]",0.68,1
5394-SVGJV,"[37.0,98.8,3475.55]",0.69,1
6979-TNDEU,"[8.0,19.2,156.85]",0.7,1
9777-WJJPR,"[31.0,88.65,2683.2]",0.71,1
9283-LZQOH,"[13.0,74.4,896.75]",0.72,1
7079-QRCBC,"[24.0,98.75,2407.3]",0.73,1
9495-SKLKD,"[45.0,95.95,4456.65]",0.74,1
6048-UWKAL,"[69.0,105.4,6998.95]",0.75,1
5067-DGXLL,"[2.0,20.25,36.8]",0.76,1
5469-CTCWN,"[61.0,106.0,6547.7]",0.77,1
9851-QXEEQ,"[41.0,104.7,4346.4]",0.78,1
6281-FKEWS,"[44.0,49.05,2265.0]",0.79,1
8898-KASCD,"[39.0,35.55,1309.15]",0.8,1
9242-TKFSV,"[72.0,65.1,4754.3]",0.81,1
9290-SHCMB,"[13.0,96.85,1235.55]",0.82,1
0743-HNPFG,"[51.0,69.75,3562.5]",0.83,1
2277-BKJKN,"[71.0,99.2,7213.75]",0.84,1
9809-IMGCQ,"[22.0,96.7,2082.95]",0.85,1
5208-HFSBT,"[2.0,55.05,102.75]",0.86,1
5035-PGZXH,"[56.0,106.8,5914.4]",0.87,1
8695-WDYEA,"[1.0,51.25,51.25]",0.88,1
6543-JXSOO,"[23.0,57.75,1282.85]",0.89,1
8016-ZMGMO,"[66.0,70.85,4738.85]",0.9,1
8605-ITULD,"[1.0,19.55,19.55]",0.91,1
3254-YRILK,"[19.0,88.2,1775.8]",0.92,1
6416-YJTTB,"[11.0,79.5,795.65]",0.93,1
2667-WYLWJ,"[8.0,19.75,145.0]",0.94,1
4472-VESGY,"[52.0,98.15,4993.4]",0.95,1
3195-TQDZX,"[3.0,20.25,61.45]",0.96,1
3128-YOVTD,"[51.0,79.15,4018.55]",0.97,1
0529-ONKER,"[15.0,75.65,1146.65]",0.98,1
1728-CXQBE,"[64.0,94.25,6081.4]",0.99,1
7041-TXQJH,"[37.0,40.2,1478.85]",0.0,0
5014-GSOUQ,"[13.0,19.95,243.65]",0.01,0
5724-BIDBU,"[49.0,55.35,2633.95]",0.02,0
0481-SUMCB,"[45.0,102.15,4735.35]",0.03,0
1769-GRUIK,"[18.0,71.1,1247.75]",0.04,0
5240-IJOQT,"[1.0,74.7,74.7]",0.05,0
8819-WFGGJ,"[68.0,54.1,3794.5]",0.06,0
7427-AUFPY,"[54.0,19.65,1008.7]",0.07,0
2811-POVEX,"[23.0,88.45,2130.55]",0.08,0
1092-GANHU,"[17.0,76.65,1313.55]",0.09,0
7898-PDWQE,"[71.0,80.4,5727.15]",0.1,0
9972-EWRJS,"[67.0,19.25,1372.9]",0.11,0
9314-IJWSQ,"[14.0,84.8,1203.9]",0.12,0
0661-XEYAN,"[1.0,25.8,25.8]",0.13,0
5799-JRCZO,"[63.0,19.5,1215.1]",0.14,0
1921-KYSAY,"[41.0,68.6,2877.05]",0.15,0
6198-RTPMF,"[17.0,92.6,1579.7]",0.16,0
2924-KHUVI,"[56.0,100.55,5514.95]",0.17,0
1925-GMVBW,"[5.0,20.55,96.1]",0.18,0
7881-EVUAD,"[2.0,42.6,72.4]",0.19,0
6184-DYUOB,"[3.0,19.6,55.25]",0.2,0
9207-ZPANB,"[37.0,67.45,2443.3]",0.21,0
5766-XQXMQ,"[29.0,68.85,1970.5]",0.22,0
9327-QSDED,"[8.0,43.55,335.4]",0.23,0
1656-DRSMG,"[63.0,109.85,7002.95]",0.24,0
3012-VFFMN,"[7.0,20.65,158.95]",0.25,0
2984-AFWNC,"[3.0,95.4,293.15]",0.26,0
0640-YJTPY,"[72.0,21.0,1493.75]",0.27,0
8096-LOIST,"[19.0,56.2,1093.4]",0.28,0
9764-REAFF,"[59.0,18.4,1057.85]",0.29,0
3703-VAVCL,"[2.0,90.0,190.05]",0.3,0
7107-UBYKY,"[35.0,25.75,882.55]",0.31,0
4881-GQJTW,"[14.0,19.6,300.4]",0.32,0
8519-QJGJD,"[14.0,75.35,1025.95]",0.33,0
7876-DNYAP,"[69.0,19.8,1436.95]",0.34,0
7905-NJMXS,"[7.0,64.2,475.0]",0.35,0
2882-WDTBA,"[69.0,75.75,5388.15]",0.36,0
2091-GPPIQ,"[72.0,78.95,5730.15]",0.37,0
6326-MTTXK,"[8.0,100.85,819.55]",0.38,0
5071-FBJFS,"[4.0,50.3,217.1]",0.39,0
2796-UUZZO,"[63.0,80.3,4896.35]",0.4,0
2429-AYKKO,"[72.0,19.85,1434.1]",0.41,0
9798-OPFEM,"[46.0,21.1,937.1]",0.42,0
0330-IVZHA,"[5.0,69.95,330.15]",0.43,0
3794-NFNCH,"[30.0,50.0,1474.9]",0.44,0
5193-QLVZB,"[63.0,104.75,6536.5]",0.45,0
7114-AEOZE,"[60.0,19.85,1128.1]",0.46,0
2886-KEFUM,"[63.0,107.5,6873.75]",0.47,0
5522-NYKPB,"[25.0,85.9,2199.05]",0.48,0
4237-RLAQD,"[1.0,45.85,45.85]",0.49,0
9957-YODKZ,"[6.0,80.8,457.1]",0.5,0
6518-KZXCB,"[22.0,25.25,566.5]",0.51,1
2245-ADZFJ,"[31.0,80.55,2471.6]",0.52,1
7776-QGYJC,"[39.0,81.5,3107.3]",0.53,1
9313-QOLTZ,"[26.0,20.9,518.3]",0.54,1
9651-GTSAQ,"[53.0,106.1,5769.75]",0.55,1
3186-BAXNB,"[1.0,91.7,91.7]",0.56,1
4672-FOTSD,"[12.0,67.25,832.3]",0.57,1
0637-YLETY,"[16.0,95.6,1555.65]",0.58,1
9818-XQCUV,"[2.0,20.35,45.3]",0.59,1
7338-ERIVA,"[39.0,45.05,1790.6]",0.6,1
1157-BQCUW,"[1.0,74.95,74.95]",0.61,1
8259-NFJTV,"[7.0,34.65,246.6]",0.62,1
3223-DWFIO,"[4.0,69.35,261.65]",0.63,1
2660-EMUBI,"[10.0,95.35,898.35]",0.64,1
6968-GMKPR,"[55.0,81.55,4509.5]",0.65,1
4751-ERMAN,"[72.0,75.4,5480.25]",0.66,1
1436-ZMJAN,"[10.0,67.8,653.15]",0.67,1
3292-PBZEJ,"[11.0,111.4,1183.05]",0.68,1
0799-DDIHE,"[15.0,46.3,639.45]",0.69,1
3070-FNFZQ,"[23.0,20.4,478.75]",0.7,1
2812-SFXMJ,"[1.0,20.05,20.05]",0.71,1
7675-OZCZG,"[3.0,45.0,127.1]",0.72,1
5014-WUQMG,"[47.0,96.1,4391.45]",0.73,1
5312-TSZVC,"[15.0,19.65,270.6]",0.74,1
2003-CKLOR,"[66.0,99.5,6710.5]",0.75,1
0993-OSGPT,"[68.0,60.65,3975.9]",0.76,1
9254-RBFON,"[17.0,98.6,1704.95]",0.77,1
1205-WNWPJ,"[7.0,59.5,415.95]",0.78,1
9391-EOYLI,"[12.0,80.45,950.2]",0.79,1
7108-DGVUU,"[21.0,71.7,1497.05]",0.8,1
2782-JEEBU,"[21.0,36.0,780.15]",0.81,1
5127-BZENZ,"[56.0,65.2,3512.15]",0.82,1
2720-FVBQP,"[6.0,48.95,273.25]",0.83,1
9906-NHHVC,"[65.0,53.5,3517.9]",0.84,1
4522-XRWWI,"[42.0,80.45,3375.9]",0.85,1
3766-EJLFL,"[68.0,109.05,7508.55]",0.86,1
5939-SXWHM,"[48.0,26.3,1245.05]",0.87,1
8152-UOBNY,"[50.0,106.8,5347.95]",0.88,1
7351-KYHQH,"[7.0,64.95,493.65]",0.89,1
7643-RCHXS,"[63.0,19.35,1263.85]",0.9,1
8246-SHFGA,"[17.0,21.1,385.55]",0.91,1
8387-MOJJT,"[42.0,77.95,3384.0]",0.92,1
0620-XEFWH,"[4.0,18.85,84.2]",0.93,1
6485-QXWWE,"[62.0,26.0,1638.7]",0.94,1
2761-OCIAX,"[2.0,74.7,165.4]",0.95,1
7321-VGNKU,"[2.0,70.35,120.25]",0.96,1
5327-CNLUQ,"[48.0,96.9,4473.45]",0.97,1
7552-KEYGT,"[27.0,19.55,520.55]",0.98,1
5816-JMLGY,"[70.0,80.4,5717.85]",0.99,1
3068-OMWZA,"[1.0,88.8,88.8]",0.0,0
2927-QRRQV,"[46.0,94.65,4312.5]",0.01,0
6032-KRXXO,"[30.0,90.25,2755.35]",0.02,0
7459-RRWQZ,"[15.0,64.65,994.55]",0.03,0
6265-SXWBU,"[69.0,95.75,6511.25]",0.04,0
7941-RCJOW,"[65.0,19.55,1218.65]",0.05,0
6374-NTQLP,"[72.0,104.1,7447.7]",0.06,0
4154-AQUGT,"[13.0,89.05,1169.35]",0.07,0
2387-KDZQY,"[17.0,20.1,279.5]",0.08,0
3584-WKTTW,"[51.0,111.55,5720.35]",0.09,0
3399-BMLVW,"[51.0,60.5,3121.45]",0.1,0
1971-DTCZB,"[72.0,90.95,6468.6]",0.11,0
3092-IGHWF,"[67.0,87.4,5918.8]",0.12,0
3374-PZLXD,"[34.0,19.7,675.6]",0.13,0
3813-DHBBB,"[67.0,50.95,3521.7]",0.14,0
2812-REYAT,"[49.0,20.05,923.1]",0.15,0
6518-PPLMZ,"[53.0,19.4,1110.35]",0.16,0
4939-KYYPY,"[27.0,59.45,1611.65]",0.17,0
8017-LXHFA,"[23.0,94.75,2293.6]",0.18,0
5930-GBIWP,"[69.0,81.5,5553.25]",0.19,0
6022-KOUQO,"[2.0,29.05,44.75]",0.2,0
6352-TWCAU,"[35.0,86.45,3029.1]",0.21,0
2361-UPSND,"[46.0,70.6,3231.05]",0.22,0
6035-RIIOM,"[54.0,97.2,5129.45]",0.23,0
2929-QNSRW,"[56.0,98.25,5508.35]",0.24,0
1262-OPMFY,"[9.0,75.75,655.9]",0.25,0
9504-DSHWM,"[20.0,59.2,1191.2]",0.26,0
5035-BVCXS,"[11.0,75.9,866.4]",0.27,0
6267-DCFFZ,"[30.0,90.05,2627.2]",0.28,0
3533-UVMOM,"[68.0,70.95,4741.45]",0.29,0
2439-LYPMQ,"[38.0,102.6,4009.2]",0.3,0
4248-QPAVC,"[17.0,85.35,1463.45]",0.31,0
1899-VXWXM,"[48.0,106.1,5082.8]",0.32,0
1478-VPOAD,"[1.0,43.8,43.8]",0.33,0
9995-HOTOH,"[63.0,59.0,3707.6]",0.34,0
2988-PLAHS,"[3.0,69.95,220.45]",0.35,0
1371-OJCEK,"[48.0,24.35,1133.7]",0.36,0
4999-IEZLT,"[66.0,29.45,1983.15]",0.37,0
8883-ANODQ,"[68.0,84.4,5746.75]",0.38,0
4690-LLKUA,"[17.0,45.05,770.6]",0.39,0
2351-RRBUE,"[7.0,20.65,134.05]",0.4,0
5980-BDHPY,"[72.0,87.1,6230.1]",0.41,0
1498-DQNRX,"[29.0,19.85,573.05]",0.42,0
9469-WEJBT,"[37.0,90.35,3419.3]",0.43,0
3331-HQDTW,"[34.0,109.8,3587.25]",0.44,0
9490-DFPMD,"[42.0,84.65,3541.35]",0.45,0
2581-VKIRT,"[59.0,65.5,3801.3]",0.46,0
5442-XSDCW,"[11.0,79.5,868.5]",0.47,0
7426-WEIJX,"[60.0,80.95,4859.1]",0.48,0
2851-MMUTZ,"[27.0,56.15,1439.35]",0.49,0
3049-NDXFL,"[1.0,85.8,85.8]",0.5,0
8580-AECUZ,"[1.0,79.1,79.1]",0.51,1
3307-TLCUD,"[17.0,34.4,592.75]",0.52,1
6625-FLENO,"[58.0,20.75,1185.95]",0.53,1
2967-MXRAV,"[1.0,18.8,18.8]",0.54,1
7963-GQRMY,"[3.0,44.3,134.5]",0.55,1
8189-HBVRW,"[53.0,90.8,4921.2]",0.56,1
4163-KIUHY,"[35.0,25.6,901.25]",0.57,1
1228-FZFRV,"[50.0,105.95,5341.8]",0.58,1
3500-NSDOA,"[68.0,70.8,4859.95]",0.59,1
1171-TYKUR,"[47.0,25.4,1139.2]",0.6,1
3761-FLYZI,"[65.0,108.8,7082.45]",0.61,1
2058-DCJBE,"[5.0,69.75,324.6]",0.62,1
5364-XYIRR,"[51.0,94.65,4812.75]",0.63,1
4829-AUOAX,"[46.0,96.05,4399.5]",0.64,1
1219-NNDDO,"[9.0,76.85,663.55]",0.65,1
8388-DMKAE,"[8.0,20.25,174.65]",0.66,1
4403-BWPAY,"[14.0,24.8,321.7]",0.67,1
9659-QEQSY,"[45.0,115.65,5125.5]",0.68,1
5405-ZMYXQ,"[8.0,74.6,548.9]",0.69,1
5047-LHVLY,"[1.0,50.15,50.15]",0.7,1
1442-OKRJE,"[66.0,103.15,7031.3]",0.71,1
4737-AQCPU,"[72.0,72.1,5016.65]",0.72,1
9158-VCTQB,"[41.0,113.6,4594.95]",0.73,1
2808-CHTDM,"[23.0,25.1,611.45]",0.74,1
6311-UEUME,"[29.0,78.9,2384.15]",0.75,1
0793-TWELN,"[4.0,80.15,319.85]",0.76,1
3283-WCWXT,"[6.0,25.4,153.3]",0.77,1
1060-ENTOF,"[67.0,105.4,7035.6]",0.78,1
0999-QXNSA,"[7.0,45.75,344.2]",0.79,1
5451-MHQOF,"[56.0,24.45,1431.65]",0.8,1
4836-WNFNO,"[72.0,25.0,1849.2]",0.81,1
9225-BZLNZ,"[72.0,85.25,6083.1]",0.82,1
0354-VXMJC,"[23.0,19.6,426.65]",0.83,1
4422-QVIJA,"[35.0,50.15,1655.35]",0.84,1
9365-SRSZE,"[27.0,70.55,1943.9]",0.85,1
6839-ITVZJ,"[26.0,60.05,1616.15]",0.86,1
8332-OSJDW,"[12.0,26.4,314.95]",0.87,1
4735-BJKOU,"[40.0,20.15,804.85]",0.88,1
0274-JKUJR,"[7.0,58.85,465.7]",0.89,1
5740-YHGTW,"[70.0,97.55,6669.05]",0.9,1
8917-SZTTJ,"[60.0,19.65,1161.75]",0.91,1
1696-MZVAU,"[39.0,25.25,947.75]",0.92,1
7359-WWYJV,"[72.0,114.45,8375.05]",0.93,1
0375-HVGXO,"[1.0,34.7,34.7]",0.94,1
4906-ZHGPK,"[54.0,70.7,3770.0]",0.95,1
8593-WHYHV,"[3.0,85.3,264.8]",0.96,1
3795-GWTRD,"[63.0,75.55,4707.85]",0.97,1
1298-PHBTI,"[71.0,84.8,6152.4]",0.98,1
6223-DHJGV,"[42.0,20.65,958.1]",0.99,1
6961-MJKBO,"[47.0,20.45,943.0]",0.0,0
6097-EQISJ,"[66.0,102.45,6615.15]",0.01,0
4423-YLHDV,"[21.0,104.4,2200.25]",0.02,0
8158-WPEZG,"[11.0,35.65,425.1]",0.03,0
0107-YHINA,"[1.0,99.75,99.75]",0.04,0
4918-FYJNT,"[55.0,90.45,5044.8]",0.05,0
0727-BNRLG,"[69.0,97.65,6743.55]",0.06,0
4854-CIDCF,"[3.0,73.85,196.4]",0.07,0
8640-SDGKB,"[4.0,74.4,299.7]",0.08,0
3280-MRDOF,"[30.0,69.1,2093.9]",0.09,0
6435-SRWBJ,"[5.0,82.75,417.75]",0.1,0
9964-WBQDJ,"[71.0,24.4,1725.4]",0.11,0
6303-KFWSL,"[29.0,55.25,1620.2]",0.12,0
1702-CCFNJ,"[52.0,61.35,3169.55]",0.13,0
8932-CZHRQ,"[68.0,76.75,5233.25]",0.14,0
0386-CWRGM,"[46.0,19.4,967.85]",0.15,0
5515-RUGKN,"[8.0,54.75,438.05]",0.16,0
0404-AHASP,"[72.0,19.7,1421.9]",0.17,0
7279-NMVJC,"[17.0,19.9,323.15]",0.18,0
2081-VEYEH,"[3.0,107.95,318.6]",0.19,0
6407-UTSLV,"[2.0,83.8,163.7]",0.2,0
4116-TZAQJ,"[9.0,74.25,639.65]",0.21,0
9060-HJJRW,"[51.0,56.4,2928.5]",0.22,0
2587-YNLES,"[6.0,20.1,100.35]",0.23,0
7398-SKNQZ,"[3.0,94.9,273.2]",0.24,0
5935-FCCNB,"[17.0,94.2,1608.15]",0.25,0
1958-RNRKS,"[30.0,49.9,1441.95]",0.26,0
5136-RGMZO,"[31.0,71.05,2168.15]",0.27,0
8345-MVDYC,"[45.0,81.65,3618.7]",0.28,0
8226-BXGES,"[64.0,89.45,5692.65]",0.29,0
3877-JRJIP,"[1.0,59.85,59.85]",0.3,0
8375-DKEBR,"[1.0,69.6,69.6]",0.31,0
9705-IOVQQ,"[61.0,99.0,5969.3]",0.32,0
1015-OWJKI,"[1.0,19.05,19.05]",0.33,0
7511-YMXVQ,"[9.0,45.4,418.8]",0.34,0
2040-XBAVJ,"[72.0,114.45,8100.55]",0.35,0
7551-JOHTI,"[1.0,19.5,19.5]",0.36,0
8887-IPQNC,"[7.0,44.25,313.45]",0.37,0
8646-JCOMS,"[66.0,90.55,6130.95]",0.38,0
9804-ICWBG,"[1.0,69.9,69.9]",0.39,0
1222-KJNZD,"[40.0,20.4,745.3]",0.4,0
0106-GHRQR,"[16.0,71.4,1212.1]",0.41,0
5318-IXUZF,"[2.0,87.15,183.75]",0.42,0
3768-VHXQO,"[67.0,24.85,1583.5]",0.43,0
8952-WCVCD,"[41.0,104.45,4162.05]",0.44,0
2418-TPEUN,"[56.0,19.8,1119.9]",0.45,0
3963-RYFNS,"[72.0,116.45,8013.55]",0.46,0
3198-VELRD,"[3.0,84.75,264.85]",0.47,0
8540-ZQGEA,"[54.0,20.05,1102.4]",0.48,0
1320-REHCS,"[52.0,110.75,5832.0]",0.49,0
4137-JOPHL,"[50.0,89.7,4304.5]",0.5,0
9436-ZBZCT,"[14.0,89.95,1178.4]",0.51,1
7801-CEDNV,"[27.0,48.7,1421.75]",0.52,1
2057-BOYKM,"[72.0,96.6,6827.5]",0.53,1
3658-QQJYD,"[62.0,74.3,4698.05]",0.54,1
1803-BGNBD,"[12.0,54.3,654.5]",0.55,1
0134-XWXCE,"[44.0,74.85,3268.05]",0.56,1
6950-TWMYB,"[54.0,79.95,4362.05]",0.57,1
5848-FHRFC,"[68.0,20.05,1386.9]",0.58,1
2243-FNMMI,"[20.0,19.4,415.4]",0.59,1
2511-MORQY,"[50.0,54.9,2614.1]",0.6,1
5356-KZCKT,"[58.0,24.45,1513.6]",0.61,1
9470-XCCEM,"[35.0,89.65,3161.6]",0.62,1
6519-CFDBX,"[2.0,45.4,80.95]",0.63,1
3902-MIVLE,"[63.0,75.7,4676.7]",0.64,1
0409-WTMPL,"[58.0,110.65,6526.65]",0.65,1
8763-KIAFH,"[27.0,20.55,583.3]",0.66,1
3669-WHAFY,"[71.0,115.15,8078.1]",0.67,1
3055-VTCGS,"[63.0,58.55,3503.5]",0.68,1
3144-KMTWZ,"[71.0,93.25,6669.45]",0.69,1
7279-BUYWN,"[41.0,113.2,4689.5]",0.7,1
7156-MHUGY,"[13.0,90.5,1201.15]",0.71,1
7198-GLXTC,"[2.0,79.0,143.65]",0.72,1
2007-QVGAW,"[68.0,19.35,1292.65]",0.73,1
5207-PLSTK,"[1.0,48.75,48.75]",0.74,1
2307-FYNNL,"[65.0,109.05,7108.2]",0.75,1
5605-XNWEN,"[72.0,25.0,1802.55]",0.76,1
2155-AMQRX,"[28.0,54.9,1505.15]",0.77,1
6181-AXXYF,"[72.0,24.75,1859.1]",0.78,1
5091-HFAZW,"[2.0,91.15,168.5]",0.79,1
0516-VRYBW,"[18.0,20.15,390.85]",0.8,1
2519-LBNQL,"[60.0,104.35,6339.45]",0.81,1
8623-ULFNQ,"[26.0,66.05,1652.4]",0.82,1
8380-PEFPE,"[1.0,71.65,71.65]",0.83,1
5687-DKDTV,"[4.0,20.35,77.5]",0.84,1
1568-LJSZU,"[68.0,92.2,6392.85]",0.85,1
7530-HDYDS,"[38.0,84.25,3264.5]",0.86,1
7789-HKSBS,"[42.0,105.2,4599.15]",0.87,1
7416-CKTEP,"[57.0,19.6,1134.25]",0.88,1
2586-CWXVV,"[54.0,30.4,1621.35]",0.89,1
3096-IZETN,"[12.0,78.1,947.3]",0.9,1
2348-KCJLT,"[44.0,61.5,2722.2]",0.91,1
8401-EMUWF,"[42.0,69.4,3058.3]",0.92,1
4193-IBKSW,"[72.0,24.75,1769.6]",0.93,1
5377-NDTOU,"[71.0,91.05,6293.75]",0.94,1
5922-ABDVO,"[19.0,89.65,1761.05]",0.95,1
2474-LCNUE,"[23.0,73.65,1642.75]",0.96,1
0839-QNXME,"[30.0,19.4,578.5]",0.97,1
3506-OVLKD,"[35.0,26.2,954.9]",0.98,1
9172-ANCRX,"[10.0,98.7,973.25]",0.99,1
6650-VJONK,"[1.0,43.85,43.85]",0.0,0
2178-PMGCJ,"[22.0,69.7,1490.4]",0.01,0
7492-TAFJD,"[7.0,38.55,280.0]",0.02,0
2773-MADBQ,"[36.0,53.1,1901.25]",0.03,0
6016-LVTJQ,"[34.0,20.65,716.4]",0.04,0
7860-KSUGX,"[72.0,64.45,4720.0]",0.05,0
8966-KZXXA,"[36.0,25.1,930.95]",0.06,0
6910-HADCM,"[1.0,76.35,76.35]",0.07,0
4816-LXZYW,"[23.0,79.15,1676.95]",0.08,0
9606-PBKBQ,"[32.0,85.0,2642.05]",0.09,0
5149-QYTTU,"[71.0,95.15,6770.85]",0.1,0
2070-XYMFH,"[23.0,79.35,1835.3]",0.11,0
2085-BOJKI,"[17.0,96.65,1588.25]",0.12,0
0817-HSUSE,"[1.0,75.5,75.5]",0.13,0
5442-PPTJY,"[12.0,19.7,258.35]",0.14,0
1927-QEWMY,"[72.0,20.5,1502.25]",0.15,0
1663-MHLHE,"[1.0,19.2,19.2]",0.16,0
5663-QBGIS,"[72.0,98.35,6929.4]",0.17,0
4450-MDZFX,"[60.0,74.35,4453.3]",0.18,0
6701-DHKWQ,"[61.0,51.35,3244.4]",0.19,0
7554-AKDQF,"[6.0,45.65,323.45]",0.2,0
3536-IQCTX,"[32.0,85.3,2661.1]",0.21,0
4911-BANWH,"[31.0,86.55,2697.4]",0.22,0
8496-EJAUI,"[19.0,73.85,1424.5]",0.23,0
0794-YVSGE,"[72.0,20.3,1401.15]",0.24,0
5423-BHIXO,"[32.0,54.2,1739.6]",0.25,0
6908-VVYHM,"[65.0,90.65,5931.0]",0.26,0
2959-EEXWB,"[45.0,50.9,2333.85]",0.27,0
1839-UMACK,"[42.0,25.05,949.85]",0.28,0
3030-YDNRM,"[8.0,74.85,572.45]",0.29,0
7321-KKSDU,"[32.0,20.5,696.8]",0.3,0
3402-XRIUO,"[22.0,63.55,1381.8]",0.31,0
3132-TVFDZ,"[57.0,44.85,2572.95]",0.32,0
8286-AFUYI,"[1.0,47.95,47.95]",0.33,0
8080-DDEMJ,"[1.0,45.1,45.1]",0.34,0
8356-WUAOJ,"[1.0,45.0,45.0]",0.35,0
6365-MTGZX,"[24.0,96.0,2122.45]",0.36,0
1349-WXNGG,"[1.0,20.05,20.05]",0.37,0
8058-DMYRU,"[54.0,90.05,4931.8]",0.38,0
9350-ZXYJC,"[4.0,25.3,116.95]",0.39,0
6990-YNRIO,"[65.0,108.65,6937.95]",0.4,0
8958-JPTRR,"[56.0,24.3,1261.7]",0.41,0
6959-GQEGV,"[45.0,75.95,3273.8]",0.42,0
3173-WSSUE,"[71.0,19.7,1415.85]",0.43,0
1265-HVPZB,"[59.0,66.4,3958.2]",0.44,0
4115-UMJFQ,"[69.0,35.75,2492.25]",0.45,0
7369-TRPFD,"[19.0,18.8,279.2]",0.46,0
1098-KFQEC,"[55.0,19.4,1083.0]",0.47,0
7190-XHTWJ,"[38.0,19.3,755.5]",0.48,0
0621-TWIEM,"[10.0,45.55,402.6]",0.49,0
3537-RYBHH,"[47.0,67.45,3252.0]",0.5,0
2485-ITVKB,"[2.0,35.1,68.75]",0.51,1
3669-OYSJI,"[1.0,46.2,46.2]",0.52,1
1612-EOHDH,"[1.0,45.15,45.15]",0.53,1
6702-OHFWR,"[1.0,43.3,43.3]",0.54,1
5296-BFCYD,"[46.0,20.1,936.85]",0.55,1
4510-PYUSH,"[38.0,57.15,2250.65]",0.56,1
9359-JANWS,"[65.0,58.9,3857.1]",0.57,1
7517-SAWMO,"[19.0,73.2,1441.1]",0.58,1
4143-HHPMK,"[52.0,85.35,4338.6]",0.59,1
3279-DYZQM,"[71.0,19.45,1378.45]",0.6,1
7054-LGEQW,"[1.0,45.95,45.95]",0.61,1
0523-VNGTF,"[52.0,50.5,2566.3]",0.62,1
9575-IWCAZ,"[6.0,25.1,171.0]",0.63,1
7105-MXJLL,"[26.0,60.7,1597.4]",0.64,1
7064-FRRSW,"[48.0,99.0,4744.35]",0.65,1
7940-UQQUG,"[64.0,104.4,6721.6]",0.66,1
0923-PNFUB,"[3.0,83.75,247.25]",0.67,1
3961-SXAXY,"[1.0,44.05,44.05]",0.68,1
7010-BRBUU,"[72.0,24.1,1734.65]",0.69,1
3566-HJGPK,"[1.0,45.55,45.55]",0.7,1
3062-ICYZQ,"[51.0,93.8,4539.35]",0.71,1
9938-PRCVK,"[41.0,19.7,804.25]",0.72,1
0973-KYVNF,"[72.0,70.65,5011.15]",0.73,1
5129-HHMZC,"[43.0,86.45,3574.5]",0.74,1
9637-CDTKZ,"[72.0,114.1,8086.4]",0.75,1
3946-JEWRQ,"[47.0,95.2,4563.0]",0.76,1
7873-CVMAW,"[72.0,88.55,6362.35]",0.77,1
0463-WZZKO,"[3.0,20.75,67.1]",0.78,1
3494-JCHRQ,"[1.0,70.05,70.05]",0.79,1
6474-FVJLC,"[2.0,86.0,165.45]",0.8,1
4524-QCSSM,"[26.0,44.65,1156.55]",0.81,1
5832-EXGTT,"[29.0,60.2,1834.15]",0.82,1
8840-DQLGN,"[35.0,100.5,3653.35]",0.83,1
2039-JONDJ,"[27.0,55.45,1477.65]",0.84,1
7217-JYHOQ,"[24.0,70.3,1706.45]",0.85,1
6695-FRVEC,"[67.0,60.4,3953.7]",0.86,1
4547-LYTDD,"[16.0,72.65,1194.3]",0.87,1
9894-QMIMJ,"[23.0,55.8,1327.85]",0.88,1
8069-YQQAJ,"[14.0,31.1,419.7]",0.89,1
6770-XUAGN,"[1.0,21.0,21.0]",0.9,1
4193-ORFCL,"[1.0,45.1,45.1]",0.91,1
1636-NTNCO,"[4.0,50.95,207.35]",0.92,1
3466-WAESX,"[16.0,69.1,1083.7]",0.93,1
9281-PKKZE,"[46.0,43.95,2007.85]",0.94,1
3638-VBZTA,"[68.0,86.5,5882.75]",0.95,1
7459-IMVYU,"[38.0,69.95,2657.55]",0.96,1
7776-QWNFX,"[30.0,50.4,1527.5]",0.97,1
6689-TCZHQ,"[5.0,78.95,378.4]",0.98,1
8563-OYMQY,"[17.0,90.95,1612.2]",0.99,1
0754-EEBDC,"[4.0,19.9,76.65]",0.0,0
5777-ZPQNC,"[12.0,20.15,260.7]",0.01,0
1951-IEYXM,"[72.0,90.6,6441.85]",0.02,0
3318-NMQXL,"[3.0,92.0,266.8]",0.03,0
3143-ILDAL,"[56.0,94.45,5124.6]",0.04,0
1022-RKXDR,"[41.0,24.85,962.25]",0.05,0
2361-FJWNO,"[40.0,36.0,1382.9]",0.06,0
2272-UOINI,"[7.0,78.5,571.05]",0.07,0
8232-UTFOZ,"[69.0,19.95,1399.35]",0.08,0
3750-YHRYO,"[7.0,20.65,150.0]",0.09,0
6637-KYRCV,"[5.0,30.5,167.2]",0.1,0
5668-MEISB,"[72.0,106.1,7657.4]",0.11,0
0129-QMPDR,"[44.0,20.5,865.05]",0.12,0
7188-CBBBA,"[65.0,95.5,6153.85]",0.13,0
5356-CSVSQ,"[3.0,64.6,174.2]",0.14,0
3221-CJMSG,"[24.0,51.1,1269.6]",0.15,0
4720-VSTSI,"[44.0,84.8,3862.55]",0.16,0
3219-JQRSL,"[72.0,89.1,6352.4]",0.17,0
2801-NISEI,"[24.0,54.95,1348.5]",0.18,0
3946-MHCZW,"[1.0,50.9,50.9]",0.19,0
4623-ZKHLY,"[22.0,20.45,471.55]",0.2,0
6732-VAILE,"[70.0,85.95,5931.75]",0.21,0
8201-AAXCB,"[25.0,60.35,1404.65]",0.22,0
7696-CFTAT,"[37.0,19.8,726.1]",0.23,0
1845-CSBRZ,"[22.0,85.35,1961.6]",0.24,0
2123-VSCOT,"[59.0,72.1,4194.85]",0.25,0
6651-AZVTJ,"[49.0,99.8,4872.45]",0.26,0
4566-GOLUK,"[47.0,107.35,5118.95]",0.27,0
2484-DGXPZ,"[31.0,19.55,658.95]",0.28,0
2018-QKYGT,"[1.0,81.05,81.05]",0.29,0
2792-VPPET,"[3.0,20.5,76.95]",0.3,0
7409-JURKQ,"[53.0,111.8,5809.75]",0.31,0
3247-MHJKM,"[1.0,20.2,20.2]",0.32,0
1964-SVLEA,"[20.0,19.7,415.9]",0.33,0
4587-NUKOX,"[3.0,79.1,246.5]",0.34,0
7297-DVYGA,"[51.0,19.85,996.95]",0.35,0
2239-CGBUZ,"[51.0,60.5,3145.15]",0.36,0
0854-UYHZD,"[13.0,19.55,265.3]",0.37,0
7243-LCGGZ,"[1.0,20.9,20.9]",0.38,0
8267-KFGYD,"[1.0,21.05,21.05]",0.39,0
4890-VMUAV,"[63.0,71.5,4576.3]",0.4,0
9261-WDCAF,"[3.0,54.65,189.1]",0.41,0
3764-MNMOI,"[46.0,19.2,908.15]",0.42,0
7442-YGZFK,"[1.0,49.8,49.8]",0.43,0
0420-BWTPW,"[8.0,25.5,215.2]",0.44,0
8229-BUJHX,"[71.0,20.5,1500.95]",0.45,0
7449-HVPIV,"[55.0,90.4,5099.15]",0.46,0
5504-WSIUR,"[70.0,90.25,6385.95]",0.47,0
8183-ONMXC,"[2.0,80.75,159.45]",0.48,0
8466-PZBLH,"[67.0,104.6,6885.75]",0.49,0
9614-RMGHA,"[65.0,91.85,5940.85]",0.5,0
8735-IJJEG,"[14.0,50.2,668.85]",0.51,1
0564-MUUQK,"[20.0,95.5,1916.2]",0.52,1
5054-IEXZT,"[1.0,75.35,75.35]",0.53,1
5834-ASPWA,"[1.0,75.45,75.45]",0.54,1
0701-RFGFI,"[49.0,95.4,4613.95]",0.55,1
0019-EFAEP,"[72.0,101.3,7261.25]",0.56,1
5619-PTMIK,"[46.0,53.1,2459.8]",0.57,1
3737-XBQDD,"[24.0,84.85,2048.8]",0.58,1
5882-CMAZQ,"[5.0,34.25,163.55]",0.59,1
5846-QFDFI,"[33.0,88.6,2888.7]",0.6,1
4445-KWOKW,"[42.0,60.15,2421.6]",0.61,1
3511-APPBJ,"[23.0,99.95,2292.75]",0.62,1
7967-HYCDE,"[8.0,70.7,553.4]",0.63,1
2430-RRYUW,"[66.0,54.8,3465.7]",0.64,1
3948-XHGNA,"[24.0,49.55,1210.4]",0.65,1
3723-BFBGR,"[24.0,54.8,1291.3]",0.66,1
0565-IYCGT,"[69.0,78.6,5356.45]",0.67,1
5447-WZAFP,"[53.0,100.3,5200.8]",0.68,1
5110-CHOPY,"[60.0,53.6,3237.05]",0.69,1
5445-UTODQ,"[7.0,81.1,576.65]",0.7,1
4425-OWHWB,"[20.0,19.35,433.75]",0.71,1
7892-QVYKW,"[23.0,85.6,1868.4]",0.72,1
9675-ICXCT,"[72.0,80.8,5728.55]",0.73,1
1024-VRZHF,"[11.0,74.95,825.7]",0.74,1
4703-MQYKT,"[21.0,19.6,390.4]",0.75,1
9497-QCMMS,"[1.0,93.55,93.55]",0.76,1
5692-ICXLW,"[31.0,90.7,2845.15]",0.77,1
0602-DDUML,"[57.0,69.75,3894.4]",0.78,1
2208-MPXIO,"[45.0,20.0,886.4]",0.79,1
1960-UYCNN,"[10.0,95.25,1021.55]",0.8,1
0348-SDKOL,"[58.0,102.1,5885.4]",0.81,1
3190-FZATL,"[14.0,19.95,268.4]",0.82,1
7336-RLLRH,"[27.0,80.85,2204.35]",0.83,1
4373-MAVJG,"[14.0,90.9,1259.0]",0.84,1
8901-HJXTF,"[12.0,29.2,309.1]",0.85,1
7710-JSYOA,"[69.0,93.3,6398.05]",0.86,1
5419-KLXBN,"[25.0,89.15,2257.75]",0.87,1
3424-NMNBO,"[58.0,108.85,6287.25]",0.88,1
9885-MFVSU,"[35.0,46.35,1662.05]",0.89,1
4514-GFCFI,"[16.0,84.75,1350.15]",0.9,1
0607-MVMGC,"[45.0,78.75,3600.65]",0.91,1
3365-SAIGS,"[17.0,83.55,1329.15]",0.92,1
9828-AOQLM,"[1.0,45.7,45.7]",0.93,1
8022-BECSI,"[22.0,19.6,422.5]",0.94,1
8000-REIQB,"[1.0,69.95,69.95]",0.95,1
9993-LHIEB,"[67.0,67.85,4627.65]",0.96,1
0266-CLZKZ,"[67.0,105.65,6717.9]",0.97,1
7615-ESMYF,"[2.0,44.6,97.1]",0.98,1
3858-VOBET,"[23.0,74.95,1710.45]",0.99,1
7020-OZKXZ,"[9.0,75.5,637.4]",0.0,0
3977-QCRSL,"[5.0,20.15,117.95]",0.01,0
0017-DINOC,"[54.0,45.2,2460.55]",0.02,0
1447-PJGGA,"[57.0,95.25,5464.65]",0.03,0
8565-CLBZW,"[24.0,89.85,2165.05]",0.04,0
9139-WQQDY,"[49.0,100.45,4941.8]",0.05,0
0224-HJAPT,"[5.0,47.15,223.15]",0.06,0
8086-OVPWV,"[2.0,80.2,181.1]",0.07,0
9430-FRQOC,"[4.0,87.1,341.45]",0.08,0
7639-OPLNG,"[70.0,79.25,5731.85]",0.09,0
3074-GQWYX,"[5.0,75.9,357.75]",0.1,0
1492-QGCLU,"[53.0,85.7,4616.1]",0.11,0
6845-RGTYS,"[47.0,98.75,4533.7]",0.12,0
7328-OWMOM,"[31.0,20.1,589.25]",0.13,0
4418-LZMSV,"[13.0,61.8,750.1]",0.14,0
5155-AZQPB,"[28.0,49.9,1410.25]",0.15,0
8861-HGGKB,"[10.0,86.45,830.85]",0.16,0
1087-GRUYI,"[38.0,20.4,743.5]",0.17,0
7065-YUNRY,"[1.0,45.3,45.3]",0.18,0
7694-VLBWQ,"[67.0,104.1,7040.85]",0.19,0
2546-KZAAT,"[52.0,75.4,3865.45]",0.2,0
0181-RITDD,"[62.0,108.15,6825.65]",0.21,0
5989-PGKJB,"[16.0,86.25,1340.1]",0.22,0
4795-KTRTH,"[5.0,81.0,371.65]",0.23,0
8272-ONJLV,"[12.0,95.7,1184.0]",0.24,0
1488-PBLJN,"[72.0,116.85,8477.7]",0.25,0
0308-GIQJT,"[71.0,105.75,7382.85]",0.26,0
3778-FOAQW,"[24.0,20.15,456.85]",0.27,0
4452-ROHMO,"[15.0,19.6,331.6]",0.28,0
6481-OGDOO,"[67.0,90.6,6056.15]",0.29,0
3090-LETTY,"[2.0,60.95,134.6]",0.3,0
5349-AZPEW,"[5.0,25.05,125.5]",0.31,0
3753-TSEMP,"[15.0,88.15,1390.6]",0.32,0
8305-VHZBZ,"[1.0,20.2,20.2]",0.33,0
9720-JJJOR,"[41.0,60.3,2511.3]",0.34,0
8100-HZZLJ,"[43.0,63.95,2737.05]",0.35,0
8775-ERLNB,"[1.0,74.3,74.3]",0.36,0
8309-IEYJD,"[1.0,70.6,70.6]",0.37,0
9172-JITSM,"[26.0,90.8,2361.8]",0.38,0
6298-QDFNH,"[22.0,79.35,1730.35]",0.39,0
7398-HPYZQ,"[71.0,90.55,6404.0]",0.4,0
3546-GHEAE,"[7.0,19.45,165.35]",0.41,0
7361-YPXFS,"[28.0,64.45,1867.6]",0.42,0
6557-BZXLQ,"[16.0,69.65,1043.3]",0.43,0
2550-QHZGP,"[7.0,19.5,128.6]",0.44,0
7519-JTWQH,"[69.0,110.5,7455.45]",0.45,0
2538-OIMXF,"[1.0,24.7,24.7]",0.46,0
8543-MSDMF,"[3.0,77.4,206.15]",0.47,0
9961-JBNMK,"[21.0,96.8,2030.3]",0.48,0
1170-SASML,"[69.0,85.4,5869.4]",0.49,0
4872-JCVCA,"[71.0,47.6,3377.8]",0.5,0
5346-BZCHP,"[69.0,19.4,1346.2]",0.51,1
2038-LLMLM,"[48.0,103.85,4946.05]",0.52,1
6173-ITPWD,"[47.0,83.35,4065.0]",0.53,1
9734-UYXQI,"[2.0,49.4,106.55]",0.54,1
1216-BGTSP,"[45.0,108.45,4964.7]",0.55,1
4138-NAXED,"[51.0,81.0,4085.75]",0.56,1
2189-UXTKY,"[22.0,79.2,1742.75]",0.57,1
0744-BIKKF,"[72.0,86.65,6224.8]",0.58,1
7483-IQWIB,"[37.0,92.95,3415.25]",0.59,1
5248-KWLAR,"[71.0,90.35,6325.25]",0.6,1
4958-GZWIY,"[7.0,48.7,340.25]",0.61,1
7996-MHXLW,"[66.0,25.15,1683.6]",0.62,1
7833-PKIHD,"[51.0,76.4,3966.3]",0.63,1
7061-OVMIM,"[30.0,19.55,608.5]",0.64,1
5153-RTHKF,"[34.0,85.35,2896.6]",0.65,1
1852-QSWCD,"[64.0,24.8,1514.85]",0.66,1
4832-VRBMR,"[65.0,103.15,6792.45]",0.67,1
9079-LWTFD,"[47.0,100.75,4669.2]",0.68,1
6356-ELRKD,"[1.0,95.6,95.6]",0.69,1
8624-GIOUT,"[49.0,59.75,2934.3]",0.7,1
3392-EHMNK,"[67.0,94.1,6302.8]",0.71,1
5986-WWXDV,"[39.0,19.35,779.2]",0.72,1
3061-BCKYI,"[14.0,19.9,283.75]",0.73,1
6179-GJPSO,"[43.0,108.15,4600.7]",0.74,1
7901-TBKJX,"[56.0,101.05,5594.0]",0.75,1
7228-PAQPD,"[14.0,59.1,772.85]",0.76,1
3177-LASXD,"[1.0,71.35,71.35]",0.77,1
7746-QYVCO,"[16.0,55.85,857.8]",0.78,1
5804-HYIEZ,"[70.0,106.05,7554.05]",0.79,1
9919-FZDED,"[72.0,84.1,5981.65]",0.8,1
5934-TSSAU,"[23.0,75.3,1702.9]",0.81,1
3486-KHMLI,"[21.0,24.7,467.15]",0.82,1
4897-QSUYC,"[1.0,20.15,20.15]",0.83,1
1084-UQCHV,"[1.0,69.75,69.75]",0.84,1
8290-YWKHZ,"[32.0,93.2,2931.0]",0.85,1
2955-BJZHG,"[17.0,80.85,1400.85]",0.86,1
3806-DXQOM,"[4.0,33.65,137.85]",0.87,1
6784-XYJAE,"[36.0,55.8,1941.5]",0.88,1
3933-DQPWX,"[50.0,39.7,1932.75]",0.89,1
6661-EIPZC,"[48.0,29.5,1423.05]",0.9,1
8957-THMOA,"[50.0,20.15,970.85]",0.91,1
2251-PYLPB,"[72.0,79.55,5810.9]",0.92,1
5555-RNPGT,"[10.0,24.8,223.9]",0.93,1
1057-FOGLZ,"[18.0,19.65,391.7]",0.94,1
9300-RENDD,"[1.0,79.95,79.95]",0.95,1
0761-AETCS,"[1.0,19.3,19.3]",0.96,1
8087-LGYHQ,"[9.0,94.05,811.65]",0.97,1
4137-BTIKL,"[2.0,90.75,174.75]",0.98,1
2190-BCXEC,"[40.0,78.85,3126.85]",0.99,1
6227-FBDXH,"[69.0,99.5,6841.45]",0.0,0
2153-MREFK,"[37.0,99.2,3754.6]",0.01,0
2911-WDXMV,"[18.0,80.55,1406.65]",0.02,0
7206-PQBBZ,"[11.0,70.2,834.7]",0.03,0
3106-ULWFW,"[8.0,85.2,627.4]",0.04,0
0925-VYDLG,"[3.0,75.25,242.0]",0.05,0
4547-FZJWE,"[55.0,59.45,3157.0]",0.06,0
7422-WNBTY,"[33.0,93.35,3092.0]",0.07,0
0842-IWYCP,"[46.0,44.95,2168.9]",0.08,0
3521-HTQTV,"[34.0,26.1,980.35]",0.09,0
3744-ZBHON,"[3.0,20.2,65.95]",0.1,0
3373-DIUUN,"[30.0,21.25,711.9]",0.11,0
8383-SGHJU,"[33.0,59.4,1952.8]",0.12,0
7607-QKKTJ,"[45.0,95.0,4368.85]",0.13,0
7707-PYBBH,"[40.0,61.9,2647.1]",0.14,0
8984-HPEMB,"[71.0,118.65,8477.6]",0.15,0
4349-GFQHK,"[1.0,54.35,54.35]",0.16,0
4139-DETXS,"[72.0,64.45,4528.0]",0.17,0
9779-DPNEJ,"[22.0,80.15,1790.65]",0.18,0
9805-FILKB,"[46.0,20.2,845.6]",0.19,0
5793-YOLJN,"[55.0,21.0,1210.3]",0.2,0
0673-IGUQO,"[1.0,20.45,20.45]",0.21,0
4123-FCVCB,"[12.0,75.85,854.45]",0.22,0
8819-IMISP,"[31.0,80.45,2429.1]",0.23,0
7802-EFKNY,"[5.0,24.95,100.4]",0.24,0
8311-UEUAB,"[67.0,75.5,5229.45]",0.25,0
5858-EAFCZ,"[1.0,44.45,44.45]",0.26,0
8035-BUYVG,"[40.0,42.35,1716.45]",0.27,0
1163-ONYEY,"[41.0,74.55,3023.55]",0.28,0
9787-XVQIU,"[1.0,75.3,75.3]",0.29,0
8945-MUQUF,"[51.0,94.8,4837.6]",0.3,0
5656-MJEFC,"[42.0,48.15,2032.3]",0.31,0
6082-OQFBA,"[23.0,19.65,436.9]",0.32,0
8051-HJRLT,"[1.0,70.55,70.55]",0.33,0
8974-OVACP,"[1.0,20.15,20.15]",0.34,0
4010-YLMVT,"[56.0,106.6,5893.95]",0.35,0
1379-FRVEB,"[15.0,91.0,1430.05]",0.36,0
8612-GXIDD,"[12.0,25.4,313.0]",0.37,0
6288-CHQJB,"[54.0,69.95,3871.85]",0.38,0
8160-HOWOX,"[7.0,66.85,458.1]",0.39,0
3023-GFLBR,"[33.0,86.15,2745.7]",0.4,0
6648-INWPS,"[16.0,20.15,341.35]",0.41,0
4223-BKEOR,"[21.0,64.85,1336.8]",0.42,0
4079-VTGLK,"[30.0,74.85,2181.75]",0.43,0
1763-WQFUK,"[3.0,50.5,147.75]",0.44,0
1391-UBDAR,"[11.0,72.9,818.45]",0.45,0
8894-JVDCV,"[62.0,115.05,7133.45]",0.46,0
2023-VQFDL,"[18.0,19.0,348.8]",0.47,0
1345-GKDZZ,"[6.0,19.55,128.6]",0.48,0
2014-MKGMH,"[46.0,101.1,4674.4]",0.49,0
5628-FCGYG,"[21.0,84.1,1737.45]",0.5,0
2560-WBWXF,"[68.0,24.15,1498.85]",0.51,1
0248-IPDFW,"[1.0,50.1,50.1]",0.52,1
7978-DKUQH,"[25.0,74.6,1797.75]",0.53,1
4335-UPJSI,"[24.0,19.75,498.1]",0.54,1
0524-IAVZO,"[30.0,85.0,2624.25]",0.55,1
2737-YNGYW,"[2.0,80.55,184.1]",0.56,1
1784-EZDKJ,"[51.0,106.8,5498.8]",0.57,1
9297-FVVDH,"[57.0,84.5,4845.4]",0.58,1
8007-YYPWD,"[15.0,25.05,369.1]",0.59,1
7101-HRBLJ,"[72.0,83.7,6096.9]",0.6,1
5159-YFPKQ,"[2.0,75.8,160.75]",0.61,1
6635-CPNUN,"[28.0,96.6,2684.35]",0.62,1
4021-RQSNY,"[29.0,98.5,3004.15]",0.63,1
5453-YBTWV,"[70.0,101.1,6994.8]",0.64,1
5039-LZRQT,"[13.0,20.2,273.25]",0.65,1
2931-VUVJN,"[59.0,94.05,5483.9]",0.66,1
9061-TIHDA,"[13.0,95.25,1233.65]",0.67,1
8699-ASUFO,"[7.0,74.4,527.9]",0.68,1
6418-PIQSP,"[62.0,81.0,4985.9]",0.69,1
8220-OCUFY,"[21.0,60.25,1258.35]",0.7,1
3995-WFCSM,"[2.0,60.85,111.4]",0.71,1
1895-QTKDO,"[1.0,43.95,43.95]",0.72,1
2038-OEQZH,"[4.0,86.05,308.1]",0.73,1
1178-PZGAB,"[19.0,20.25,383.65]",0.74,1
7927-AUXBZ,"[30.0,85.15,2555.9]",0.75,1
2626-VEEWG,"[67.0,19.4,1284.2]",0.76,1
2878-RMWXY,"[72.0,102.65,7550.3]",0.77,1
1657-DYMBM,"[53.0,19.9,1110.05]",0.78,1
7311-MQJCH,"[5.0,19.55,99.6]",0.79,1
7375-WMVMT,"[71.0,95.5,6707.15]",0.8,1
1136-XGEQU,"[50.0,84.15,4164.4]",0.81,1
2530-FMFXO,"[56.0,103.2,5873.75]",0.82,1
6844-DZKRF,"[2.0,50.2,109.25]",0.83,1
4695-WJZUE,"[2.0,88.55,179.25]",0.84,1
7619-ODSGN,"[24.0,54.75,1338.15]",0.85,1
5970-GHJAW,"[46.0,19.95,862.4]",0.86,1
8879-XUAHX,"[71.0,116.25,8564.75]",0.87,1
3689-MOZGR,"[29.0,31.2,926.2]",0.88,1
4195-PNGZS,"[69.0,24.45,1718.2]",0.89,1
5003-XZWWO,"[71.0,84.2,5956.85]",0.9,1
3988-RQIXO,"[1.0,91.3,91.3]",0.91,1
7622-FWGEW,"[56.0,85.65,4824.45]",0.92,1
6922-NCEDI,"[56.0,21.2,1238.65]",0.93,1
2514-GINMM,"[1.0,79.5,79.5]",0.94,1
9891-NQDBD,"[28.0,25.55,672.2]",0.95,1
6131-IUNXN,"[19.0,20.2,382.2]",0.96,1
8548-AWOFC,"[66.0,63.85,4264.6]",0.97,1
9798-DRYDS,"[17.0,61.95,1070.7]",0.98,1
8532-UEFWH,"[52.0,25.75,1345.85]",0.99,1
6296-DDOOR,"[19.0,58.2,1045.25]",0.0,0
7951-VRDVK,"[36.0,85.85,3003.55]",0.01,0
5931-FLJJF,"[7.0,70.1,467.55]",0.02,0
4815-YOSUK,"[72.0,104.9,7537.5]",0.03,0
2659-VXMWZ,"[67.0,111.3,7482.1]",0.04,0
0380-NEAVX,"[34.0,99.85,3343.15]",0.05,0
3207-OYBWH,"[57.0,95.25,5427.05]",0.06,0
4285-GYRQC,"[7.0,86.25,587.1]",0.07,0
7216-EWTRS,"[1.0,100.8,100.8]",0.08,0
4365-MSDYN,"[8.0,19.55,161.15]",0.09,0
7036-TYDEC,"[69.0,104.0,7028.5]",0.1,0
5802-ADBRC,"[50.0,104.4,5232.9]",0.11,0
8076-FEZKJ,"[10.0,19.5,225.85]",0.12,0
5197-YPYBZ,"[12.0,25.25,274.7]",0.13,0
8337-MSSXB,"[14.0,86.3,1180.95]",0.14,0
4312-GVYNH,"[70.0,49.85,3370.2]",0.15,0
8495-LJDFO,"[64.0,108.95,7111.3]",0.16,0
0839-JTCUD,"[66.0,89.9,5958.85]",0.17,0
5494-WOZRZ,"[71.0,82.0,5999.85]",0.18,0
1302-UHBDD,"[20.0,89.95,1648.45]",0.19,0
2234-EOFPT,"[72.0,79.35,5753.25]",0.2,0
8619-IJNDK,"[71.0,64.05,4492.9]",0.21,0
8378-LKJAF,"[38.0,101.15,3956.7]",0.22,0
8182-BJDSI,"[28.0,89.95,2625.55]",0.23,0
2528-HFYZX,"[17.0,76.45,1233.4]",0.24,0
1153-GNOLC,"[33.0,39.1,1309.0]",0.25,0
3298-QEICA,"[23.0,34.6,813.45]",0.26,0
0788-DXBFY,"[58.0,19.55,1108.8]",0.27,0
3597-YASZG,"[70.0,104.45,7349.35]",0.28,0
3496-LFSZU,"[4.0,70.5,294.2]",0.29,0
5242-UOWHD,"[45.0,20.35,929.2]",0.3,0
2482-CZGBB,"[10.0,70.0,740.0]",0.31,0
6479-SZPLM,"[36.0,19.45,754.5]",0.32,0
8097-VBQTZ,"[54.0,69.9,3883.3]",0.33,0
4500-HKANN,"[23.0,59.7,1414.2]",0.34,0
9917-KWRBE,"[41.0,78.35,3211.2]",0.35,0
3420-ZDBMA,"[5.0,71.45,371.6]",0.36,0
2212-LYASK,"[27.0,45.85,1246.4]",0.37,0
1393-IMKZG,"[1.0,95.85,95.85]",0.38,0
8069-RHUXK,"[67.0,35.7,2545.7]",0.39,0
3398-GCPMU,"[72.0,89.55,6448.85]",0.4,0
2908-WGAXL,"[56.0,24.95,1468.9]",0.41,0
3378-AJRAO,"[44.0,24.85,1013.6]",0.42,0
1013-QCWAM,"[66.0,100.8,6690.75]",0.43,0
0866-QLSIR,"[34.0,64.4,2088.75]",0.44,0
6050-FFXES,"[69.0,105.35,7240.65]",0.45,0
7181-BQYBV,"[1.0,102.45,102.45]",0.46,0
0362-RAOQO,"[40.0,19.65,830.25]",0.47,0
9554-DFKIC,"[30.0,54.45,1588.7]",0.48,0
5527-ACHSO,"[11.0,70.5,829.3]",0.49,0
0829-DDVLK,"[15.0,20.1,302.45]",0.5,0
1399-UBQIU,"[11.0,69.35,712.25]",0.51,1
1813-JLKWR,"[64.0,19.8,1336.65]",0.52,1
0336-PIKEI,"[72.0,74.4,5360.75]",0.53,1
7322-OCWHC,"[72.0,93.05,6735.05]",0.54,1
9537-VHDTA,"[1.0,51.2,51.2]",0.55,1
4957-TIALW,"[15.0,65.6,1010.0]",0.56,1
2054-PJOCK,"[60.0,80.55,4847.05]",0.57,1
9150-HEPMB,"[56.0,52.7,3019.7]",0.58,1
9030-QGZNL,"[8.0,20.85,161.65]",0.59,1
6204-IEUXJ,"[3.0,80.1,217.55]",0.6,1
3126-WQMGH,"[49.0,52.15,2583.75]",0.61,1
4529-CKBCL,"[2.0,80.2,146.05]",0.62,1
2506-CLAKW,"[6.0,98.15,567.45]",0.63,1
7176-WRTNX,"[70.0,114.95,7711.25]",0.64,1
1583-IHQZE,"[12.0,112.95,1384.75]",0.65,1
5732-IKGQH,"[52.0,104.45,5481.25]",0.66,1
9239-GZHZE,"[72.0,113.65,8124.2]",0.67,1
7205-BAIAD,"[40.0,20.6,827.3]",0.68,1
0151-ONTOV,"[1.0,70.9,70.9]",0.69,1
4140-MUHUG,"[3.0,86.85,220.95]",0.7,1
0093-EXYQL,"[40.0,91.55,3673.6]",0.71,1
8064-RAVOH,"[1.0,49.85,49.85]",0.72,1
0219-QAERP,"[30.0,19.8,576.65]",0.73,1
0320-JDNQG,"[23.0,99.85,2331.3]",0.74,1
7180-PISOG,"[1.0,74.5,74.5]",0.75,1
9168-INPSZ,"[44.0,104.15,4495.65]",0.76,1
3571-RFHAR,"[65.0,109.15,6941.2]",0.77,1
0015-UOCOJ,"[7.0,48.2,340.35]",0.78,1
5334-AFQJB,"[72.0,25.1,1789.9]",0.79,1
2754-SDJRD,"[8.0,100.15,908.55]",0.8,1
9578-VRMNM,"[16.0,65.2,1043.35]",0.81,1
1587-FKLZB,"[66.0,99.5,6822.15]",0.82,1
6140-QNRQQ,"[1.0,71.55,71.55]",0.83,1
8963-JLGJT,"[3.0,55.9,157.55]",0.84,1
4307-KTUMW,"[53.0,93.9,5029.2]",0.85,1
1465-LNTLJ,"[8.0,64.4,581.7]",0.86,1
5440-FLBQG,"[69.0,108.4,7318.2]",0.87,1
2135-DQWAQ,"[5.0,85.3,420.45]",0.88,1
4056-QHXHZ,"[72.0,107.45,7576.7]",0.89,1
7470-MCQTK,"[13.0,48.75,633.4]",0.9,1
7488-MXJIV,"[4.0,85.65,321.65]",0.91,1
7401-JIXNM,"[54.0,91.3,4965.0]",0.92,1
9339-FIIJL,"[72.0,85.95,6151.9]",0.93,1
2027-FECZV,"[12.0,106.7,1253.9]",0.94,1
2672-DZUOY,"[1.0,25.15,25.15]",0.95,1
4706-DGAHW,"[1.0,45.2,45.2]",0.96,1
3870-MQAMG,"[54.0,110.35,5893.15]",0.97,1
6670-MFRPK,"[69.0,79.2,5420.65]",0.98,1
6177-PEVRA,"[48.0,55.5,2627.35]",0.99,1
4800-CZMPC,"[48.0,103.25,5037.55]",0.0,0
4813-HQMGZ,"[8.0,90.25,743.75]",0.01,0
7579-KKLOE,"[71.0,91.25,6589.6]",0.02,0
7377-DMMRI,"[2.0,47.8,92.45]",0.03,0
8402-EIVQS,"[67.0,100.9,6733.15]",0.04,0
4947-DSMXK,"[34.0,97.7,3410.0]",0.05,0
7245-NIIWQ,"[3.0,69.85,199.85]",0.06,0
0002-ORFBO,"[9.0,65.6,593.3]",0.07,0
3324-OIRTO,"[71.0,104.65,7288.4]",0.08,0
5414-OFQCB,"[57.0,90.45,5229.8]",0.09,0
4967-WPNCF,"[72.0,63.7,4464.8]",0.1,0
8552-OBVRU,"[48.0,104.5,5068.05]",0.11,0
8499-BRXTD,"[18.0,20.1,401.85]",0.12,0
9154-QDGTH,"[43.0,104.3,4451.85]",0.13,0
8197-BFWVU,"[72.0,93.25,6688.95]",0.14,0
2577-GVSIL,"[35.0,73.45,2661.1]",0.15,0
9367-OIUXP,"[4.0,20.7,73.05]",0.16,0
6770-UAYGJ,"[49.0,25.25,1211.65]",0.17,0
6463-HHXJR,"[71.0,100.5,7030.65]",0.18,0
7928-VJYAB,"[11.0,90.6,1020.2]",0.19,0
1187-WILMM,"[63.0,89.4,5597.65]",0.2,0
9776-OJUZI,"[65.0,95.45,6223.3]",0.21,0
1306-RPWXZ,"[49.0,20.45,1024.65]",0.22,0
8949-JTMAY,"[29.0,98.6,2933.2]",0.23,0
2774-LVQUS,"[15.0,83.05,1258.3]",0.24,0
3097-PYWXL,"[4.0,19.95,82.9]",0.25,0
2266-SJNAT,"[72.0,109.15,7789.6]",0.26,0
0869-PAPRP,"[26.0,85.7,2067.0]",0.27,0
4238-JSSWH,"[35.0,102.05,3452.55]",0.28,0
2972-YDYUW,"[57.0,94.7,5468.95]",0.29,0
1104-FEJAM,"[28.0,64.4,1802.15]",0.3,0
2809-ILCYT,"[25.0,26.8,733.55]",0.31,0
5499-ECUTN,"[47.0,66.05,3021.45]",0.32,0
4981-FLTMF,"[57.0,65.2,3687.85]",0.33,0
9121-PHQSR,"[16.0,85.05,1391.15]",0.34,0
3113-IWHLC,"[5.0,55.8,274.35]",0.35,0
3211-ILJTT,"[17.0,70.4,1214.05]",0.36,0
4612-THJBS,"[56.0,104.75,5510.65]",0.37,0
4277-BWBML,"[72.0,19.95,1322.85]",0.38,0
4094-NSEDU,"[21.0,94.25,1973.75]",0.39,0
0234-TEVTT,"[48.0,45.0,2196.3]",0.4,0
4304-TSPVK,"[68.0,114.9,7843.55]",0.41,0
1552-AAGRX,"[30.0,106.4,3211.9]",0.42,0
2637-FKFSY,"[3.0,46.1,130.15]",0.43,0
9796-MVYXX,"[14.0,39.7,692.35]",0.44,0
7874-ECPQJ,"[4.0,20.05,85.5]",0.45,0
0020-INWCK,"[71.0,95.75,6849.4]",0.46,0
7089-RKVSZ,"[8.0,24.4,203.95]",0.47,0
2683-JXWQQ,"[61.0,33.6,2117.2]",0.48,0
9548-ZMVTX,"[72.0,90.45,6565.85]",0.49,0
8739-XNIKG,"[5.0,84.0,424.75]",0.5,0
9755-JHNMN,"[49.0,67.4,3306.85]",0.51,1
3981-QSVQI,"[8.0,19.7,168.9]",0.52,1
2789-HQBOU,"[3.0,80.35,253.8]",0.53,1
9424-CMPOG,"[9.0,19.6,197.4]",0.54,1
5067-WJEUN,"[67.0,54.2,3838.2]",0.55,1
3450-WXOAT,"[46.0,45.2,2065.15]",0.56,1
9251-WNSOD,"[67.0,75.1,5064.45]",0.57,1
6974-DAFLI,"[55.0,19.7,1140.05]",0.58,1
2616-UUTFK,"[33.0,72.75,2447.45]",0.59,1
7064-JHXCE,"[62.0,20.05,1263.9]",0.6,1
5103-MHMHY,"[1.0,45.95,45.95]",0.61,1
7989-AWGEH,"[49.0,39.2,1838.15]",0.62,1
4373-VVHQL,"[1.0,44.75,44.75]",0.63,1
4559-UWIHT,"[14.0,82.65,1185.0]",0.64,1
7268-IGMFD,"[18.0,93.9,1743.9]",0.65,1
1846-XWOQN,"[1.0,70.15,70.15]",0.66,1
0235-KGSLC,"[1.0,85.55,85.55]",0.67,1
6650-BWFRT,"[72.0,117.15,8529.5]",0.68,1
9570-KYEUA,"[64.0,99.25,6549.45]",0.69,1
6993-YGFJV,"[69.0,112.55,7806.5]",0.7,1
2712-SYWAY,"[1.0,25.7,25.7]",0.71,1
0730-BGQGF,"[71.0,90.3,6287.3]",0.72,1
5498-IBWPI,"[66.0,49.4,3251.85]",0.73,1
9101-NTIXF,"[2.0,19.4,50.6]",0.74,1
0013-SMEOE,"[71.0,109.7,7904.25]",0.75,1
9314-QDMDW,"[11.0,61.25,729.95]",0.76,1
9308-ANMVE,"[47.0,55.3,2654.05]",0.77,1
2884-GBPFB,"[35.0,70.3,2416.55]",0.78,1
3757-NJYBX,"[32.0,106.35,3520.75]",0.79,1
3413-DHLPB,"[60.0,103.75,5969.95]",0.8,1
7649-PHJVR,"[11.0,19.5,226.8]",0.81,1
6114-TCFID,"[29.0,39.5,1082.75]",0.82,1
3787-TRIAL,"[21.0,26.05,565.75]",0.83,1
2573-GYRUU,"[48.0,91.05,4370.75]",0.84,1
5156-UMKOW,"[3.0,29.65,90.05]",0.85,1
1247-QBVSH,"[43.0,50.2,2169.4]",0.86,1
6734-GMPVK,"[5.0,105.3,550.6]",0.87,1
9822-OAOVB,"[1.0,55.45,55.45]",0.88,1
6161-ERDGD,"[71.0,85.45,6300.85]",0.89,1
1226-JZNKR,"[8.0,19.8,160.05]",0.9,1
7318-EIVKO,"[8.0,59.25,436.6]",0.91,1
3771-PZOBW,"[20.0,90.7,1781.35]",0.92,1
5136-KCKGI,"[33.0,103.7,3467.0]",0.93,1
8231-BSWXX,"[71.0,79.05,5552.5]",0.94,1
6486-LHTMA,"[31.0,90.7,2835.5]",0.95,1
4083-BFNYK,"[38.0,95.0,3591.25]",0.96,1
3722-WPXTK,"[1.0,88.35,88.35]",0.97,1
7389-KBFIT,"[2.0,30.25,63.75]",0.98,1
7176-WIONM,"[12.0,49.85,617.15]",0.99,1
5141-ZUVBH,"[9.0,93.0,870.25]",0.0,0
1089-HDMKP,"[11.0,54.55,601.25]",0.01,0
7623-HKYRK,"[6.0,19.7,111.65]",0.02,0
0310-SUCIN,"[71.0,84.8,6046.1]",0.03,0
5197-PYEPU,"[42.0,94.45,3923.8]",0.04,0
2929-ERCFZ,"[8.0,94.2,777.3]",0.05,0
7548-SEPYI,"[5.0,96.25,512.45]",0.06,0
8835-VSDSE,"[2.0,70.7,141.45]",0.07,0
6619-RPLQZ,"[45.0,20.85,892.15]",0.08,0
3275-RHRNE,"[28.0,60.0,1682.05]",0.09,0
3503-TYDAY,"[43.0,80.45,3398.9]",0.1,0
6901-GOGZG,"[60.0,84.95,4984.85]",0.11,0
1623-NLDOT,"[42.0,33.55,1445.3]",0.12,0
7021-XSNYE,"[7.0,49.65,305.55]",0.13,0
9621-OUPYD,"[25.0,20.2,507.9]",0.14,0
9898-KZQDZ,"[40.0,94.55,3640.45]",0.15,0
8982-NHAVY,"[27.0,100.5,2673.45]",0.16,0
4307-KWMXE,"[10.0,35.75,389.8]",0.17,0
0141-YEAYS,"[27.0,86.45,2401.05]",0.18,0
2450-ZKEED,"[11.0,53.8,651.55]",0.19,0
3694-DELSO,"[4.0,38.55,156.1]",0.2,0
3893-JRNFS,"[68.0,39.9,2796.35]",0.21,0
9603-OAIHC,"[1.0,70.05,70.05]",0.22,0
1133-KXCGE,"[18.0,20.1,407.05]",0.23,0
5236-PERKL,"[57.0,112.95,6465.0]",0.24,0
0142-GVYSN,"[26.0,20.3,511.25]",0.25,0
1049-FYSYG,"[17.0,35.65,646.05]",0.26,0
7854-FOKSF,"[1.0,35.9,35.9]",0.27,0
2519-FAKOD,"[38.0,99.25,3777.15]",0.28,0
8406-LNMHF,"[59.0,82.95,4903.15]",0.29,0
1821-BUCWY,"[30.0,55.65,1653.85]",0.3,0
8263-JQAIK,"[2.0,24.45,47.5]",0.31,0
0023-UYUPN,"[50.0,25.2,1306.3]",0.32,0
8314-DPQHL,"[9.0,50.8,463.6]",0.33,0
1465-WCZVT,"[3.0,19.65,60.65]",0.34,0
9481-SFCQY,"[14.0,59.8,824.85]",0.35,0
6360-SVNWV,"[31.0,73.55,2094.65]",0.36,0
0567-GGCAC,"[7.0,61.4,438.9]",0.37,0
7089-IVVAZ,"[8.0,103.35,847.3]",0.38,0
8884-MRNSU,"[17.0,19.9,329.75]",0.39,0
2171-UDMFD,"[32.0,19.45,674.55]",0.4,0
9050-IKDZA,"[2.0,81.5,162.55]",0.41,0
2205-YMZZJ,"[7.0,84.8,546.95]",0.42,0
9802-CAQUT,"[72.0,109.55,7887.25]",0.43,0
1254-IZEYF,"[31.0,99.95,3186.65]",0.44,0
0187-WZNAB,"[27.0,74.4,1972.35]",0.45,0
9492-TOKRI,"[18.0,90.0,1527.35]",0.46,0
1475-VWVDO,"[7.0,74.9,490.55]",0.47,0
9221-OTIVJ,"[14.0,104.85,1531.4]",0.48,0
1357-MVDOZ,"[11.0,59.65,683.25]",0.49,0
7602-MVRMB,"[72.0,110.45,8058.85]",0.5,0
3325-FUYCG,"[28.0,106.1,2847.4]",0.51,1
5908-QMGOE,"[15.0,74.2,1133.9]",0.52,1
1197-BVMVG,"[4.0,74.45,294.45]",0.53,1
5406-KGRMX,"[71.0,24.55,1719.15]",0.54,1
8481-YYXWG,"[5.0,89.35,461.7]",0.55,1
5968-HYJRZ,"[47.0,24.55,1160.45]",0.56,1
5198-EFNBM,"[57.0,90.65,5199.8]",0.57,1
7516-GMHUV,"[50.0,105.05,5163.3]",0.58,1
7140-ADSMJ,"[8.0,20.45,162.3]",0.59,1
2230-XTUWL,"[48.0,19.55,883.35]",0.6,1
7706-YLMQA,"[70.0,19.7,1341.5]",0.61,1
2585-KTFRE,"[1.0,70.45,70.45]",0.62,1
7994-UYIVZ,"[8.0,85.65,659.45]",0.63,1
2609-IAICY,"[1.0,77.15,77.15]",0.64,1
1740-CSDJP,"[1.0,35.25,35.25]",0.65,1
7717-BICXI,"[60.0,20.55,1205.05]",0.66,1
6559-RAKOZ,"[49.0,97.95,4917.9]",0.67,1
2636-OHFMN,"[4.0,48.55,201.0]",0.68,1
4716-MRVEN,"[29.0,20.0,599.3]",0.69,1
2143-LJULT,"[67.0,25.25,1733.15]",0.7,1
1323-OOEPC,"[53.0,98.4,5149.5]",0.71,1
3200-MNQTF,"[67.0,70.9,4677.1]",0.72,1
6164-HXUGH,"[6.0,19.85,119.3]",0.73,1
5630-IXDXV,"[47.0,106.35,4849.1]",0.74,1
0320-DWVTU,"[53.0,99.5,5424.25]",0.75,1
9135-MGVPY,"[69.0,84.7,5878.9]",0.76,1
1212-GLHMD,"[3.0,86.05,244.85]",0.77,1
7878-JGDKK,"[4.0,44.55,220.75]",0.78,1
1088-AUUZZ,"[56.0,75.85,4261.2]",0.79,1
0397-GZBBC,"[59.0,93.85,5574.75]",0.8,1
6614-YWYSC,"[61.0,25.0,1501.75]",0.81,1
9588-OZDMQ,"[2.0,45.0,89.75]",0.82,1
7641-EUYET,"[46.0,100.7,4541.2]",0.83,1
6476-EPYZR,"[12.0,20.5,255.5]",0.84,1
9921-ZVRHG,"[14.0,80.45,1072.0]",0.85,1
1174-FGIFN,"[28.0,90.45,2509.25]",0.86,1
6620-HVDUJ,"[24.0,60.45,1440.75]",0.87,1
4701-MLJPN,"[31.0,55.25,1715.65]",0.88,1
1032-MAELW,"[68.0,78.45,5333.35]",0.89,1
7641-TQFHN,"[39.0,100.55,3895.35]",0.9,1
1552-TKMXS,"[42.0,20.35,869.9]",0.91,1
9206-GVPEQ,"[13.0,54.45,706.85]",0.92,1
8622-ZLFKO,"[6.0,90.75,512.25]",0.93,1
1596-BBVTG,"[35.0,75.35,2636.05]",0.94,1
6188-UXBBR,"[38.0,20.25,814.75]",0.95,1
2333-KWEWW,"[18.0,20.05,388.6]",0.96,1
5702-SKUOB,"[4.0,19.6,93.45]",0.97,1
1134-YWTYF,"[27.0,53.8,1389.85]",0.98,1
6061-GWWAV,"[41.0,70.2,2894.55]",0.99,1
0679-TDGAK,"[50.0,75.5,4025.6]",0.0,0
6585-WCEWR,"[72.0,20.35,1354.4]",0.01,0
9067-YGSCA,"[70.0,26.05,1856.4]",0.02,0
9067-SQTNS,"[44.0,20.6,926.0]",0.03,0
8433-WXGNA,"[2.0,75.7,189.2]",0.04,0
1776-SPBWV,"[34.0,20.1,682.1]",0.05,0
8735-SDUFN,"[72.0,24.3,1778.7]",0.06,0
9668-PUGNU,"[71.0,24.5,1816.2]",0.07,0
9405-GPBBG,"[64.0,110.5,7069.25]",0.08,0
1926-QUZNN,"[72.0,25.25,1841.2]",0.09,0
3707-GNWHM,"[1.0,74.25,74.25]",0.1,0
7016-NVRIC,"[29.0,90.1,2656.7]",0.11,0
5829-NVSQN,"[23.0,68.75,1689.45]",0.12,0
9565-AXSMR,"[52.0,19.2,1054.75]",0.13,0
8922-LIEGH,"[25.0,89.7,2187.55]",0.14,0
8869-LIHMK,"[64.0,115.1,7334.05]",0.15,0
8245-UMPYT,"[16.0,96.4,1581.2]",0.16,0
5186-SAMNZ,"[1.0,69.5,69.5]",0.17,0
0447-RXSGD,"[24.0,99.65,2404.85]",0.18,0
4927-WWOOZ,"[2.0,91.45,171.45]",0.19,0
5788-YPOEG,"[34.0,84.75,2839.45]",0.2,0
5373-SFODM,"[36.0,85.25,3132.75]",0.21,0
0661-KBKPA,"[53.0,78.75,3942.45]",0.22,0
9081-WWXKP,"[47.0,20.25,873.4]",0.23,0
0784-ZQJZX,"[72.0,19.9,1529.65]",0.24,0
3133-PZNSR,"[72.0,97.75,6991.6]",0.25,0
5766-ZJYBB,"[1.0,19.4,19.4]",0.26,0
8931-GJJIQ,"[9.0,83.3,803.3]",0.27,0
4277-PVRAN,"[8.0,80.1,679.3]",0.28,0
0022-TCJCI,"[45.0,62.7,2791.5]",0.29,0
0722-SVSFK,"[7.0,100.4,715.0]",0.3,0
3612-YVGSJ,"[71.0,24.45,1681.6]",0.31,0
9825-YCXWZ,"[41.0,101.1,4016.2]",0.32,0
5397-NSKQG,"[67.0,50.9,3281.65]",0.33,0
8565-HBFNN,"[69.0,107.2,7317.1]",0.34,0
2000-DHJUY,"[70.0,92.2,6474.45]",0.35,0
0203-HHYIJ,"[25.0,25.3,676.35]",0.36,0
8670-ERCJH,"[72.0,113.4,8164.1]",0.37,0
7758-UJWYS,"[34.0,40.55,1325.85]",0.38,0
2050-ONYDQ,"[65.0,26.0,1654.85]",0.39,0
7055-JCGNI,"[70.0,111.95,7795.95]",0.4,0
0739-UUAJR,"[72.0,53.8,3952.45]",0.41,0
4826-DXMUP,"[35.0,72.1,2495.15]",0.42,0
0952-KMEEH,"[13.0,98.15,1230.25]",0.43,0
7285-KLOTR,"[12.0,78.85,876.75]",0.44,0
0654-PQKDW,"[62.0,70.75,4263.45]",0.45,0
7175-NTIXE,"[25.0,76.15,1992.95]",0.46,0
7963-SHNDT,"[52.0,39.1,1982.1]",0.47,0
9796-BPKIW,"[8.0,69.95,562.7]",0.48,0
0188-GWFLE,"[2.0,20.05,33.7]",0.49,0
8129-GMVGI,"[56.0,20.05,1090.1]",0.5,0
2882-DDZPG,"[12.0,19.45,227.45]",0.51,1
3547-LQRIK,"[47.0,26.9,1250.85]",0.52,1
9137-NOQKA,"[2.0,19.2,37.2]",0.53,1
5843-TTHGI,"[18.0,50.0,892.7]",0.54,1
1849-RJYIG,"[8.0,60.0,487.75]",0.55,1
8868-GAGIO,"[45.0,84.55,3713.95]",0.56,1
4061-UKJWL,"[3.0,45.45,141.7]",0.57,1
5380-XPJNZ,"[38.0,20.05,678.2]",0.58,1
8263-QMNTJ,"[72.0,115.55,8425.3]",0.59,1
8178-EYZUO,"[46.0,93.7,4154.8]",0.6,1
3230-JCNZS,"[71.0,99.0,7061.65]",0.61,1
0277-ORXQS,"[66.0,50.55,3364.55]",0.62,1
5130-IEKQT,"[25.0,105.95,2655.25]",0.63,1
3230-WYKIR,"[18.0,82.0,1425.45]",0.64,1
7996-BPXHY,"[13.0,25.0,332.5]",0.65,1
3227-WLKLI,"[65.0,91.55,5963.95]",0.66,1
0407-BDJKB,"[60.0,95.75,5742.9]",0.67,1
2266-FUBDZ,"[15.0,19.35,278.85]",0.68,1
8237-ULIXL,"[72.0,24.85,1871.85]",0.69,1
9600-UDOPK,"[30.0,94.05,2866.45]",0.7,1
8216-AZUUZ,"[42.0,100.4,4303.65]",0.71,1
9153-BTBVV,"[71.0,25.0,1753.0]",0.72,1
4074-SJFFA,"[1.0,54.75,54.75]",0.73,1
3269-ATYWD,"[39.0,95.65,3759.05]",0.74,1
5186-PEIZU,"[35.0,19.25,617.65]",0.75,1
1074-AMIOH,"[53.0,108.25,5935.1]",0.76,1
4910-GMJOT,"[1.0,94.6,94.6]",0.77,1
0354-WYROK,"[31.0,98.9,2911.3]",0.78,1
4361-FEBGN,"[48.0,20.15,982.95]",0.79,1
7748-UMTRK,"[30.0,101.3,2974.5]",0.8,1
0380-ZCSBI,"[10.0,20.0,198.7]",0.81,1
7145-FEJWU,"[12.0,105.3,1275.65]",0.82,1
6463-MVYRY,"[57.0,69.85,4003.0]",0.83,1
3969-JQABI,"[58.0,65.25,3791.6]",0.84,1
9624-EGDEQ,"[37.0,19.8,813.3]",0.85,1
1051-EQPZR,"[44.0,19.6,780.25]",0.86,1
5849-ASHZJ,"[27.0,20.05,552.9]",0.87,1
5780-INQIK,"[8.0,49.4,408.25]",0.88,1
7576-OYWBN,"[3.0,76.05,231.8]",0.89,1
4526-ZJJTM,"[25.0,88.4,2191.15]",0.9,1
8384-FZBJK,"[57.0,100.6,5611.7]",0.91,1
3750-RNQKR,"[12.0,19.45,246.25]",0.92,1
0962-CQPWQ,"[62.0,20.3,1296.15]",0.93,1
3096-YXENJ,"[65.0,107.65,7082.85]",0.94,1
1265-BCFEO,"[71.0,80.45,5662.25]",0.95,1
5837-LXSDN,"[21.0,58.85,1215.45]",0.96,1
5945-AZYHT,"[71.0,109.6,7854.15]",0.97,1
8325-QRPZR,"[7.0,75.15,525.0]",0.98,1
6384-VMJHP,"[72.0,73.0,5265.2]",0.99,1
2262-SLNVK,"[1.0,70.1,70.1]",0.0,0
7730-CLDSV,"[72.0,98.65,7129.45]",0.01,0
1135-HIORI,"[64.0,111.45,7266.95]",0.02,0
0164-APGRB,"[72.0,114.9,8496.7]",0.03,0
6481-ESCNL,"[29.0,100.55,2878.75]",0.04,0
1790-NESIO,"[13.0,20.4,261.3]",0.05,0
1550-EENBN,"[31.0,104.35,3205.6]",0.06,0
5539-TMZLF,"[1.0,69.75,69.75]",0.07,0
4323-SADQS,"[7.0,34.5,279.25]",0.08,0
4446-BZKHU,"[61.0,105.55,6281.45]",0.09,0
5202-IVJNU,"[39.0,30.1,1131.3]",0.1,0
5976-JCJRH,"[10.0,70.3,738.2]",0.11,0
8198-RKSZG,"[14.0,80.45,1137.05]",0.12,0
0137-OCGAB,"[1.0,80.2,80.2]",0.13,0
3351-NQLDI,"[67.0,94.35,6341.45]",0.14,0
9297-EONCV,"[72.0,91.35,6697.2]",0.15,0
7593-JNWRU,"[6.0,44.6,260.8]",0.16,0
4588-YBNIB,"[1.0,19.6,19.6]",0.17,0
1069-QJOEE,"[25.0,19.9,505.45]",0.18,0
3336-JORSO,"[33.0,110.45,3655.45]",0.19,0
7799-DSEWS,"[18.0,68.35,1299.8]",0.2,0
8766-PAFNE,"[71.0,79.1,5564.85]",0.21,0
5315-CKEQK,"[28.0,51.0,1381.8]",0.22,0
3130-ICDUP,"[2.0,80.55,188.1]",0.23,0
0820-FNRNX,"[17.0,66.7,1077.05]",0.24,0
0880-FVFWF,"[56.0,86.4,4922.4]",0.25,0
4611-ANLQC,"[60.0,50.05,2911.5]",0.26,0
4213-HKBJO,"[33.0,25.7,826.1]",0.27,0
2792-LSHWX,"[1.0,83.4,83.4]",0.28,0
5028-GZLDO,"[2.0,70.7,140.7]",0.29,0
0014-BMAQU,"[63.0,84.65,5377.8]",0.3,0
6861-XWTWQ,"[7.0,99.25,665.45]",0.31,0
9018-PCIOK,"[55.0,64.75,3617.1]",0.32,0
4837-QUSFT,"[65.0,100.15,6643.5]",0.33,0
6877-TJMBR,"[1.0,84.8,84.8]",0.34,0
9953-ZMKSM,"[63.0,25.25,1559.3]",0.35,0
0907-HQNTS,"[70.0,113.0,7987.6]",0.36,0
7665-NKLAV,"[36.0,40.65,1547.35]",0.37,0
6769-DCQLI,"[52.0,105.0,5426.85]",0.38,0
2433-KMEAS,"[22.0,54.45,1127.35]",0.39,0
4391-LNRXK,"[22.0,94.95,2142.8]",0.4,0
8250-ZNGGW,"[5.0,59.9,287.85]",0.41,0
2195-ZRVAX,"[47.0,85.3,4045.65]",0.42,0
3550-SAHFP,"[33.0,83.35,2757.85]",0.43,0
2011-TRQYE,"[18.0,33.5,600.0]",0.44,0
8562-GHPPI,"[1.0,19.8,19.8]",0.45,0
5893-PYOLZ,"[56.0,81.8,4534.45]",0.46,0
4986-MXSFP,"[2.0,20.0,40.9]",0.47,0
6131-FOYAS,"[35.0,59.6,2094.9]",0.48,0
3027-YNWZU,"[64.0,25.0,1584.8]",0.49,0
5609-IMCGG,"[15.0,84.35,1302.65]",0.5,0
4873-ILOLJ,"[24.0,90.35,2238.5]",0.51,1
4727-MCYZG,"[1.0,55.55,55.55]",0.52,1
9481-WHGWY,"[70.0,75.35,5437.75]",0.53,1
2725-KXXWT,"[1.0,90.75,90.75]",0.54,1
9565-DJPIB,"[4.0,89.6,365.65]",0.55,1
4328-VUFWD,"[39.0,59.3,2209.15]",0.56,1
3301-LSLWQ,"[29.0,66.1,1912.15]",0.57,1
7473-ZBDSN,"[14.0,18.8,255.55]",0.58,1
3166-PNEOF,"[61.0,86.45,5175.3]",0.59,1
5639-NTUPK,"[13.0,52.1,670.65]",0.6,1
8780-YRMTT,"[66.0,47.4,3177.25]",0.61,1
8348-HFYIV,"[2.0,49.25,90.35]",0.62,1
5140-FOMCQ,"[59.0,109.15,6557.75]",0.63,1
6242-SGYTS,"[62.0,94.95,5791.85]",0.64,1
8166-ORCHU,"[33.0,93.55,3055.5]",0.65,1
8414-OOEEL,"[66.0,79.5,5196.1]",0.66,1
8454-AATJP,"[72.0,115.05,8405.0]",0.67,1
6849-WLEYG,"[1.0,19.75,19.75]",0.68,1
4659-NZRUF,"[19.0,95.15,1789.25]",0.69,1
4531-AUZNK,"[51.0,95.15,5000.05]",0.7,1
4191-XOVOM,"[63.0,105.4,6713.2]",0.71,1
2150-OEGBV,"[27.0,20.1,562.6]",0.72,1
8429-XIBUM,"[22.0,101.35,2317.1]",0.73,1
1855-CFULU,"[4.0,20.05,91.45]",0.74,1
4878-BUNFV,"[42.0,20.7,828.85]",0.75,1
1872-EBWSC,"[29.0,20.35,617.35]",0.76,1
2608-BHKFN,"[4.0,70.05,266.9]",0.77,1
7026-YMSBE,"[30.0,19.7,625.05]",0.78,1
7341-LXCAF,"[4.0,74.65,301.4]",0.79,1
6997-UVGOX,"[71.0,85.45,6029.9]",0.8,1
9674-EHPPG,"[46.0,40.4,1842.7]",0.81,1
9462-MJUAW,"[4.0,50.4,206.6]",0.82,1
8128-YVJRG,"[7.0,79.65,604.7]",0.83,1
5440-VHLUL,"[69.0,105.2,7386.05]",0.84,1
5781-BKHOP,"[72.0,100.65,7334.05]",0.85,1
4283-FUTGF,"[19.0,79.85,1471.75]",0.86,1
5213-TWWJU,"[28.0,91.0,2626.15]",0.87,1
1569-TTNYJ,"[5.0,78.75,412.1]",0.88,1
8628-MFKAX,"[72.0,116.75,8277.05]",0.89,1
2397-BRLOM,"[8.0,80.45,583.45]",0.9,1
7629-WIXZF,"[7.0,59.1,369.25]",0.91,1
5445-GLVOT,"[22.0,49.8,1049.05]",0.92,1
3976-HXHCE,"[72.0,19.3,1414.8]",0.93,1
2466-NEJOJ,"[8.0,19.65,169.75]",0.94,1
0254-KCJGT,"[52.0,81.4,4354.45]",0.95,1
5472-CVMDX,"[68.0,38.9,2719.2]",0.96,1
6461-SZMCV,"[71.0,87.95,6365.35]",0.97,1
8150-QUDFX,"[2.0,19.85,51.6]",0.98,1
9508-ILZDG,"[34.0,96.35,3190.25]",0.99,1
2346-DJQTB,"[35.0,24.15,812.5]",0.0,0
1697-LYYYX,"[61.0,19.1,1143.8]",0.01,0
1942-OQFRW,"[1.0,44.0,44.0]",0.02,0
4749-VFKVB,"[1.0,50.1,50.1]",0.03,0
9640-ZSLDC,"[53.0,60.6,3297.0]",0.04,0
4231-LZUYM,"[72.0,25.65,1887.0]",0.05,0
7598-UAASY,"[2.0,76.4,151.8]",0.06,0
7938-OUHIO,"[3.0,98.7,293.65]",0.07,0
8510-AWCXC,"[13.0,100.8,1308.1]",0.08,0
6128-AQBMT,"[41.0,53.95,2215.4]",0.09,0
3594-BDSOA,"[24.0,20.4,482.8]",0.1,0
0431-APWVY,"[28.0,90.1,2598.95]",0.11,0
5133-VRSAB,"[8.0,29.35,216.45]",0.12,0
5996-DAOQL,"[1.0,20.45,20.45]",0.13,0
6838-YAUVY,"[54.0,95.1,5064.85]",0.14,0
0484-JPBRU,"[41.0,25.25,996.45]",0.15,0
7883-ROJOC,"[19.0,44.9,839.65]",0.16,0
0244-LGNFY,"[72.0,92.65,6733.0]",0.17,0
7274-CGTOD,"[62.0,43.7,2618.3]",0.18,0
4295-YURET,"[56.0,72.6,4084.35]",0.19,0
3426-NIYYL,"[15.0,51.55,765.5]",0.2,0
8225-BTJAU,"[10.0,79.25,793.55]",0.21,0
4635-EJYPD,"[32.0,18.95,613.95]",0.22,0
1866-ZSLJM,"[21.0,20.5,402.85]",0.23,0
4636-TVXVG,"[62.0,19.95,1244.8]",0.24,0
4236-UJPWO,"[2.0,24.5,46.4]",0.25,0
9392-XBGTD,"[27.0,20.6,581.85]",0.26,0
3387-VATUS,"[5.0,94.85,462.8]",0.27,0
6402-SSEJG,"[25.0,61.05,1540.2]",0.28,0
1143-NMNQJ,"[2.0,85.7,169.8]",0.29,0
1169-SAOCL,"[49.0,106.65,5168.1]",0.3,0
1110-KYLGQ,"[63.0,108.25,6780.1]",0.31,0
9929-PLVPA,"[4.0,20.4,94.5]",0.32,0
3518-PZXZQ,"[1.0,55.3,55.3]",0.33,0
2371-JUNGC,"[11.0,20.25,208.0]",0.34,0
7693-QPEFS,"[52.0,72.95,3829.75]",0.35,0
0924-BJCRC,"[60.0,89.45,5294.6]",0.36,0
5074-FBGHB,"[64.0,104.65,6889.8]",0.37,0
2351-BKRZW,"[43.0,75.2,3254.35]",0.38,0
4455-BFSPD,"[61.0,101.15,6383.9]",0.39,0
0415-MOSGF,"[1.0,44.4,44.4]",0.4,0
1724-BQUHA,"[5.0,89.5,477.7]",0.41,0
3948-KXDUF,"[66.0,68.75,4447.55]",0.42,0
2323-ARSVR,"[67.0,111.05,7321.05]",0.43,0
0815-MFZGM,"[42.0,99.0,4135.0]",0.44,0
4826-XTSOH,"[1.0,86.05,86.05]",0.45,0
5480-XTFFL,"[31.0,21.0,697.7]",0.46,0
8295-FHIVV,"[7.0,19.4,168.65]",0.47,0
2495-INZWQ,"[4.0,44.55,174.3]",0.48,0
9086-YJYXS,"[34.0,77.2,2753.8]",0.49,0
1179-INLAT,"[3.0,19.45,69.25]",0.5,0
7909-FIOIY,"[19.0,24.85,434.8]",0.51,1
4139-SUGLD,"[31.0,35.4,1077.5]",0.52,1
6857-VWJDT,"[1.0,95.65,95.65]",0.53,1
6351-SCJKT,"[3.0,41.35,107.25]",0.54,1
5468-BPMMO,"[46.0,19.6,851.2]",0.55,1
5624-BQSSA,"[1.0,20.95,20.95]",0.56,1
0197-PNKNK,"[69.0,84.45,5848.6]",0.57,1
2439-QKJUL,"[5.0,20.25,109.8]",0.58,1
1194-SPVSP,"[1.0,19.65,19.65]",0.59,1
9534-NSXEM,"[26.0,20.65,595.5]",0.6,1
2408-WITXK,"[10.0,34.7,329.8]",0.61,1
8929-KSWIH,"[25.0,99.3,2513.5]",0.62,1
2250-IVBWA,"[64.0,81.05,5135.35]",0.63,1
1810-MVMAI,"[30.0,67.6,2000.2]",0.64,1
9506-UXUSK,"[13.0,70.15,931.75]",0.65,1
1229-RCALF,"[64.0,115.0,7396.15]",0.66,1
3572-UOLYZ,"[46.0,84.8,3958.85]",0.67,1
1429-UYJSV,"[12.0,19.7,260.9]",0.68,1
5577-OTWWW,"[15.0,19.75,297.3]",0.69,1
6100-QQHEB,"[17.0,92.55,1515.1]",0.7,1
6366-XIVKZ,"[13.0,63.15,816.8]",0.71,1
3470-OBUET,"[67.0,74.0,4868.4]",0.72,1
2770-NSVDG,"[24.0,29.1,688.0]",0.73,1
9375-MHRRS,"[6.0,50.05,288.35]",0.74,1
2634-HCZGT,"[53.0,60.05,3229.65]",0.75,1
7503-QQRVF,"[16.0,74.3,1178.25]",0.76,1
4860-YZGZM,"[10.0,20.0,185.4]",0.77,1
6599-GZWCM,"[13.0,74.65,966.25]",0.78,1
2691-NZETQ,"[9.0,85.35,758.6]",0.79,1
4404-HIBDJ,"[25.0,74.3,1863.8]",0.8,1
5533-NHFRF,"[7.0,44.4,265.8]",0.81,1
7037-MTYVW,"[38.0,85.4,3297.0]",0.82,1
4760-THGOT,"[43.0,94.1,4107.3]",0.83,1
7295-JOMMD,"[4.0,98.1,396.3]",0.84,1
4016-BJKTZ,"[25.0,108.9,2809.05]",0.85,1
6584-VQMYT,"[27.0,56.2,1567.55]",0.86,1
9838-BFCQT,"[72.0,26.1,1851.45]",0.87,1
2790-XUYMV,"[71.0,85.45,6028.95]",0.88,1
0581-MDMPW,"[24.0,88.95,2072.75]",0.89,1
5013-SBUIH,"[50.0,109.65,5551.15]",0.9,1
1023-BQXZE,"[57.0,74.35,4317.35]",0.91,1
9163-GHAYE,"[15.0,48.85,736.8]",0.92,1
3904-UKFRE,"[4.0,80.1,336.15]",0.93,1
5353-WILCI,"[28.0,56.05,1522.65]",0.94,1
0709-TVGUR,"[9.0,74.55,622.9]",0.95,1
0058-EVZWM,"[55.0,89.8,4959.6]",0.96,1
6023-YEBUP,"[3.0,100.95,329.95]",0.97,1
7209-JCUDS,"[10.0,94.9,1048.85]",0.98,1
7009-PCARS,"[55.0,19.1,1001.5]",0.99,1
0519-DRGTI,"[20.0,20.35,442.6]",0.0,0
1017-FBQMM,"[62.0,106.05,6703.5]",0.01,0
3001-CBHLQ,"[32.0,104.9,3351.55]",0.02,0
1985-MBRYP,"[43.0,19.65,779.25]",0.03,0
6158-DWPZT,"[9.0,24.1,259.8]",0.04,0
9372-TXXPS,"[60.0,59.85,3483.45]",0.05,0
3259-QMXUN,"[58.0,86.1,4890.5]",0.06,0
1015-JPFYW,"[7.0,19.45,136.75]",0.07,0
6645-MXQJT,"[2.0,97.1,184.15]",0.08,0
4360-QRAVE,"[37.0,36.65,1315.0]",0.09,0
8433-WPJTV,"[65.0,103.9,6767.1]",0.1,0
5804-JMYIO,"[39.0,19.75,757.95]",0.11,0
3763-GCZHZ,"[66.0,104.05,6890.0]",0.12,0
6484-LATFU,"[68.0,24.55,1657.4]",0.13,0
7599-NTMDP,"[62.0,48.7,3008.55]",0.14,0
0772-GYEQQ,"[3.0,88.35,262.05]",0.15,0
0536-ACXIP,"[72.0,109.55,8165.1]",0.16,0
0936-NQLJU,"[41.0,20.65,875.55]",0.17,0
4831-EOBFE,"[29.0,94.65,2649.15]",0.18,0
1575-KRZZE,"[4.0,55.2,220.65]",0.19,0
3251-YMVWZ,"[53.0,24.05,1301.9]",0.2,0
4102-OQUPX,"[1.0,74.4,74.4]",0.21,0
9170-GYZJC,"[41.0,79.9,3326.2]",0.22,0
4884-LEVMQ,"[39.0,20.45,790.0]",0.23,0
8857-CUPFQ,"[63.0,19.25,1237.65]",0.24,0
7610-TVOPG,"[15.0,26.35,378.6]",0.25,0
3638-DIMPH,"[13.0,43.8,592.65]",0.26,0
1845-ZLLIG,"[1.0,50.15,50.15]",0.27,0
8559-WNQZS,"[1.0,20.45,20.45]",0.28,0
3999-QGRJH,"[8.0,69.7,560.85]",0.29,0
1699-UOTXU,"[60.0,61.4,3638.25]",0.3,0
2454-RPBRZ,"[12.0,98.1,1060.2]",0.31,0
0635-WKOLD,"[40.0,70.75,2921.75]",0.32,0
5993-JSUWV,"[66.0,61.15,4017.45]",0.33,0
4518-FZBSX,"[42.0,20.25,854.9]",0.34,0
5387-ASZNZ,"[66.0,63.85,4174.35]",0.35,0
6988-CJEYV,"[49.0,98.7,4920.55]",0.36,0
2002-MZHWP,"[1.0,20.5,20.5]",0.37,0
3097-FQTVJ,"[41.0,20.0,810.3]",0.38,0
5465-BUBFA,"[41.0,19.3,772.4]",0.39,0
7299-GNVPL,"[23.0,84.4,1936.85]",0.4,0
9743-DQKQW,"[3.0,25.1,79.8]",0.41,0
1215-VFYVK,"[4.0,48.25,202.25]",0.42,0
9371-BITHB,"[52.0,19.85,1070.5]",0.43,0
2265-CYWIV,"[4.0,99.6,347.65]",0.44,0
9093-FPDLG,"[11.0,94.2,999.9]",0.45,0
0541-FITGH,"[2.0,62.15,113.1]",0.46,0
6985-HAYWX,"[26.0,79.3,2015.8]",0.47,0
7508-KBIMB,"[24.0,56.25,1454.25]",0.48,0
6838-HVLXG,"[12.0,20.3,246.7]",0.49,0
2277-DJJDL,"[60.0,99.0,6017.9]",0.5,0
1897-OKVMW,"[64.0,90.6,5817.45]",0.51,1
5485-ITNPC,"[66.0,85.9,5595.3]",0.52,1
0233-FTHAV,"[60.0,79.2,4765.0]",0.53,1
4644-PIZRT,"[17.0,70.35,1201.65]",0.54,1
8922-NPKBJ,"[42.0,19.35,867.3]",0.55,1
2740-TVLFN,"[1.0,50.15,50.15]",0.56,1
7771-CFQRQ,"[47.0,63.8,3007.25]",0.57,1
9512-PHSMG,"[10.0,20.55,252.75]",0.58,1
6963-EZQEE,"[70.0,88.55,6306.5]",0.59,1
2452-KDRRH,"[67.0,101.4,6841.05]",0.6,1
2004-OCQXK,"[1.0,81.95,81.95]",0.61,1
5027-QPKTE,"[7.0,69.35,451.1]",0.62,1
4146-SVFUD,"[1.0,44.6,44.6]",0.63,1
1564-HJUVY,"[4.0,63.75,226.2]",0.64,1
3617-XLSGQ,"[66.0,109.25,7082.5]",0.65,1
7517-LDMPS,"[12.0,84.6,1017.35]",0.66,1
7244-KXYZN,"[24.0,20.45,527.35]",0.67,1
5226-NOZFC,"[26.0,85.75,2146.5]",0.68,1
2672-HUYVI,"[6.0,91.1,455.3]",0.69,1
1400-WIVLL,"[57.0,107.95,5969.85]",0.7,1
7508-MYBOG,"[14.0,86.1,1235.55]",0.71,1
8148-NLEGT,"[42.0,22.95,1014.25]",0.72,1
0148-DCDOS,"[25.0,94.7,2362.1]",0.73,1
8347-GDTMP,"[64.0,19.45,1225.65]",0.74,1
9992-RRAMN,"[22.0,85.1,1873.7]",0.75,1
6746-WAUWT,"[19.0,19.7,386.5]",0.76,1
0310-MVLET,"[61.0,99.15,6010.05]",0.77,1
0428-IKYCP,"[22.0,87.0,1850.65]",0.78,1
4550-VBOFE,"[70.0,102.95,7101.5]",0.79,1
2187-PKZAY,"[12.0,79.95,1043.4]",0.8,1
4003-OCTMP,"[31.0,64.0,1910.75]",0.81,1
6652-YFFJO,"[11.0,64.9,716.1]",0.82,1
7225-IILWY,"[68.0,25.75,1686.15]",0.83,1
5248-RPYWW,"[72.0,90.15,6716.45]",0.84,1
7923-IYJWY,"[67.0,116.1,7839.85]",0.85,1
3170-GWYKC,"[60.0,104.95,6236.75]",0.86,1
5696-QURRL,"[1.0,45.05,45.05]",0.87,1
7409-KIUTL,"[1.0,71.0,71.0]",0.88,1
9830-ECLEN,"[58.0,50.0,2919.85]",0.89,1
1732-VHUBQ,"[47.0,70.55,3309.25]",0.9,1
0495-RVCBF,"[1.0,79.7,79.7]",0.91,1
2668-TZSPS,"[1.0,20.45,20.45]",0.92,1
7854-EDSSA,"[22.0,59.0,1254.7]",0.93,1
8869-TORSS,"[48.0,60.35,2896.4]",0.94,1
7446-SFAOA,"[37.0,19.85,717.5]",0.95,1
9522-ZSINC,"[13.0,19.95,253.8]",0.96,1
8234-GSZYK,"[43.0,26.45,1110.05]",0.97,1
6505-OZNPG,"[6.0,63.4,348.8]",0.98,1
6164-HAQTX,"[71.0,53.95,3888.65]",0.99,1
0679-IDSTG,"[1.0,69.25,69.25]",0.0,0
7765-LWVVH,"[72.0,95.1,6843.15]",0.01,0
1658-TJVOA,"[6.0,74.1,450.9]",0.02,0
0953-LGOVU,"[12.0,35.5,432.25]",0.03,0
2115-BFTIW,"[25.0,70.95,1767.35]",0.04,0
4692-NNQRU,"[21.0,79.2,1742.45]",0.05,0
7742-MYPGI,"[6.0,48.8,297.35]",0.06,0
0611-DFXKO,"[20.0,89.0,1820.45]",0.07,0
7780-OTDSO,"[18.0,99.4,1742.95]",0.08,0
9619-GSATL,"[43.0,55.45,2444.25]",0.09,0
5622-UEJFI,"[35.0,25.4,949.8]",0.1,0
9747-DDZOS,"[1.0,73.5,73.5]",0.11,0
0674-DGMAQ,"[32.0,93.5,2970.8]",0.12,0
6203-HBZPA,"[52.0,63.9,3334.95]",0.13,0
0484-FFVBJ,"[32.0,64.85,2010.95]",0.14,0
0301-FIDRB,"[72.0,63.8,4684.3]",0.15,0
4139-JPIAM,"[51.0,44.45,2181.55]",0.16,0
2181-TIDSV,"[68.0,19.95,1303.25]",0.17,0
2761-XECQW,"[8.0,43.35,371.4]",0.18,0
1936-CZAKF,"[49.0,49.65,2409.9]",0.19,0
9453-PATOS,"[72.0,85.1,6155.4]",0.2,0
0564-JJHGS,"[9.0,95.5,829.1]",0.21,0
3348-CFRNX,"[28.0,92.35,2602.9]",0.22,0
4402-FTBXC,"[54.0,89.8,4667.0]",0.23,0
1428-GTBJJ,"[11.0,74.55,824.75]",0.24,0
2931-XIQBR,"[50.0,103.05,5153.5]",0.25,0
0106-UGRDO,"[69.0,116.0,8182.85]",0.26,0
5542-TBBWB,"[1.0,69.9,69.9]",0.27,0
1930-QPBVZ,"[68.0,95.1,6683.4]",0.28,0
2606-PKWJB,"[40.0,40.25,1564.05]",0.29,0
5322-ZSMZY,"[31.0,25.75,755.6]",0.3,0
8059-UDZFY,"[33.0,105.35,3465.05]",0.31,0
7740-BTPUX,"[55.0,113.6,6292.7]",0.32,0
5220-AGAAX,"[68.0,24.0,1664.3]",0.33,0
0208-BPQEJ,"[12.0,19.4,198.1]",0.34,0
9435-JMLSX,"[71.0,86.1,6045.9]",0.35,0
3352-ALMCK,"[40.0,102.65,4108.15]",0.36,0
5312-IRCFR,"[64.0,92.85,5980.75]",0.37,0
5294-IMHHT,"[53.0,97.75,5043.2]",0.38,0
8802-UNOJF,"[12.0,83.8,1029.75]",0.39,0
6313-GIDIT,"[53.0,54.45,2854.55]",0.4,0
6176-YJWAS,"[72.0,97.95,7114.25]",0.41,0
5310-NOOVA,"[46.0,19.95,907.05]",0.42,0
4526-EXKKN,"[40.0,24.6,973.95]",0.43,0
5311-IHLEI,"[12.0,50.95,605.75]",0.44,0
3987-KQDDU,"[9.0,75.6,661.55]",0.45,0
3404-JNXAX,"[51.0,80.75,4116.9]",0.46,0
5131-PONJI,"[49.0,90.4,4494.65]",0.47,0
2845-AFFTX,"[41.0,99.8,4259.3]",0.48,0
3489-VSFRD,"[56.0,60.25,3282.75]",0.49,0
3345-JHUEO,"[4.0,20.2,55.7]",0.5,0
5815-HGGHV,"[20.0,64.15,1274.45]",0.51,1
5260-UMPWX,"[26.0,20.25,493.95]",0.52,1
2249-YPRNG,"[20.0,105.85,2239.65]",0.53,1
7410-YTJIK,"[7.0,75.45,480.75]",0.54,1
4626-GYCZP,"[7.0,93.85,635.6]",0.55,1
5649-RXQTV,"[51.0,99.0,5038.15]",0.56,1
2674-MIAHT,"[4.0,80.3,324.2]",0.57,1
2576-HXMPA,"[1.0,19.55,19.55]",0.58,1
7587-AOVVU,"[27.0,100.75,2793.55]",0.59,1
5590-BYNII,"[22.0,100.75,2095.0]",0.6,1
6898-MDLZW,"[12.0,53.75,648.65]",0.61,1
3237-AJGEH,"[3.0,31.0,95.05]",0.62,1
4707-YNOQA,"[34.0,25.6,917.15]",0.63,1
9357-UJRUN,"[24.0,58.35,1346.9]",0.64,1
1591-NFNLQ,"[51.0,80.0,4242.35]",0.65,1
8648-PFRMP,"[14.0,46.35,672.7]",0.66,1
7663-CUXZB,"[59.0,113.75,6561.25]",0.67,1
0258-NOKBL,"[3.0,90.4,268.45]",0.68,1
1163-VIPRI,"[65.0,109.3,7337.55]",0.69,1
2815-CPTUL,"[5.0,70.25,331.9]",0.7,1
9348-ROUAI,"[59.0,90.3,5194.05]",0.71,1
9443-JUBUO,"[72.0,65.25,4478.85]",0.72,1
0596-BQCEQ,"[62.0,100.15,6283.3]",0.73,1
1481-ZUWZA,"[28.0,94.5,2659.4]",0.74,1
3043-TYBNO,"[3.0,60.65,196.9]",0.75,1
4830-FAXFM,"[19.0,24.1,439.2]",0.76,1
5906-BFOZT,"[1.0,19.5,19.5]",0.77,1
2960-NKRSO,"[24.0,85.95,2107.15]",0.78,1
8996-ZROXE,"[57.0,53.5,3035.8]",0.79,1
5598-IKHQQ,"[72.0,25.45,1866.45]",0.8,1
0397-ZXWQF,"[67.0,20.5,1430.95]",0.81,1
5266-PFRQK,"[52.0,20.85,1071.6]",0.82,1
4674-HGNUA,"[71.0,89.9,6457.15]",0.83,1
6765-MBQNU,"[26.0,26.0,684.05]",0.84,1
9786-IJYDL,"[35.0,113.2,3914.05]",0.85,1
1303-SRDOK,"[55.0,69.05,3842.6]",0.86,1
3769-MHZNV,"[33.0,20.1,670.35]",0.87,1
6295-OSINB,"[72.0,109.65,7880.25]",0.88,1
3308-MHOOC,"[1.0,19.2,19.2]",0.89,1
2309-OSFEU,"[10.0,33.9,298.45]",0.9,1
2207-QPJED,"[37.0,90.0,3371.75]",0.91,1
4177-JPDFU,"[12.0,34.0,442.45]",0.92,1
2239-CFOUJ,"[1.0,20.4,20.4]",0.93,1
8046-DNVTL,"[62.0,38.6,2345.55]",0.94,1
2209-XADXF,"[1.0,25.25,25.25]",0.95,1
6620-JDYNW,"[18.0,60.6,1156.35]",0.96,1
1891-FZYSA,"[69.0,89.95,6143.15]",0.97,1
4770-UEZOX,"[2.0,74.75,144.8]",0.98,1
1038-RQOST,"[19.0,20.6,414.95]",0.99,1
7613-LLQFO,"[12.0,84.45,1059.55]",0.0,0
4568-TTZRT,"[9.0,20.4,181.8]",0.01,0
9513-DXHDA,"[27.0,81.7,2212.55]",0.02,0
2640-PMGFL,"[27.0,79.5,2180.55]",0.03,0
3801-HMYNL,"[1.0,89.15,89.15]",0.04,0
0516-QREYC,"[24.0,20.3,459.95]",0.05,0
9685-WKZGT,"[14.0,74.95,1036.75]",0.06,0
6022-UGGSO,"[32.0,74.4,2276.95]",0.07,0
8084-OIVBS,"[11.0,20.0,211.95]",0.08,0
8896-BQTTI,"[1.0,25.0,25.0]",0.09,0
3865-QBWSJ,"[38.0,80.45,3162.65]",0.1,0
3352-RICWQ,"[9.0,19.75,210.65]",0.11,0
2160-GPFXD,"[54.0,65.65,3566.7]",0.12,0
2065-MMKGR,"[29.0,71.0,2080.1]",0.13,0
5857-TYBCJ,"[44.0,89.2,4040.2]",0.14,0
1498-NHTLT,"[59.0,86.75,5186.0]",0.15,0
4484-CGXFK,"[3.0,55.3,196.15]",0.16,0
1402-PTHGN,"[18.0,61.5,1087.45]",0.17,0
4176-RELJR,"[67.0,25.1,1672.15]",0.18,0
6214-EDAKZ,"[22.0,55.15,1206.05]",0.19,0
5199-FPUSP,"[33.0,34.05,1113.95]",0.2,0
6377-KSLXC,"[5.0,19.95,107.05]",0.21,0
1796-JANOW,"[2.0,19.95,38.15]",0.22,0
0238-WHBIQ,"[72.0,89.7,6339.3]",0.23,0
8735-NBLWT,"[9.0,20.4,184.1]",0.24,0
6651-RLGGM,"[67.0,26.3,1688.9]",0.25,0
6127-ISGTU,"[16.0,84.95,1378.25]",0.26,0
1614-JBEBI,"[8.0,20.7,137.6]",0.27,0
8740-XLHDR,"[5.0,43.25,219.0]",0.28,0
1208-DNHLN,"[23.0,48.35,1067.15]",0.29,0
1761-AEZZR,"[1.0,79.55,79.55]",0.3,0
3923-CSIHK,"[50.0,71.05,3444.85]",0.31,0
5696-EXCYS,"[17.0,19.45,369.05]",0.32,0
5795-KTGUD,"[68.0,110.8,7553.6]",0.33,0
7120-RFMVS,"[1.0,84.5,84.5]",0.34,0
7924-GJZFI,"[25.0,69.3,1813.1]",0.35,0
4702-HDRKD,"[67.0,49.35,3321.35]",0.36,0
8512-WIWYV,"[32.0,20.35,707.5]",0.37,0
5897-ZYEKH,"[67.0,105.6,7112.15]",0.38,0
5456-ITGIC,"[72.0,64.45,4641.1]",0.39,0
7317-GGVPB,"[71.0,108.6,7690.9]",0.4,0
1406-PUQVY,"[1.0,49.9,49.9]",0.41,0
1322-AGOQM,"[46.0,30.3,1380.1]",0.42,0
3677-IYRBF,"[2.0,30.4,78.65]",0.43,0
5692-FPTAH,"[1.0,45.4,45.4]",0.44,0
9114-AAFQH,"[48.0,65.65,3094.65]",0.45,0
8715-KKTFG,"[61.0,103.3,6518.35]",0.46,0
1550-LOAHA,"[32.0,84.15,2585.95]",0.47,0
1728-BQDMA,"[2.0,44.45,82.7]",0.48,0
0268-QKIWO,"[3.0,19.75,58.85]",0.49,0
0876-WDUUZ,"[5.0,85.4,425.9]",0.5,0
5117-ZSMHQ,"[71.0,89.9,6342.7]",0.51,1
5151-HQRDG,"[37.0,55.05,2030.75]",0.52,1
0960-HUWBM,"[65.0,104.1,6700.05]",0.53,1
6465-GSRCL,"[67.0,106.6,7244.7]",0.54,1
0617-FHSGK,"[49.0,75.2,3678.3]",0.55,1
0263-FJTQO,"[50.0,70.5,3486.65]",0.56,1
7319-ZNRTR,"[25.0,19.6,411.15]",0.57,1
2858-MOFSQ,"[17.0,55.85,937.5]",0.58,1
7503-EPSZW,"[64.0,24.05,1559.15]",0.59,1
7089-XXAYG,"[25.0,38.1,970.4]",0.6,1
8118-LSUEL,"[23.0,106.4,2483.5]",0.61,1
8070-AAWZP,"[24.0,34.25,828.2]",0.62,1
1666-JXLKU,"[37.0,100.05,3810.55]",0.63,1
7855-DIWPO,"[21.0,68.65,1493.2]",0.64,1
5133-POWUA,"[1.0,45.8,45.8]",0.65,1
5652-MSDEY,"[10.0,75.75,777.3]",0.66,1
7005-CCBKV,"[6.0,84.4,556.35]",0.67,1
1810-BOHSY,"[51.0,96.4,4911.05]",0.68,1
1784-BXEFA,"[10.0,20.55,187.35]",0.69,1
7351-MHQVU,"[6.0,50.95,307.6]",0.7,1
9224-VTYID,"[47.0,90.5,4318.35]",0.71,1
9500-IWPXQ,"[61.0,79.4,4820.55]",0.72,1
5762-TJXGK,"[52.0,58.75,3038.55]",0.73,1
4504-YOULA,"[35.0,59.45,2136.9]",0.74,1
5569-IDSEY,"[71.0,105.7,7472.15]",0.75,1
4250-FDVOU,"[6.0,56.25,389.1]",0.76,1
7284-ZZLOH,"[45.0,53.3,2296.25]",0.77,1
5277-ZLOOR,"[2.0,85.55,187.45]",0.78,1
2141-RRYGO,"[4.0,68.65,261.25]",0.79,1
1777-JYQPJ,"[2.0,24.3,38.45]",0.8,1
6376-GAHQE,"[4.0,77.85,299.2]",0.81,1
3401-URHDA,"[51.0,59.9,3043.6]",0.82,1
1599-EAHXY,"[60.0,23.95,1506.4]",0.83,1
8631-XVRZL,"[9.0,20.15,163.7]",0.84,1
5052-PNLOS,"[3.0,105.35,323.25]",0.85,1
3853-LYGAM,"[17.0,95.65,1640.0]",0.86,1
6979-ZNSFF,"[8.0,87.05,762.1]",0.87,1
5751-USDBL,"[46.0,81.0,3846.35]",0.88,1
5680-LQOGP,"[68.0,82.45,5646.6]",0.89,1
2386-LAHRK,"[1.0,53.5,53.5]",0.9,1
8189-DUKMV,"[4.0,20.5,79.05]",0.91,1
6032-IGALN,"[1.0,25.1,25.1]",0.92,1
9931-DCEZH,"[28.0,54.4,1516.6]",0.93,1
1898-JSNDC,"[39.0,58.6,2224.5]",0.94,1
0315-LVCRK,"[11.0,84.8,888.75]",0.95,1
3911-RSNHI,"[71.0,61.4,4310.35]",0.96,1
2410-CIYFZ,"[2.0,20.4,42.9]",0.97,1
4248-HCETZ,"[30.0,79.65,2365.15]",0.98,1
5505-OVWQW,"[17.0,20.15,353.65]",0.99,1
7271-AJDTL,"[55.0,94.45,5073.1]",0.0,0
1867-TJHTS,"[58.0,79.8,4526.85]",0.01,0
0516-WJVXC,"[5.0,54.2,308.25]",0.02,0
9174-FKWZE,"[1.0,19.45,19.45]",0.03,0
6860-YRJZP,"[9.0,74.05,678.45]",0.04,0
4429-WYGFR,"[26.0,49.15,1237.3]",0.05,0
2817-LVCPP,"[50.0,19.4,1023.95]",0.06,0
5038-ETMLM,"[72.0,113.65,8182.75]",0.07,0
5056-FIMPT,"[43.0,106.0,4532.3]",0.08,0
4521-WFJAI,"[56.0,25.95,1444.05]",0.09,0
6569-KTMDU,"[1.0,19.1,19.1]",0.1,0
8809-RIHDD,"[72.0,103.4,7372.65]",0.11,0
8809-XKHMD,"[72.0,100.55,7325.1]",0.12,0
0396-YCHWO,"[36.0,95.4,3474.2]",0.13,0
0867-LDTTC,"[5.0,75.15,392.65]",0.14,0
4822-NGOCH,"[13.0,84.45,1058.6]",0.15,0
9391-DXGGG,"[44.0,89.15,3990.75]",0.16,0
9844-FELAJ,"[70.0,107.9,7475.85]",0.17,0
2122-SZZZD,"[44.0,19.5,835.5]",0.18,0
5307-DZCVC,"[32.0,85.95,2628.6]",0.19,0
3148-AOIQT,"[69.0,24.95,1718.35]",0.2,0
8679-JOEVF,"[16.0,59.4,1023.9]",0.21,0
8395-ETZKQ,"[68.0,19.5,1193.55]",0.22,0
6692-YQHXC,"[16.0,69.95,1205.5]",0.23,0
3889-VWBID,"[68.0,82.85,5776.45]",0.24,0
5222-JCXZT,"[4.0,19.0,78.9]",0.25,0
9754-CLVZW,"[26.0,38.85,1025.15]",0.26,0
1432-FPAXX,"[29.0,30.6,856.35]",0.27,0
2739-CCZMB,"[5.0,20.35,122.0]",0.28,0
7080-TNUWP,"[70.0,95.0,6602.9]",0.29,0
0496-AHOOK,"[24.0,74.4,1712.9]",0.3,0
8336-TAVKX,"[72.0,78.45,5682.25]",0.31,0
2468-SJFLM,"[1.0,74.3,74.3]",0.32,0
3181-VTHOE,"[70.0,51.05,3635.15]",0.33,0
7168-HDQHG,"[36.0,19.2,702.9]",0.34,0
4803-AXVYP,"[38.0,99.55,3734.25]",0.35,0
3884-HCSWG,"[17.0,70.0,1144.5]",0.36,0
4567-AKPIA,"[41.0,109.1,4454.25]",0.37,0
5077-DXTCG,"[1.0,45.3,45.3]",0.38,0
1142-WACZW,"[2.0,29.85,75.6]",0.39,0
7901-HXJVA,"[14.0,76.45,1117.55]",0.4,0
5649-ANRML,"[2.0,95.1,180.25]",0.41,0
4892-VLANZ,"[1.0,19.8,19.8]",0.42,0
5924-IFQTT,"[13.0,72.8,930.05]",0.43,0
7968-QUXNS,"[6.0,18.95,110.15]",0.44,0
2919-HBCJO,"[4.0,76.65,333.6]",0.45,0
4236-XPXAV,"[5.0,99.15,465.05]",0.46,0
8903-WMRNW,"[15.0,101.75,1669.4]",0.47,0
2452-SNHFZ,"[47.0,75.45,3545.1]",0.48,0
3629-WEAAM,"[8.0,64.1,504.05]",0.49,0
6029-CSMJE,"[17.0,25.65,440.2]",0.5,0
7993-NQLJE,"[15.0,75.1,1151.55]",0.51,1
9909-DFRJA,"[26.0,95.85,2475.35]",0.52,1
9099-FTUHS,"[23.0,54.4,1249.25]",0.53,1
0581-BXBUB,"[4.0,72.75,317.75]",0.54,1
4962-CHQPW,"[29.0,19.85,535.05]",0.55,1
9467-ROOLM,"[25.0,19.05,461.3]",0.56,1
3030-YZADT,"[9.0,44.95,431.0]",0.57,1
7410-KTVFV,"[18.0,49.55,878.35]",0.58,1
5150-ITWWB,"[3.0,94.85,335.75]",0.59,1
2253-KPMNB,"[69.0,46.25,3121.4]",0.6,1
1345-ZUKID,"[14.0,19.35,324.8]",0.61,1
6429-SHBCB,"[19.0,69.6,1394.55]",0.62,1
9281-OFDMF,"[39.0,90.7,3413.25]",0.63,1
2603-HVKCG,"[31.0,101.4,3143.65]",0.64,1
1834-WULEG,"[24.0,20.25,439.75]",0.65,1
9097-ZUBYC,"[14.0,48.8,664.4]",0.66,1
5148-ORICT,"[64.0,74.35,4759.55]",0.67,1
4893-GYUJU,"[50.0,19.35,1033.0]",0.68,1
4578-PHJYZ,"[52.0,68.75,3482.85]",0.69,1
7272-QDCKA,"[28.0,100.2,2688.45]",0.7,1
8908-SLFCJ,"[21.0,20.85,435.25]",0.71,1
8393-DLHGA,"[25.0,95.9,2448.75]",0.72,1
9766-HGEDE,"[17.0,19.35,307.0]",0.73,1
6968-MHOMU,"[58.0,45.0,2689.35]",0.74,1
7395-IGJOS,"[17.0,81.5,1329.2]",0.75,1
5044-XDPYX,"[51.0,25.5,1281.25]",0.76,1
1814-WFGVS,"[72.0,48.9,3527.0]",0.77,1
2834-SPCJV,"[52.0,84.1,4348.65]",0.78,1
3721-WKIIL,"[27.0,19.6,561.15]",0.79,1
6734-CKRSM,"[3.0,20.0,63.6]",0.8,1
1265-ZFOSD,"[64.0,81.3,5129.3]",0.81,1
6568-POCUI,"[45.0,95.2,4285.8]",0.82,1
7890-VYYWG,"[3.0,36.45,93.7]",0.83,1
5197-LQXXH,"[71.0,83.3,5894.5]",0.84,1
9907-SWKKF,"[1.0,25.05,25.05]",0.85,1
3457-PQBYH,"[58.0,20.3,1160.75]",0.86,1
7682-AZNDK,"[34.0,89.85,3091.75]",0.87,1
0587-DMGBH,"[8.0,49.85,365.55]",0.88,1
5384-ZTTWP,"[15.0,19.8,272.95]",0.89,1
3745-HRPHI,"[66.0,54.65,3632.0]",0.9,1
7636-OWBPG,"[12.0,29.35,381.2]",0.91,1
1231-YNDEK,"[58.0,19.15,1035.5]",0.92,1
1407-DIGZV,"[3.0,19.1,52.0]",0.93,1
6397-JNZZG,"[43.0,55.55,2342.2]",0.94,1
0570-BFQHT,"[9.0,80.55,653.9]",0.95,1
4393-OBCRR,"[3.0,20.25,71.2]",0.96,1
3523-QRQLL,"[22.0,69.5,1498.2]",0.97,1
8564-LDKFL,"[40.0,106.0,4178.65]",0.98,1
3696-DFHHB,"[68.0,25.5,1821.8]",0.99,1
0895-DQHEW,"[54.0,104.3,5278.15]",0.0,0
4717-GHADL,"[50.0,79.6,4024.2]",0.01,0
5501-TVMGM,"[1.0,55.25,55.25]",0.02,0
5879-HMFFH,"[72.0,88.05,6520.8]",0.03,0
6772-WFQRD,"[40.0,20.4,854.9]",0.04,0
3810-DVDQQ,"[72.0,117.6,8308.9]",0.05,0
6972-SNKKW,"[6.0,20.0,109.2]",0.06,0
3694-GLTJM,"[5.0,19.65,92.05]",0.07,0
8550-XSXUQ,"[48.0,70.55,3420.5]",0.08,0
8149-RSOUN,"[1.0,93.85,93.85]",0.09,0
9055-MOJJJ,"[64.0,65.8,4068.0]",0.1,0
4359-INNWN,"[17.0,20.05,337.9]",0.11,0
0585-EGDDA,"[40.0,80.0,3168.75]",0.12,0
4032-RMHCI,"[41.0,35.4,1412.4]",0.13,0
0549-CYCQN,"[51.0,79.6,3974.7]",0.14,0
3481-JHUZH,"[41.0,80.25,3439.0]",0.15,0
7250-EQKIY,"[1.0,50.45,50.45]",0.16,0
3594-IVHJZ,"[2.0,20.45,42.45]",0.17,0
6869-FGJJC,"[68.0,79.6,5461.45]",0.18,0
3896-ZVNET,"[24.0,24.7,571.75]",0.19,0
8205-VSLRB,"[70.0,77.3,5498.2]",0.2,0
5960-MVTUK,"[3.0,29.75,96.85]",0.21,0
6817-WTYHE,"[2.0,44.9,111.05]",0.22,0
3082-VQXNH,"[3.0,29.8,94.4]",0.23,0
4013-UBXWQ,"[7.0,74.65,521.1]",0.24,0
4931-TRZWN,"[13.0,71.95,923.85]",0.25,0
0750-EKNGL,"[7.0,20.75,141.1]",0.26,0
7669-LCRSD,"[12.0,56.3,628.65]",0.27,0
3567-PQTSO,"[53.0,105.25,5576.3]",0.28,0
5519-NPHVG,"[12.0,94.2,1046.1]",0.29,0
8043-PNYSD,"[63.0,19.55,1245.6]",0.3,0
9938-EKRGF,"[15.0,84.45,1287.85]",0.31,0
2703-AMTUL,"[36.0,53.65,1939.35]",0.32,0
0928-JMXNP,"[4.0,29.9,118.25]",0.33,0
8173-RXAYP,"[24.0,19.7,452.55]",0.34,0
4825-XJGDM,"[61.0,43.7,2696.55]",0.35,0
5402-HTOTQ,"[16.0,55.3,875.35]",0.36,0
6734-JDTTV,"[65.0,19.85,1267.05]",0.37,0
7850-THJMU,"[26.0,19.65,494.9]",0.38,0
3890-RTCMS,"[16.0,49.45,799.0]",0.39,0
8849-GYOKR,"[54.0,106.55,5763.3]",0.4,0
3148-BLQJT,"[1.0,20.1,20.1]",0.41,0
3717-FDJFU,"[5.0,20.45,106.9]",0.42,0
3665-JATSN,"[19.0,39.7,710.05]",0.43,0
7966-YOTQW,"[10.0,54.5,568.2]",0.44,0
0461-CVKMU,"[23.0,83.8,1900.25]",0.45,0
8806-EAGWC,"[3.0,55.15,159.15]",0.46,0
8853-TZDGH,"[72.0,111.6,8012.75]",0.47,0
7779-LGOVN,"[10.0,86.65,856.65]",0.48,0
4324-BZCKL,"[10.0,55.55,551.3]",0.49,0
6924-TDGMT,"[11.0,20.55,184.95]",0.5,0
9710-ZUSHQ,"[37.0,106.75,4056.75]",0.51,1
1536-YHDOE,"[17.0,62.1,1096.65]",0.52,1
8123-QBNAZ,"[36.0,104.5,3684.95]",0.53,1
3629-ZNKXA,"[17.0,101.8,1752.45]",0.54,1
4827-LTQRJ,"[66.0,110.6,7210.85]",0.55,1
7711-YIJWC,"[61.0,84.9,5264.5]",0.56,1
5482-VXSXJ,"[22.0,93.2,2157.3]",0.57,1
7365-BVCJH,"[1.0,24.4,24.4]",0.58,1
9620-ENEJV,"[6.0,70.55,433.95]",0.59,1
4183-WCSEP,"[31.0,78.45,2435.15]",0.6,1
2378-YIZKA,"[68.0,85.0,5607.75]",0.61,1
5498-TXHLF,"[34.0,87.45,2874.15]",0.62,1
0689-DSXGL,"[52.0,85.8,4433.3]",0.63,1
6818-DJXAA,"[10.0,91.1,964.35]",0.64,1
9722-UJOJR,"[29.0,70.75,1974.8]",0.65,1
0464-WJTKO,"[72.0,20.1,1460.85]",0.66,1
8902-ZEOVF,"[47.0,20.05,951.55]",0.67,1
6778-EICRF,"[24.0,74.8,1821.2]",0.68,1
2662-NNTDK,"[65.0,24.8,1600.95]",0.69,1
4132-KALRO,"[4.0,100.85,399.25]",0.7,1
3902-FOIGH,"[12.0,101.35,1218.55]",0.71,1
6772-KSATR,"[1.0,81.7,81.7]",0.72,1
7112-OPOTK,"[33.0,68.25,2171.15]",0.73,1
2874-YXVVA,"[34.0,105.1,3634.8]",0.74,1
1245-HARPS,"[14.0,20.4,292.4]",0.75,1
4210-QFJMF,"[4.0,79.15,317.25]",0.76,1
4323-ELYYB,"[13.0,20.0,218.55]",0.77,1
4293-ETKAP,"[65.0,79.4,5071.9]",0.78,1
6064-PUPMC,"[23.0,57.2,1423.35]",0.79,1
6504-VBLFL,"[55.0,58.6,3068.6]",0.8,1
6322-PJJDJ,"[49.0,94.8,4690.65]",0.81,1
0330-BGYZE,"[60.0,102.5,6157.6]",0.82,1
1085-LDWAM,"[69.0,20.35,1442.65]",0.83,1
7586-ZATGZ,"[40.0,84.9,3369.05]",0.84,1
7197-VOJMM,"[67.0,69.2,4671.65]",0.85,1
3318-OSATS,"[35.0,95.45,3474.05]",0.86,1
5828-AVIPD,"[19.0,100.95,1875.55]",0.87,1
1843-TLSGD,"[13.0,20.85,272.35]",0.88,1
9626-VFRGG,"[41.0,88.5,3645.05]",0.89,1
7075-BNDVQ,"[4.0,35.0,135.75]",0.9,1
9143-CANJF,"[24.0,55.15,1319.85]",0.91,1
7284-BUYEC,"[5.0,50.95,229.4]",0.92,1
2041-JIJCI,"[5.0,64.0,370.25]",0.93,1
1086-LXKFY,"[1.0,69.1,69.1]",0.94,1
4900-MSOMT,"[72.0,80.2,5714.2]",0.95,1
2229-VWQJH,"[24.0,49.3,1233.25]",0.96,1
9194-GFVOI,"[42.0,84.35,3571.6]",0.97,1
1336-EZFZY,"[4.0,20.05,83.3]",0.98,1
4282-MSACW,"[68.0,117.2,8035.95]",0.99,1
1403-LKLIK,"[33.0,20.1,579.4]",0.0,0
2636-ALXXZ,"[1.0,69.6,69.6]",0.01,0
7774-OJSXI,"[31.0,103.45,3066.45]",0.02,0
7786-WBJYI,"[4.0,77.95,305.55]",0.03,0
0136-IFMYD,"[69.0,109.95,7634.25]",0.04,0
5144-TVGLP,"[38.0,94.75,3653.0]",0.05,0
9643-AVVWI,"[3.0,80.0,241.3]",0.06,0
0253-ZTEOB,"[48.0,79.65,3870.3]",0.07,0
2706-QZIHY,"[15.0,25.2,387.9]",0.08,0
6061-PQHMK,"[25.0,19.9,527.5]",0.09,0
9885-CSMWE,"[1.0,78.45,78.45]",0.1,0
6137-MFAJN,"[48.0,44.8,2104.55]",0.11,0
9122-UMROB,"[1.0,20.3,20.3]",0.12,0
4232-JGKIY,"[1.0,19.2,19.2]",0.13,0
2402-TAIRZ,"[37.0,80.05,3019.1]",0.14,0
9659-ZTWSM,"[66.0,107.35,7051.95]",0.15,0
9139-TWBAS,"[26.0,47.85,1190.5]",0.16,0
6685-GBWJZ,"[63.0,70.8,4448.8]",0.17,0
5016-ETTFF,"[10.0,29.5,255.25]",0.18,0
3866-MDTUB,"[2.0,70.75,146.9]",0.19,0
2195-VVRJF,"[18.0,59.1,1011.05]",0.2,0
3913-RDSJZ,"[64.0,25.55,1714.95]",0.21,0
8058-JMEQO,"[9.0,84.45,762.5]",0.22,0
4203-QGNZA,"[28.0,20.25,535.35]",0.23,0
5043-TRZWM,"[1.0,75.55,75.55]",0.24,0
0697-ZMSWS,"[4.0,85.65,338.9]",0.25,0
7657-DYEPJ,"[38.0,70.15,2497.35]",0.26,0
9494-BDNNC,"[66.0,95.3,6273.4]",0.27,0
1640-PLFMP,"[1.0,70.25,70.25]",0.28,0
5366-OBVMR,"[18.0,50.3,908.75]",0.29,0
8276-MQBYC,"[51.0,97.8,4913.3]",0.3,0
7644-OMVMY,"[0.0,19.85,0.0]",0.31,0
7593-XFKDI,"[1.0,46.3,46.3]",0.32,0
4573-JKNAE,"[12.0,19.35,212.3]",0.33,0
0337-CNPZE,"[41.0,106.3,4443.45]",0.34,0
9817-APLHW,"[12.0,25.0,316.2]",0.35,0
8380-MQINP,"[55.0,20.3,1079.05]",0.36,0
0840-DFEZH,"[7.0,75.35,564.65]",0.37,0
1513-XNPPH,"[12.0,89.4,1095.65]",0.38,0
8690-ZVLCL,"[68.0,88.0,6161.9]",0.39,0
6015-VVHHE,"[5.0,83.15,446.05]",0.4,0
1125-SNVCK,"[49.0,43.8,2106.05]",0.41,0
0384-LPITE,"[40.0,62.05,2511.55]",0.42,0
4616-EWBNJ,"[16.0,20.1,318.6]",0.43,0
6347-DCUIK,"[10.0,74.15,811.8]",0.44,0
1335-HQMKX,"[72.0,101.35,7323.15]",0.45,0
2545-EBUPK,"[2.0,84.05,186.05]",0.46,0
6923-AQONU,"[23.0,20.9,454.0]",0.47,0
2172-EJXVF,"[71.0,105.9,7521.95]",0.48,0
0897-FEGMU,"[11.0,99.5,1056.95]",0.49,0
7663-RGWBC,"[1.0,44.15,44.15]",0.5,0
1120-BMWUB,"[16.0,53.9,834.15]",0.51,1
9124-LHCJQ,"[1.0,85.45,85.45]",0.52,1
4536-PLEQY,"[12.0,85.05,999.8]",0.53,1
7029-IJEJK,"[54.0,44.1,2369.7]",0.54,1
8871-JLMHM,"[68.0,90.2,6297.65]",0.55,1
2235-ZGKPT,"[4.0,50.85,239.55]",0.56,1
3891-PUQOD,"[1.0,59.2,59.2]",0.57,1
5447-VYTKW,"[27.0,53.45,1461.45]",0.58,1
3623-FQBOX,"[21.0,19.95,416.4]",0.59,1
0689-NKYLF,"[13.0,83.2,1060.6]",0.6,1
8659-HDIYE,"[64.0,74.65,4869.35]",0.61,1
3658-KIBGF,"[1.0,54.9,54.9]",0.62,1
3474-BAFSJ,"[57.0,57.5,3265.95]",0.63,1
5519-YLDGW,"[21.0,103.9,2254.2]",0.64,1
3865-ZFZIB,"[19.0,19.65,358.15]",0.65,1
1855-AGAWH,"[31.0,93.8,2939.8]",0.66,1
7109-CQYUZ,"[52.0,89.25,4652.4]",0.67,1
1370-GGAWX,"[46.0,94.15,4408.45]",0.68,1
4680-KUTAJ,"[11.0,55.6,580.8]",0.69,1
5307-UVGNB,"[53.0,48.7,2495.2]",0.7,1
4946-EDSEW,"[11.0,19.25,180.3]",0.71,1
2883-ILGWO,"[57.0,104.9,5913.95]",0.72,1
2516-VQRRV,"[2.0,75.45,158.4]",0.73,1
7580-UGXNC,"[2.0,54.85,104.2]",0.74,1
3642-BYHDO,"[71.0,19.9,1389.35]",0.75,1
9629-NHXFW,"[1.0,19.4,19.4]",0.76,1
2696-RZVZW,"[68.0,25.05,1629.2]",0.77,1
5766-FTRTS,"[72.0,84.45,6033.1]",0.78,1
0396-HUJBP,"[2.0,19.3,44.4]",0.79,1
5178-LMXOP,"[1.0,95.1,95.1]",0.8,1
8879-ZKJOF,"[41.0,79.85,3320.75]",0.81,1
6285-FTQBF,"[72.0,25.55,1867.7]",0.82,1
8185-UPYBR,"[6.0,75.5,438.0]",0.83,1
4585-HETAI,"[4.0,73.75,325.45]",0.84,1
7526-BEZQB,"[12.0,96.05,1148.1]",0.85,1
1474-JUWSM,"[58.0,68.4,3972.25]",0.86,1
3530-CRZSB,"[7.0,20.65,155.9]",0.87,1
8498-XXGWA,"[65.0,55.15,3673.15]",0.88,1
9617-INGJY,"[1.0,70.6,70.6]",0.89,1
0621-TSSMU,"[56.0,19.95,1126.75]",0.9,1
7234-KMNRQ,"[4.0,19.0,73.45]",0.91,1
7636-PEPNS,"[58.0,44.1,2413.05]",0.92,1
4683-WYDOU,"[62.0,107.6,6912.7]",0.93,1
9052-DHNKM,"[26.0,61.55,1581.95]",0.94,1
6794-HKIAJ,"[62.0,90.7,5586.45]",0.95,1
5578-NKCXI,"[58.0,99.25,5846.65]",0.96,1
1642-HMARX,"[68.0,91.7,6424.7]",0.97,1
3096-WPXBT,"[61.0,100.7,6018.65]",0.98,1
8434-PNQZX,"[42.0,78.45,3373.4]",0.99,1
5950-AAAGJ,"[18.0,84.3,1537.9]",0.0,0
4299-OPXEJ,"[56.0,19.55,1080.55]",0.01,0
4951-UKAAQ,"[4.0,88.95,355.2]",0.02,0
9618-LFJRU,"[4.0,20.45,82.85]",0.03,0
6693-DJWTY,"[35.0,55.6,2016.45]",0.04,0
0744-GKNGE,"[64.0,86.8,5327.25]",0.05,0
6447-EGDIV,"[31.0,20.95,683.25]",0.06,0
1167-OYZJF,"[67.0,20.05,1263.05]",0.07,0
2108-YKQTY,"[4.0,50.7,151.3]",0.08,0
4806-DXQCE,"[70.0,113.65,7714.65]",0.09,0
4918-QLLIW,"[3.0,53.4,188.7]",0.1,0
7056-IMHCC,"[53.0,101.9,5549.4]",0.11,0
4854-SSLTN,"[2.0,59.5,130.5]",0.12,0
5294-DMSFH,"[29.0,87.8,2621.75]",0.13,0
4837-PZTIC,"[47.0,41.9,1875.25]",0.14,0
1625-JAIIY,"[68.0,83.0,5685.8]",0.15,0
0603-OLQDC,"[12.0,69.85,837.5]",0.16,0
3272-VUHPV,"[8.0,56.3,401.5]",0.17,0
4176-FXYBO,"[54.0,109.55,6118.95]",0.18,0
1063-DHQJF,"[69.0,92.15,6480.9]",0.19,0
8663-UPDGF,"[26.0,69.5,1800.05]",0.2,0
6719-FGEDO,"[72.0,97.0,7104.2]",0.21,0
1837-YQUCE,"[70.0,58.35,4214.25]",0.22,0
2947-DOMLJ,"[1.0,50.6,50.6]",0.23,0
4112-LUEIZ,"[10.0,89.5,863.1]",0.24,0
0369-ZGOVK,"[28.0,70.4,1992.2]",0.25,0
4510-HIMLV,"[1.0,69.8,69.8]",0.26,0
9919-KNPOO,"[21.0,94.3,1948.35]",0.27,0
8749-JMNKX,"[51.0,93.8,4750.95]",0.28,0
7872-BAAZR,"[53.0,19.55,1007.9]",0.29,0
9391-LMANN,"[53.0,95.95,5036.9]",0.3,0
2430-USGXP,"[24.0,101.05,2391.8]",0.31,0
8174-TBVCF,"[70.0,94.8,6859.05]",0.32,0
1698-XFZCI,"[61.0,107.75,6521.9]",0.33,0
1877-HKBQX,"[11.0,54.6,617.85]",0.34,0
4450-DLLMH,"[2.0,71.3,157.75]",0.35,0
0428-AXXLJ,"[25.0,19.5,516.3]",0.36,0
2746-DIJLO,"[41.0,56.3,2364.0]",0.37,0
5955-ERIHD,"[18.0,94.7,1687.95]",0.38,0
0917-EZOLA,"[72.0,104.15,7689.95]",0.39,0
3508-VLHCZ,"[71.0,90.55,6239.05]",0.4,0
4086-ATNFV,"[34.0,60.8,2042.05]",0.41,0
0468-YRPXN,"[29.0,98.8,2807.1]",0.42,0
5996-NRVXR,"[40.0,98.15,4116.8]",0.43,0
3739-YBWAB,"[36.0,35.35,1317.95]",0.44,0
7047-FWEYA,"[46.0,103.15,4594.65]",0.45,0
2000-MPKCA,"[58.0,107.75,6332.75]",0.46,0
9762-YAQAA,"[39.0,81.4,3213.75]",0.47,0
5949-EBSQK,"[4.0,61.45,229.55]",0.48,0
5473-KHBPS,"[52.0,95.7,4976.15]",0.49,0
0100-DUVFC,"[70.0,104.8,7308.95]",0.5,0
5397-TUPSH,"[65.0,70.95,4555.2]",0.51,1
8950-MTZNV,"[1.0,44.95,44.95]",0.52,1
0326-VDYXE,"[70.0,97.65,6982.5]",0.53,1
6773-LQTVT,"[29.0,35.65,1025.15]",0.54,1
7274-RTAPZ,"[1.0,90.55,90.55]",0.55,1
0436-TWFFZ,"[67.0,85.25,5714.2]",0.56,1
8566-YPRGL,"[1.0,19.5,19.5]",0.57,1
0311-UNPFF,"[26.0,88.8,2274.35]",0.58,1
6609-MXJHJ,"[30.0,25.1,789.55]",0.59,1
2669-OIDSD,"[48.0,100.05,4834.0]",0.6,1
8400-WZICQ,"[55.0,55.7,3131.8]",0.61,1
3834-XUIFC,"[7.0,85.2,602.55]",0.62,1
9576-SYUHJ,"[37.0,91.15,3369.25]",0.63,1
0410-IPFTY,"[31.0,83.85,2674.15]",0.64,1
2831-EBWRN,"[4.0,45.9,199.75]",0.65,1
9430-NKQLY,"[72.0,25.1,1790.8]",0.66,1
8414-MYSHR,"[5.0,91.4,449.75]",0.67,1
0247-SLUJI,"[1.0,19.7,19.7]",0.68,1
9402-ORRAH,"[15.0,91.5,1400.3]",0.69,1
6483-OATDN,"[8.0,51.3,411.6]",0.7,1
1293-HHSHJ,"[35.0,21.1,741.0]",0.71,1
4840-ORQXB,"[56.0,104.75,5841.35]",0.72,1
7599-FKVXZ,"[42.0,106.15,4512.7]",0.73,1
3982-DQLUS,"[65.0,85.75,5688.45]",0.74,1
8610-ZIKJJ,"[2.0,20.3,31.9]",0.75,1
3756-VNWDH,"[65.0,100.75,6674.65]",0.76,1
7801-KICAO,"[18.0,74.15,1345.75]",0.77,1
7673-LPRNY,"[23.0,78.55,1843.05]",0.78,1
8229-TNIQA,"[4.0,45.3,196.95]",0.79,1
6060-QBMGV,"[70.0,19.85,1433.8]",0.8,1
7339-POGZN,"[4.0,50.7,214.55]",0.81,1
2828-SLQPF,"[19.0,45.0,865.85]",0.82,1
4465-VDKIQ,"[18.0,77.8,1358.6]",0.83,1
2921-XWDJH,"[38.0,83.45,3147.15]",0.84,1
6221-AVQYL,"[2.0,73.25,131.05]",0.85,1
2558-BUOZZ,"[47.0,94.8,4535.85]",0.86,1
9257-AZMTZ,"[52.0,20.1,1078.75]",0.87,1
0003-MKNFE,"[9.0,59.9,542.4]",0.88,1
0975-UYDTX,"[26.0,90.1,2312.55]",0.89,1
7743-EXURX,"[8.0,51.05,415.05]",0.9,1
4682-BLBUC,"[44.0,70.95,3250.45]",0.91,1
0975-VOOVL,"[3.0,29.2,98.5]",0.92,1
5968-VXZLG,"[2.0,46.6,87.9]",0.93,1
5569-KGJHX,"[9.0,85.35,754.65]",0.94,1
4988-IQIGL,"[1.0,75.35,75.35]",0.95,1
5201-FRKKS,"[25.0,74.3,1952.25]",0.96,1
9799-CAYJJ,"[2.0,69.3,153.8]",0.97,1
7730-IUTDZ,"[43.0,75.2,3198.6]",0.98,1
0426-TIRNE,"[1.0,20.9,20.9]",0.99,1
5443-SCMKX,"[58.0,94.3,5610.15]",0.0,0
8295-KMENE,"[59.0,76.45,4519.5]",0.01,0
6738-ISCBM,"[44.0,54.0,2440.25]",0.02,0
9821-BESNZ,"[66.0,104.25,6860.6]",0.03,0
3678-MNGZX,"[68.0,19.95,1377.7]",0.04,0
1335-NTIUC,"[9.0,24.95,190.25]",0.05,0
2916-BQZLN,"[19.0,84.75,1651.95]",0.06,0
4558-CGYCZ,"[4.0,19.75,78.3]",0.07,0
2368-GAKKQ,"[70.0,113.65,7939.25]",0.08,0
8710-YGLWG,"[1.0,44.9,44.9]",0.09,0
3199-XGZCY,"[8.0,75.25,576.7]",0.1,0
3785-KTYSH,"[53.0,24.6,1279.0]",0.11,0
6814-ZPWFQ,"[51.0,25.0,1260.7]",0.12,0
4063-EIKNQ,"[11.0,20.95,267.35]",0.13,0
6993-YCOBK,"[60.0,110.6,6586.85]",0.14,0
5206-HPJKM,"[17.0,55.5,934.15]",0.15,0
7587-RZNME,"[3.0,43.3,123.65]",0.16,0
0748-RDGGM,"[70.0,109.5,7534.65]",0.17,0
8393-JMVMB,"[1.0,19.45,19.45]",0.18,0
5019-GQVCR,"[43.0,84.85,3645.6]",0.19,0
6036-TTFYU,"[16.0,19.6,314.45]",0.2,0
2550-AEVRU,"[57.0,53.45,3053.0]",0.21,0
0969-RGKCU,"[37.0,19.8,677.05]",0.22,0
0378-CJKPV,"[72.0,112.1,7965.95]",0.23,0
4706-AXVKM,"[11.0,84.8,906.85]",0.24,0
5889-JTMUL,"[50.0,95.05,4888.7]",0.25,0
9026-RNUJS,"[5.0,50.35,237.25]",0.26,0
3746-EUBYR,"[1.0,74.6,74.6]",0.27,0
2332-EFBJY,"[16.0,19.7,342.4]",0.28,0
2880-FPNAE,"[2.0,74.2,140.1]",0.29,0
1703-MGIAB,"[17.0,69.0,1108.0]",0.3,0
4311-QTTAI,"[16.0,19.35,295.55]",0.31,0
9474-PHLYD,"[15.0,59.45,892.65]",0.32,0
4318-RAJVY,"[10.0,19.8,198.25]",0.33,0
2165-VOEGB,"[46.0,105.2,4822.85]",0.34,0
3612-YUNGG,"[64.0,109.2,6741.15]",0.35,0
2254-DLXRI,"[1.0,79.15,79.15]",0.36,0
5062-CJJKH,"[25.0,53.65,1355.45]",0.37,0
9028-LIHRP,"[71.0,100.2,7209.0]",0.38,0
2219-MVUSO,"[8.0,45.15,438.4]",0.39,0
1053-MXTTK,"[72.0,108.65,7726.35]",0.4,0
1530-ZTDOZ,"[49.0,40.65,2070.75]",0.41,0
1301-LOPVR,"[29.0,55.35,1636.95]",0.42,0
0853-TWRVK,"[72.0,105.6,7581.5]",0.43,0
8914-RBTSB,"[31.0,93.8,3019.5]",0.44,0
6212-ATMLK,"[50.0,95.7,4729.75]",0.45,0
8200-LGKSR,"[71.0,83.2,6126.1]",0.46,0
1568-BEKZM,"[70.0,90.05,6333.4]",0.47,0
0670-ANMUU,"[71.0,97.65,6687.85]",0.48,0
6897-RWMUB,"[61.0,68.05,4158.25]",0.49,0
0963-ZBDRN,"[32.0,96.2,3183.4]",0.5,0
7594-RQHXR,"[1.0,79.6,79.6]",0.51,1
6999-CHVCF,"[68.0,102.1,7149.35]",0.52,1
6134-KWTBV,"[62.0,23.4,1429.65]",0.53,1
1077-HUUJM,"[7.0,71.05,472.65]",0.54,1
6331-EWIEB,"[20.0,85.25,1734.5]",0.55,1
0895-LNKRC,"[6.0,19.45,113.5]",0.56,1
2045-BMBTJ,"[33.0,59.45,1884.65]",0.57,1
8417-GSODA,"[28.0,92.2,2568.15]",0.58,1
5171-EPLKN,"[27.0,19.85,470.0]",0.59,1
4452-QIIEB,"[7.0,43.9,278.4]",0.6,1
5998-VVEJY,"[26.0,80.5,2088.8]",0.61,1
1624-NALOJ,"[5.0,89.8,502.6]",0.62,1
6741-EGCBI,"[30.0,90.5,2595.85]",0.63,1
7820-ZYGNY,"[63.0,90.45,5825.5]",0.64,1
4317-VTEOA,"[1.0,50.75,50.75]",0.65,1
9677-AVKED,"[53.0,84.6,4449.75]",0.66,1
1670-SVOWZ,"[14.0,89.65,1208.35]",0.67,1
2227-JRSJX,"[21.0,99.15,1956.4]",0.68,1
9847-HNVGP,"[17.0,19.95,310.6]",0.69,1
6696-YDAYZ,"[16.0,20.5,290.55]",0.7,1
8980-WQFWL,"[35.0,62.1,2096.1]",0.71,1
1730-ZMAME,"[32.0,79.5,2665.0]",0.72,1
6506-EYCNH,"[28.0,19.55,543.8]",0.73,1
4634-JLRJT,"[1.0,20.35,20.35]",0.74,1
9501-UKKNL,"[59.0,51.7,3005.8]",0.75,1
2560-QTSBS,"[72.0,23.3,1623.15]",0.76,1
7541-YLXCL,"[36.0,65.4,2498.4]",0.77,1
4795-WRNVT,"[40.0,65.1,2586.0]",0.78,1
6080-TCMYC,"[40.0,81.2,3292.3]",0.79,1
0260-ZDLGK,"[9.0,72.9,651.4]",0.8,1
7860-UXCRM,"[63.0,74.5,4674.55]",0.81,1
6357-JJPQT,"[3.0,80.5,232.35]",0.82,1
2292-XQWSV,"[40.0,60.3,2448.5]",0.83,1
9552-TGUZV,"[8.0,75.0,658.1]",0.84,1
5913-INRQV,"[34.0,90.15,3128.8]",0.85,1
8722-NGNBH,"[5.0,40.0,223.45]",0.86,1
6210-KBBPI,"[9.0,99.45,919.4]",0.87,1
9643-YBLUR,"[9.0,69.05,653.95]",0.88,1
8734-FNWVH,"[31.0,59.7,1825.5]",0.89,1
9447-YPTBX,"[50.0,19.85,943.1]",0.9,1
0133-BMFZO,"[2.0,86.25,181.65]",0.91,1
6128-CZOMY,"[1.0,45.65,45.65]",0.92,1
9540-JYROE,"[8.0,70.1,551.35]",0.93,1
9026-LHEVG,"[9.0,40.75,359.4]",0.94,1
2260-USTRB,"[2.0,70.2,115.95]",0.95,1
3656-TKRVZ,"[3.0,55.35,165.2]",0.96,1
7011-CVEUC,"[25.0,95.7,2338.35]",0.97,1
6185-TASNN,"[1.0,46.3,46.3]",0.98,1
7925-PNRGI,"[45.0,81.3,3541.1]",0.99,1
8623-TMRBY,"[51.0,84.2,4146.05]",0.0,0
1552-CZCLL,"[55.0,20.0,1087.25]",0.01,0
3038-PQIUY,"[38.0,66.15,2522.4]",0.02,0
1501-SGHBW,"[2.0,45.85,81.0]",0.03,0
9313-CDOGY,"[38.0,19.6,717.3]",0.04,0
8148-BPLZQ,"[34.0,49.8,1734.2]",0.05,0
2623-DRYAM,"[70.0,101.75,7069.3]",0.06,0
9987-LUTYD,"[13.0,55.15,742.9]",0.07,0
3208-YPIOE,"[39.0,75.25,3017.65]",0.08,0
4488-KQFDT,"[61.0,103.95,6423.0]",0.09,0
2612-RANWT,"[12.0,100.15,1164.3]",0.1,0
5693-PIPCS,"[41.0,99.65,4220.35]",0.11,0
0491-KAPQG,"[21.0,73.7,1558.7]",0.12,0
1925-LFCZZ,"[55.0,50.05,2743.45]",0.13,0
8039-EQPIM,"[69.0,60.25,4055.5]",0.14,0
6900-PXRMS,"[26.0,105.75,2710.25]",0.15,0
8707-RMEZH,"[69.0,87.3,6055.55]",0.16,0
3346-BRMIS,"[18.0,48.35,810.7]",0.17,0
3209-ZPKFI,"[47.0,54.25,2538.2]",0.18,0
6479-VDGRK,"[72.0,85.3,6129.2]",0.19,0
9373-WSLOY,"[33.0,50.0,1750.85]",0.2,0
2933-FILNV,"[2.0,24.4,36.55]",0.21,0
3569-JFODW,"[72.0,90.95,6652.45]",0.22,0
9819-FBNSV,"[37.0,72.25,2575.45]",0.23,0
9544-PYPSJ,"[62.0,96.1,6019.35]",0.24,0
1591-XWLGB,"[71.0,19.85,1379.6]",0.25,0
0396-UKGAI,"[23.0,55.3,1284.2]",0.26,0
3243-ZHOHY,"[16.0,20.1,296.15]",0.27,0
5186-EJEGL,"[9.0,69.5,653.25]",0.28,0
7527-QNRUS,"[17.0,25.15,412.6]",0.29,0
9986-BONCE,"[4.0,20.95,85.5]",0.3,0
2722-JMONI,"[1.0,49.55,49.55]",0.31,0
2203-GHNWN,"[24.0,79.65,1928.7]",0.32,0
3878-AVSOQ,"[1.0,71.25,71.25]",0.33,0
3258-SYSWS,"[72.0,113.8,7845.8]",0.34,0
5296-PSYVW,"[72.0,24.55,1750.7]",0.35,0
6319-QSUSR,"[11.0,19.7,216.2]",0.36,0
4083-EUGRJ,"[9.0,20.25,178.5]",0.37,0
7579-OOPEC,"[2.0,50.15,115.1]",0.38,0
0512-FLFDW,"[60.0,100.5,6029.0]",0.39,0
1771-OADNZ,"[29.0,95.9,2745.2]",0.4,0
0487-CRLZF,"[49.0,74.45,3721.9]",0.41,0
2107-FBPTK,"[30.0,104.1,3121.1]",0.42,0
9451-WLYRI,"[53.0,19.05,990.45]",0.43,0
8219-VYBVI,"[39.0,25.0,1004.35]",0.44,0
1991-VOPLL,"[9.0,19.05,157.65]",0.45,0
9738-QLWTP,"[39.0,81.9,3219.75]",0.46,0
1016-DJTSV,"[8.0,69.7,572.85]",0.47,0
9419-IPPBE,"[51.0,90.15,4554.85]",0.48,0
0174-QRVVY,"[71.0,25.35,1847.55]",0.49,0
5699-BNCAS,"[71.0,24.65,1766.75]",0.5,0
2900-PHPLN,"[70.0,19.55,1462.05]",0.51,1
0612-RTZZA,"[1.0,25.25,25.25]",0.52,1
8106-GWQOK,"[38.0,60.0,2193.2]",0.53,1
8751-EDEKA,"[28.0,89.9,2433.5]",0.54,1
6878-GGDWG,"[32.0,19.4,641.15]",0.55,1
4039-PIMHX,"[49.0,49.8,2398.4]",0.56,1
8450-LUGUK,"[37.0,24.1,861.85]",0.57,1
3604-WLABM,"[10.0,54.25,583.0]",0.58,1
0795-GMVQO,"[67.0,109.9,7332.4]",0.59,1
2259-OUUSZ,"[7.0,35.5,249.55]",0.6,1
1142-IHLOO,"[51.0,87.55,4475.9]",0.61,1
6410-LEFEN,"[9.0,45.15,416.45]",0.62,1
4633-MKHYU,"[9.0,88.4,788.6]",0.63,1
6257-RJOHI,"[4.0,50.8,202.3]",0.64,1
1545-JFUML,"[71.0,99.0,6994.6]",0.65,1
3194-ORPIK,"[50.0,84.4,4116.15]",0.66,1
7826-VVKWT,"[24.0,96.55,2263.45]",0.67,1
1353-GHZOS,"[22.0,59.75,1374.35]",0.68,1
2587-EKXTS,"[44.0,111.5,4915.15]",0.69,1
5442-BXVND,"[33.0,24.25,838.5]",0.7,1
8816-VXNZD,"[1.0,75.1,75.1]",0.71,1
9378-FXTIZ,"[54.0,70.15,3715.65]",0.72,1
1723-HKXJQ,"[42.0,101.75,4273.45]",0.73,1
7825-GKXMW,"[1.0,45.8,45.8]",0.74,1
9753-OYLBX,"[1.0,20.5,20.5]",0.75,1
2364-UFROM,"[30.0,70.4,2044.75]",0.76,1
6656-JWRQX,"[1.0,30.55,30.55]",0.77,1
6473-ULUHT,"[16.0,84.9,1398.25]",0.78,1
1240-KNSEZ,"[1.0,20.1,20.1]",0.79,1
0836-SEYLU,"[9.0,40.65,328.95]",0.8,1
4433-JCGCG,"[46.0,101.0,4680.05]",0.81,1
3716-BDVDB,"[1.0,69.1,69.1]",0.82,1
7688-AWMDX,"[71.0,54.5,3778.2]",0.83,1
2842-BCQGE,"[43.0,75.35,3161.4]",0.84,1
7244-QWYHG,"[50.0,44.45,2188.45]",0.85,1
5899-MQZZL,"[13.0,75.0,999.45]",0.86,1
6849-OYAMU,"[19.0,100.0,1888.65]",0.87,1
5312-UXESG,"[41.0,98.05,3990.6]",0.88,1
9488-HGMJH,"[1.0,71.15,71.15]",0.89,1
6038-GCYEC,"[24.0,54.15,1240.25]",0.9,1
2150-WLKUW,"[40.0,63.9,2635.0]",0.91,1
7159-FVYPK,"[3.0,69.15,235.0]",0.92,1
7032-LMBHI,"[37.0,64.65,2347.85]",0.93,1
1150-WFARN,"[67.0,108.75,7156.2]",0.94,1
6088-BXMRG,"[32.0,98.85,3089.6]",0.95,1
3144-AUDBS,"[6.0,49.15,270.8]",0.96,1
4821-SJHJV,"[32.0,89.6,2901.8]",0.97,1
7346-MEDWM,"[59.0,83.25,4949.1]",0.98,1
1137-DGOWI,"[30.0,70.25,2198.9]",0.99,1
5616-PRTNT,"[20.0,19.4,374.5]",0.0,0
3812-LRZIR,"[27.0,24.5,761.95]",0.01,0
4818-QIUFN,"[20.0,79.15,1520.9]",0.02,0
9483-GCPWE,"[9.0,20.1,190.25]",0.03,0
4227-OJHAL,"[68.0,73.0,5163.0]",0.04,0
9220-CXRSC,"[69.0,61.4,4059.85]",0.05,0
4993-JCRGJ,"[26.0,84.3,2281.6]",0.06,0
9537-JALFH,"[69.0,19.9,1356.7]",0.07,0
6698-OXETB,"[11.0,20.4,231.45]",0.08,0
2103-ZRXFN,"[1.0,50.75,50.75]",0.09,0
3724-BSCVH,"[10.0,20.45,242.4]",0.1,0
4877-TSOFF,"[55.0,75.75,4264.25]",0.11,0
9209-NWPGU,"[44.0,65.4,2774.55]",0.12,0
6961-VCPMC,"[46.0,80.4,3605.2]",0.13,0
7306-YDSOI,"[69.0,59.75,4069.9]",0.14,0
5288-AHOUP,"[11.0,78.5,874.2]",0.15,0
6688-UZPWD,"[11.0,102.0,1145.35]",0.16,0
0655-YDGFJ,"[29.0,48.95,1323.7]",0.17,0
8468-EHYJA,"[57.0,99.65,5497.05]",0.18,0
6823-SIDFQ,"[28.0,18.25,534.7]",0.19,0
1097-FSPVW,"[42.0,54.55,2455.05]",0.2,0
2839-RFSQE,"[2.0,20.65,38.7]",0.21,0
8328-SKJNO,"[23.0,40.65,947.4]",0.22,0
7010-ZMVBF,"[18.0,20.45,357.0]",0.23,0
5201-CBWYG,"[62.0,24.8,1476.25]",0.24,0
0968-GSIKN,"[1.0,70.8,70.8]",0.25,0
1965-DDBWU,"[16.0,89.05,1448.6]",0.26,0
9057-SIHCH,"[3.0,96.6,291.9]",0.27,0
6352-GIGGQ,"[67.0,88.8,5903.15]",0.28,0
3635-QQRQD,"[62.0,20.05,1201.65]",0.29,0
6771-XWBDM,"[57.0,104.5,5921.35]",0.3,0
2897-DOVND,"[2.0,69.8,146.65]",0.31,0
3082-YVEKW,"[23.0,77.15,1759.4]",0.32,0
0191-EQUUH,"[25.0,35.05,844.45]",0.33,0
7134-HBPBS,"[72.0,108.1,7774.05]",0.34,0
3489-HHPFY,"[2.0,84.05,134.05]",0.35,0
2926-JEJJC,"[8.0,20.2,140.95]",0.36,0
8601-QACRS,"[5.0,50.6,249.95]",0.37,0
4950-BDEUX,"[35.0,49.2,1701.65]",0.38,0
5789-LDFXO,"[24.0,24.6,592.65]",0.39,0
0508-OOLTO,"[2.0,71.65,135.75]",0.4,0
2984-TBYKU,"[72.0,104.9,7732.65]",0.41,0
9822-WMWVG,"[41.0,106.5,4282.4]",0.42,0
2391-SOORI,"[4.0,49.35,219.65]",0.43,0
9040-KZVWO,"[26.0,75.5,2018.1]",0.44,0
2645-QTLMB,"[7.0,94.25,669.0]",0.45,0
4806-HIPDW,"[1.0,68.95,68.95]",0.46,0
1548-ARAGG,"[4.0,58.5,224.85]",0.47,0
6339-RZCBJ,"[48.0,78.9,3771.5]",0.48,0
4424-TKOPW,"[2.0,93.85,196.75]",0.49,0
4415-WNGVR,"[12.0,79.2,943.85]",0.5,0
2522-AHJXR,"[60.0,109.45,6572.85]",0.51,1
0412-UCCNP,"[55.0,59.2,3175.85]",0.52,1
1816-FLZDK,"[1.0,29.15,29.15]",0.53,1
7096-UCLNH,"[1.0,20.05,20.05]",0.54,1
8443-ZRDBZ,"[4.0,76.05,318.9]",0.55,1
9136-ALYBR,"[1.0,24.45,24.45]",0.56,1
4615-PIVVU,"[42.0,66.5,2762.75]",0.57,1
8885-QSQBX,"[1.0,49.55,49.55]",0.58,1
7479-NITWS,"[7.0,89.35,631.85]",0.59,1
8617-ENBDS,"[3.0,73.6,232.5]",0.6,1
9385-NXKDA,"[72.0,82.65,5919.35]",0.61,1
0430-IHCDJ,"[15.0,49.0,749.25]",0.62,1
2959-MJHIC,"[4.0,80.35,307.4]",0.63,1
6674-KVJHG,"[11.0,25.2,245.15]",0.64,1
1814-DKOLC,"[5.0,25.45,134.75]",0.65,1
4201-JMNGR,"[1.0,55.8,55.8]",0.66,1
9351-HXDMR,"[72.0,110.9,8240.85]",0.67,1
3537-HPKQT,"[55.0,77.75,4266.4]",0.68,1
2129-ALKBS,"[40.0,26.2,1077.5]",0.69,1
5821-MMEIL,"[57.0,19.9,1115.6]",0.7,1
5960-WPXQM,"[1.0,79.05,79.05]",0.71,1
0684-AOSIH,"[1.0,95.0,95.0]",0.72,1
8260-NGFNY,"[1.0,25.2,25.2]",0.73,1
1309-XGFSN,"[52.0,80.85,4079.55]",0.74,1
1866-RZZQS,"[41.0,98.4,4187.75]",0.75,1
6968-URWQU,"[43.0,56.35,2391.15]",0.76,1
4742-TXUEX,"[47.0,19.3,890.5]",0.77,1
9631-XEYKE,"[3.0,50.4,137.25]",0.78,1
8631-NBHFZ,"[66.0,79.4,5154.6]",0.79,1
1335-MXCSE,"[55.0,55.25,3119.9]",0.8,1
8873-TMKGR,"[29.0,19.1,529.5]",0.81,1
8800-JOOCF,"[12.0,84.05,966.55]",0.82,1
1469-LBJQJ,"[66.0,105.2,6936.85]",0.83,1
4958-XCBDQ,"[35.0,101.4,3496.3]",0.84,1
8337-UPOAQ,"[10.0,89.8,914.3]",0.85,1
0064-YIJGF,"[27.0,75.75,1929.0]",0.86,1
2386-OWURY,"[58.0,95.3,5817.7]",0.87,1
1725-IQNIY,"[54.0,109.75,6110.2]",0.88,1
0310-VQXAM,"[9.0,19.85,178.8]",0.89,1
6598-RFFVI,"[2.0,19.3,28.3]",0.9,1
3453-RTHJQ,"[6.0,69.1,435.0]",0.91,1
6712-OAWRH,"[26.0,91.25,2351.8]",0.92,1
6278-FEPBZ,"[9.0,20.25,186.15]",0.93,1
4280-DLSHD,"[8.0,54.75,445.85]",0.94,1
1508-DFXCU,"[12.0,81.45,912.0]",0.95,1
8614-VGMMV,"[15.0,49.1,679.55]",0.96,1
7868-BGSZA,"[43.0,80.2,3581.6]",0.97,1
2800-QQUSO,"[42.0,100.3,4222.95]",0.98,1
2930-UOTMB,"[31.0,65.25,1994.3]",0.99,1
7973-DZRKH,"[66.0,90.95,5930.05]",0.0,0
5914-DVBWJ,"[18.0,85.45,1505.85]",0.01,0
7698-YFGEZ,"[1.0,20.0,20.0]",0.02,0
2533-QVMSK,"[61.0,94.1,5638.3]",0.03,0
9773-PEQBZ,"[10.0,79.85,797.25]",0.04,0
8644-XLFBW,"[1.0,71.65,71.65]",0.05,0
0650-BWOZN,"[18.0,73.55,1359.45]",0.06,0
8625-AZYZY,"[24.0,104.65,2542.45]",0.07,0
7785-RDVIG,"[3.0,19.3,54.7]",0.08,0
9602-WCXPI,"[50.0,20.15,989.05]",0.09,0
2903-YYTBW,"[1.0,44.55,44.55]",0.1,0
3620-MWJNE,"[2.0,54.45,87.3]",0.11,0
8573-JGCZW,"[17.0,19.65,351.55]",0.12,0
6837-HAEVO,"[69.0,105.0,7297.75]",0.13,0
6701-YVNQG,"[72.0,88.7,6301.7]",0.14,0
9306-CPCBC,"[3.0,74.25,210.3]",0.15,0
4304-XUMGI,"[50.0,75.15,3822.45]",0.16,0
9504-YAZWB,"[53.0,20.25,1048.45]",0.17,0
8819-ZBYNA,"[58.0,109.1,6393.65]",0.18,0
6174-NRBTZ,"[46.0,30.75,1489.3]",0.19,0
9481-IEBZY,"[72.0,112.9,8061.5]",0.2,0
1833-VGRUM,"[1.0,74.2,74.2]",0.21,0
6137-NICCO,"[6.0,94.05,518.75]",0.22,0
9065-ZCPQX,"[72.0,78.85,5763.15]",0.23,0
6402-EJMWF,"[4.0,55.3,238.5]",0.24,0
3620-EHIMZ,"[52.0,19.35,1031.7]",0.25,0
3213-VVOLG,"[0.0,25.35,0.0]",0.26,0
6870-ECSHE,"[2.0,20.45,34.8]",0.27,0
8747-UDCOI,"[65.0,19.35,1319.95]",0.28,0
8374-XGEJJ,"[43.0,101.0,4388.4]",0.29,0
2656-TABEH,"[4.0,100.2,420.2]",0.3,0
6946-LMSQS,"[25.0,89.05,2177.45]",0.31,0
4626-OZDTJ,"[51.0,78.65,3950.85]",0.32,0
9169-BSVIN,"[12.0,74.75,827.05]",0.33,0
2325-ZUSFD,"[57.0,70.1,3913.3]",0.34,0
8194-PEEBY,"[24.0,19.9,533.5]",0.35,0
6872-HXFNF,"[64.0,58.35,3756.45]",0.36,0
3932-CMDTD,"[4.0,105.65,443.9]",0.37,0
7714-YXSMB,"[26.0,100.5,2599.95]",0.38,0
8387-UGUSU,"[15.0,20.05,284.3]",0.39,0
1080-BWSYE,"[64.0,25.65,1740.8]",0.4,0
4039-HEUNW,"[36.0,96.5,3436.1]",0.41,0
1194-HVAIF,"[27.0,95.0,2462.55]",0.42,0
0812-WUPTB,"[1.0,70.85,70.85]",0.43,0
3594-UVONA,"[35.0,85.95,3110.1]",0.44,0
0004-TLHLJ,"[4.0,73.9,280.85]",0.45,0
1767-TGTKO,"[8.0,45.45,411.75]",0.46,0
8439-LTUGF,"[10.0,20.0,198.6]",0.47,0
8805-JNRAZ,"[2.0,49.2,103.7]",0.48,0
5089-IFSDP,"[58.0,109.45,6144.55]",0.49,0
6418-HNFED,"[51.0,83.25,4089.45]",0.5,0
0206-OYVOC,"[46.0,19.25,864.2]",0.51,1
7291-CDTMJ,"[1.0,19.65,19.65]",0.52,1
7128-GGCNO,"[46.0,72.8,3249.4]",0.53,1
0237-YFUTL,"[50.0,109.65,5405.8]",0.54,1
7691-KGKGP,"[53.0,65.0,3363.8]",0.55,1
6710-HSJRD,"[61.0,114.1,7132.15]",0.56,1
3675-EQOZA,"[5.0,20.65,93.55]",0.57,1
0840-DCNZE,"[47.0,86.95,4138.9]",0.58,1
1732-FEKLD,"[54.0,94.75,5121.75]",0.59,1
9862-KJTYK,"[19.0,25.35,566.1]",0.6,1
0479-HMSWA,"[26.0,105.45,2715.3]",0.61,1
5854-KSRBJ,"[70.0,25.4,1782.05]",0.62,1
0365-BZUWY,"[17.0,102.55,1742.5]",0.63,1
4817-VYYWS,"[30.0,100.2,2983.8]",0.64,1
5701-SVCWR,"[1.0,24.0,24.0]",0.65,1
3129-AAQOU,"[19.0,25.6,485.9]",0.66,1
4922-CVPDX,"[26.0,73.5,1905.7]",0.67,1
1396-QWFBJ,"[21.0,74.05,1565.7]",0.68,1
1357-BIJKI,"[50.0,98.25,4858.7]",0.69,1
1099-BTKWT,"[68.0,54.4,3723.65]",0.7,1
5299-SJCZT,"[3.0,101.55,298.35]",0.71,1
2018-PZKMU,"[9.0,103.1,970.45]",0.72,1
7340-KEFQE,"[51.0,34.2,1782.0]",0.73,1
4570-QHXHL,"[9.0,43.75,405.7]",0.74,1
2403-BCASL,"[41.0,111.95,4534.9]",0.75,1
7392-YYPYJ,"[22.0,100.65,2415.95]",0.76,1
2898-LSJGD,"[21.0,55.95,1157.05]",0.77,1
2223-GDSHL,"[71.0,116.05,8297.5]",0.78,1
7359-PTSXY,"[1.0,45.75,45.75]",0.79,1
9470-RTWDV,"[26.0,82.0,2083.1]",0.8,1
2176-OSJUV,"[71.0,65.15,4681.75]",0.81,1
9348-YVOMK,"[4.0,44.8,176.2]",0.82,1
8104-OSKWT,"[12.0,79.8,1001.2]",0.83,1
4521-YEEHE,"[18.0,88.85,1594.75]",0.84,1
4090-KPJIP,"[3.0,74.95,212.4]",0.85,1
3786-WOVKF,"[72.0,106.85,7677.4]",0.86,1
4503-BDXBD,"[11.0,74.95,815.5]",0.87,1
6086-ESGRL,"[1.0,80.15,80.15]",0.88,1
2592-HODOV,"[13.0,19.3,259.65]",0.89,1
3886-CERTZ,"[72.0,109.25,8109.8]",0.9,1
7995-ZHHNZ,"[42.0,56.1,2386.85]",0.91,1
3824-RHKVR,"[17.0,19.7,340.35]",0.92,1
5816-SCGFC,"[7.0,51.3,419.35]",0.93,1
5989-AXPUC,"[68.0,118.6,7990.05]",0.94,1
4979-HPRFL,"[56.0,24.15,1402.25]",0.95,1
8590-OHDIW,"[38.0,20.3,749.35]",0.96,1
8015-IHCGW,"[72.0,115.5,8425.15]",0.97,1
2332-TODQS,"[48.0,25.05,1171.5]",0.98,1
9278-VZKCD,"[52.0,109.1,5647.95]",0.99,1
8008-OTEZX,"[35.0,19.65,708.8]",0.0,0
2773-OVBPK,"[67.0,111.3,7567.2]",0.01,0
5999-LCXAO,"[1.0,29.9,29.9]",0.02,0
5206-XZZQI,"[53.0,80.6,4348.1]",0.03,0
4803-LBYPN,"[34.0,20.8,635.9]",0.04,0
5759-RCVCB,"[3.0,35.2,108.95]",0.05,0
6372-RFVNS,"[1.0,78.8,78.8]",0.06,0
2139-FQHLM,"[19.0,89.95,1682.4]",0.07,0
8261-GWDBQ,"[60.0,116.05,6925.9]",0.08,0
1093-YSWCA,"[11.0,19.55,223.15]",0.09,0
8938-UMKPI,"[47.0,106.4,5127.95]",0.1,0
0991-BRRFB,"[18.0,49.4,874.8]",0.11,0
3882-IYOIJ,"[60.0,115.25,6758.45]",0.12,0
8749-TZYEC,"[72.0,24.8,1874.3]",0.13,0
1755-FZQEC,"[39.0,19.9,791.15]",0.14,0
3115-JPJDD,"[59.0,81.25,4639.45]",0.15,0
5600-KTXFM,"[2.0,69.95,143.9]",0.16,0
3871-IKPYH,"[1.0,69.1,69.1]",0.17,0
6319-IEJWJ,"[20.0,90.2,1776.55]",0.18,0
9025-AOMKI,"[6.0,93.55,536.4]",0.19,0
6339-TBELP,"[71.0,86.4,6172.0]",0.2,0
7964-YESJC,"[24.0,66.3,1559.45]",0.21,0
6173-GOLSU,"[67.0,94.65,6079.0]",0.22,0
5275-SQEIZ,"[1.0,80.85,80.85]",0.23,0
7716-YTYHG,"[48.0,82.05,4029.95]",0.24,0
9938-ZREHM,"[37.0,72.1,2658.4]",0.25,0
7950-XWOVN,"[11.0,34.7,383.55]",0.26,0
4390-KYULV,"[3.0,20.55,51.15]",0.27,0
4647-MUZON,"[18.0,95.95,1745.5]",0.28,0
9702-AIUJO,"[50.0,44.8,2230.85]",0.29,0
8849-PRIQJ,"[67.0,109.4,7281.6]",0.3,0
8851-RAGOV,"[25.0,71.05,1837.7]",0.31,0
1304-NECVQ,"[2.0,78.55,149.55]",0.32,0
5396-IZEPB,"[9.0,19.7,180.7]",0.33,0
1729-VLAZJ,"[10.0,40.25,411.45]",0.34,0
8285-ABVLB,"[70.0,19.85,1328.35]",0.35,0
0701-TJSEF,"[9.0,68.25,576.95]",0.36,0
5712-VBOXD,"[4.0,20.15,68.45]",0.37,0
6629-LADHQ,"[2.0,50.95,123.05]",0.38,0
8945-GRKHX,"[1.0,78.65,78.65]",0.39,0
1559-DTODC,"[19.0,25.15,468.35]",0.4,0
4797-MIWUM,"[7.0,20.25,174.7]",0.41,0
6959-UWKHF,"[1.0,42.9,42.9]",0.42,0
8720-RQSBJ,"[1.0,44.0,44.0]",0.43,0
4537-CIBHB,"[9.0,20.25,172.35]",0.44,0
3815-SLMEF,"[3.0,34.25,139.35]",0.45,0
5154-VEKBL,"[9.0,58.5,539.85]",0.46,0
4324-AHJKS,"[5.0,55.8,300.4]",0.47,0
4355-CVPVS,"[56.0,88.9,4968.0]",0.48,0
4495-LHSSK,"[18.0,57.65,992.7]",0.49,0
5655-JSMZM,"[49.0,96.2,4718.25]",0.5,0
5915-ANOEI,"[70.0,79.15,5536.5]",0.51,1
9861-PDSZP,"[72.0,108.05,7806.6]",0.52,1
4505-EXZHB,"[6.0,74.4,434.1]",0.53,1
7225-CBZPL,"[17.0,94.8,1563.9]",0.54,1
6704-UTUKK,"[29.0,45.9,1332.4]",0.55,1
4587-VVTOX,"[6.0,105.3,545.2]",0.56,1
2019-HDCZY,"[63.0,102.6,6296.75]",0.57,1
4652-NNHNY,"[16.0,73.85,1284.2]",0.58,1
8788-DOXSU,"[59.0,61.35,3645.5]",0.59,1
7404-JLKQG,"[3.0,57.55,161.45]",0.6,1
7421-ZLUPA,"[8.0,29.25,226.95]",0.61,1
8972-HJWNV,"[7.0,84.55,646.85]",0.62,1
3274-NSDWE,"[68.0,19.6,1441.65]",0.63,1
2632-IVXVF,"[68.0,111.75,7511.3]",0.64,1
3692-JHONH,"[52.0,106.5,5621.85]",0.65,1
8915-NNTRC,"[72.0,107.7,7919.8]",0.66,1
5914-GXMDA,"[32.0,19.3,593.2]",0.67,1
7463-IFMQU,"[72.0,20.05,1423.65]",0.68,1
2920-RNCEZ,"[1.0,69.95,69.95]",0.69,1
2541-YGPKE,"[42.0,63.7,2763.35]",0.7,1
8515-OCTJS,"[25.0,24.75,692.1]",0.71,1
5382-TEMLV,"[45.0,50.9,2298.55]",0.72,1
3441-CGZJH,"[43.0,60.4,2640.55]",0.73,1
9592-ERDKV,"[37.0,79.25,2911.8]",0.74,1
2860-RANUS,"[20.0,85.8,1727.5]",0.75,1
5261-QSHQM,"[4.0,24.45,86.6]",0.76,1
4778-IZARL,"[63.0,110.1,6705.7]",0.77,1
0432-CAJZV,"[3.0,90.7,237.65]",0.78,1
7008-LZVOZ,"[66.0,25.3,1672.35]",0.79,1
8868-WOZGU,"[28.0,105.7,2979.5]",0.8,1
1200-TUZHR,"[8.0,85.2,695.75]",0.81,1
9365-CSLBQ,"[71.0,24.35,1654.6]",0.82,1
1334-FJSVR,"[1.0,24.25,24.25]",0.83,1
5884-FBCTL,"[72.0,25.1,1857.85]",0.84,1
7130-CTCUS,"[16.0,54.55,825.1]",0.85,1
6242-FEGFD,"[66.0,96.6,6424.25]",0.86,1
7625-XCQRH,"[11.0,76.5,837.95]",0.87,1
6194-HBGQN,"[51.0,81.15,4126.2]",0.88,1
7634-WSWDB,"[8.0,38.5,330.8]",0.89,1
6986-IXNDM,"[14.0,92.9,1337.45]",0.9,1
1731-TVIUK,"[4.0,93.5,362.2]",0.91,1
2987-BJXIK,"[70.0,84.7,5991.05]",0.92,1
9769-TSBZE,"[70.0,66.0,4891.5]",0.93,1
0406-BPDVR,"[54.0,101.5,5373.1]",0.94,1
0618-XWMSS,"[28.0,74.9,2068.55]",0.95,1
1395-WSWXR,"[24.0,20.75,487.05]",0.96,1
6023-GSSXW,"[69.0,61.45,4131.2]",0.97,1
6752-APNJL,"[42.0,54.5,2301.15]",0.98,1
5276-KQWHG,"[2.0,69.6,131.65]",0.99,1
0420-HLGXF,"[39.0,99.75,4036.0]",0.0,0
7446-KQISO,"[45.0,109.75,4900.65]",0.01,0
9823-EALYC,"[72.0,80.85,5727.45]",0.02,0
0582-AVCLN,"[38.0,20.3,743.05]",0.03,0
5803-NQJZO,"[72.0,67.8,4804.65]",0.04,0
2565-JSLRY,"[1.0,24.05,24.05]",0.05,0
2607-DHDAK,"[72.0,19.8,1414.65]",0.06,0
1073-XXCZD,"[55.0,25.7,1443.65]",0.07,0
0743-HRVFF,"[51.0,56.15,2898.95]",0.08,0
4006-HKYHO,"[63.0,86.7,5309.5]",0.09,0
3727-JEZTU,"[1.0,20.4,20.4]",0.1,0
8143-ETQTI,"[23.0,19.65,451.55]",0.11,0
6689-KXGBO,"[1.0,50.55,50.55]",0.12,0
9667-TKTVZ,"[2.0,54.35,117.05]",0.13,0
3657-COGMW,"[52.0,108.1,5839.3]",0.14,0
8570-KLJYJ,"[36.0,54.45,1893.5]",0.15,0
7754-IXRMC,"[1.0,45.35,45.35]",0.16,0
9473-CBZOP,"[28.0,59.0,1654.45]",0.17,0
2969-WGHQO,"[7.0,69.45,477.05]",0.18,0
6615-NGGZJ,"[14.0,100.55,1415.55]",0.19,0
4334-HOWRP,"[72.0,64.95,4546.0]",0.2,0
4255-DDUOU,"[1.0,20.5,20.5]",0.21,0
5863-OOKCL,"[10.0,18.85,163.2]",0.22,0
1686-STUHN,"[42.0,19.8,849.9]",0.23,0
1329-VHWNP,"[7.0,25.05,189.95]",0.24,0
2984-MIIZL,"[4.0,74.8,321.9]",0.25,0
0266-GMEAO,"[72.0,114.3,8058.55]",0.26,0
5590-YRFJT,"[20.0,24.45,482.8]",0.27,0
5574-NXZIU,"[63.0,109.2,7049.75]",0.28,0
0019-GFNTW,"[56.0,45.05,2560.1]",0.29,0
4256-ZWTZI,"[5.0,51.0,286.8]",0.3,0
8309-PPCED,"[72.0,110.45,7982.5]",0.31,0
4098-NAUKP,"[68.0,84.65,5683.6]",0.32,0
5196-WPYOW,"[67.0,60.05,3994.05]",0.33,0
4608-LCIMN,"[8.0,44.65,369.15]",0.34,0
1485-YDHMM,"[52.0,93.25,4631.7]",0.35,0
4054-CUMIA,"[18.0,20.25,401.95]",0.36,0
0603-TPMIB,"[59.0,25.45,1534.05]",0.37,0
2525-GVKQU,"[60.0,20.6,1093.0]",0.38,0
8161-QYMTT,"[7.0,94.1,701.3]",0.39,0
9581-GVBXT,"[59.0,34.8,1980.3]",0.4,0
5862-BRIXZ,"[46.0,60.75,2893.4]",0.41,0
5404-GGUKR,"[5.0,51.35,262.3]",0.42,0
3308-JSGML,"[59.0,64.05,3886.85]",0.43,0
2126-GSEGL,"[70.0,84.8,5917.55]",0.44,0
3677-TNKIO,"[14.0,71.0,914.0]",0.45,0
0440-QEXBZ,"[44.0,50.15,2139.1]",0.46,0
2434-EEVDB,"[64.0,94.6,5948.7]",0.47,0
6762-QVYJO,"[58.0,59.75,3624.35]",0.48,0
6199-IWKGC,"[46.0,100.25,4753.85]",0.49,0
2675-DHUTR,"[58.0,98.9,5780.7]",0.5,0
8152-VETUR,"[72.0,97.7,6869.7]",0.51,1
9667-EQRXU,"[30.0,40.3,1172.95]",0.52,1
7446-YPODE,"[11.0,60.25,662.95]",0.53,1
9522-BNTHX,"[34.0,56.25,1765.95]",0.54,1
4676-WLUHT,"[54.0,46.2,2431.95]",0.55,1
3329-WDIOK,"[3.0,50.6,155.35]",0.56,1
7980-MHFLQ,"[72.0,24.9,1859.2]",0.57,1
2873-ZLIWT,"[40.0,84.85,3303.05]",0.58,1
3415-TAILE,"[2.0,65.7,134.35]",0.59,1
0757-WCUUZ,"[54.0,63.35,3409.1]",0.6,1
1629-DQQVB,"[14.0,50.1,709.5]",0.61,1
1915-IOFGU,"[1.0,70.5,70.5]",0.62,1
3045-XETSH,"[10.0,94.85,953.45]",0.63,1
0374-AACSZ,"[1.0,50.15,50.15]",0.64,1
7239-HZZCX,"[1.0,19.75,19.75]",0.65,1
4872-VXRIL,"[56.0,64.65,3665.55]",0.66,1
9140-CZQZZ,"[68.0,79.6,5515.8]",0.67,1
3423-HHXAO,"[14.0,19.5,272.0]",0.68,1
9938-TKDGL,"[68.0,99.55,6668.0]",0.69,1
0531-ZZJWQ,"[55.0,74.0,4052.4]",0.7,1
6537-QLGEX,"[16.0,38.9,664.4]",0.71,1
2688-BHGOG,"[9.0,79.55,718.55]",0.72,1
7683-CBDKJ,"[14.0,65.45,937.6]",0.73,1
0946-CLJTI,"[58.0,98.7,5812.6]",0.74,1
3160-TYXLT,"[53.0,46.3,2546.85]",0.75,1
1325-USMEC,"[70.0,99.35,6944.5]",0.76,1
0916-QOFDP,"[14.0,95.8,1346.3]",0.77,1
0628-CNQRM,"[22.0,67.5,1544.05]",0.78,1
5606-AMZBO,"[10.0,78.15,765.15]",0.79,1
6199-IPCAO,"[29.0,26.1,692.55]",0.8,1
7665-TOALD,"[1.0,69.6,69.6]",0.81,1
0112-QWPNC,"[49.0,84.35,4059.35]",0.82,1
0324-BRPCJ,"[68.0,100.2,6851.65]",0.83,1
2777-PHDEI,"[1.0,78.05,78.05]",0.84,1
5640-CAXOA,"[30.0,40.35,1187.05]",0.85,1
2235-EZAIK,"[72.0,79.2,5401.9]",0.86,1
3847-BAERP,"[10.0,20.9,247.0]",0.87,1
1196-AMORA,"[7.0,73.6,520.0]",0.88,1
4282-YMKNA,"[9.0,74.75,706.6]",0.89,1
1453-RZFON,"[1.0,49.9,49.9]",0.9,1
8263-OKETD,"[20.0,68.9,1370.35]",0.91,1
0670-KDOMA,"[1.0,20.25,20.25]",0.92,1
2476-YGEFM,"[29.0,76.0,2215.25]",0.93,1
8687-BAFGU,"[1.0,74.0,74.0]",0.94,1
0641-EVBOJ,"[3.0,82.3,214.4]",0.95,1
0829-XXPLX,"[20.0,89.4,1871.15]",0.96,1
9974-JFBHQ,"[64.0,99.15,6171.2]",0.97,1
5356-RHIPP,"[1.0,20.2,20.2]",0.98,1
6624-JDRDS,"[6.0,29.45,161.45]",0.99,1
0608-JDVEC,"[50.0,19.8,1013.2]",0.0,0
9780-FKVVF,"[6.0,59.15,336.7]",0.01,0
1919-RTPQD,"[7.0,44.75,333.65]",0.02,0
5214-NLTIT,"[72.0,90.8,6511.8]",0.03,0
3345-PBBFH,"[8.0,49.55,393.45]",0.04,0
5055-BRMNE,"[67.0,106.7,7009.5]",0.05,0
9189-JWSHV,"[24.0,93.55,2264.05]",0.06,0
2190-PHBHR,"[72.0,94.45,6921.7]",0.07,0
2650-GYRYL,"[33.0,19.45,600.25]",0.08,0
0746-JTRFU,"[2.0,25.05,56.35]",0.09,0
5208-FVQKB,"[70.0,67.95,4664.15]",0.1,0
7184-LRUUR,"[22.0,65.25,1441.8]",0.11,0
6627-CFOSN,"[59.0,99.45,5623.7]",0.12,0
3982-JGSFD,"[36.0,20.35,695.85]",0.13,0
1574-DYCWE,"[51.0,19.95,1028.75]",0.14,0
7247-XOZPB,"[53.0,77.4,4155.95]",0.15,0
2466-FCCPT,"[20.0,19.7,395.6]",0.16,0
6211-WWLTF,"[63.0,99.7,6330.4]",0.17,0
4826-TZEVA,"[40.0,74.8,2971.7]",0.18,0
6016-NXBNJ,"[35.0,19.15,638.0]",0.19,0
9138-EFSMO,"[26.0,78.95,2034.25]",0.2,0
0576-WNXXC,"[27.0,95.55,2510.2]",0.21,0
4632-XJMEX,"[53.0,62.85,3419.5]",0.22,0
8910-LEDAG,"[34.0,71.55,2427.35]",0.23,0
3452-GWUIN,"[19.0,94.95,1760.25]",0.24,0
2716-GFZOR,"[43.0,86.1,3551.65]",0.25,0
3724-UCSHY,"[6.0,19.55,122.9]",0.26,0
8626-XHBIE,"[56.0,24.8,1424.2]",0.27,0
4628-CTTLA,"[57.0,39.3,2111.45]",0.28,0
3192-LNKRK,"[34.0,84.05,2909.95]",0.29,0
4439-YRNVD,"[10.0,36.25,374.0]",0.3,0
2876-VBBBL,"[1.0,20.25,20.25]",0.31,0
6834-NXDCA,"[13.0,23.9,300.8]",0.32,0
2208-UGTGR,"[56.0,98.6,5581.05]",0.33,0
3005-TYFRD,"[55.0,103.65,5676.65]",0.34,0
8670-MEFCP,"[36.0,92.9,3379.25]",0.35,0
3079-BCHLN,"[47.0,19.9,942.95]",0.36,0
7777-UNYHB,"[12.0,20.1,232.4]",0.37,0
5597-GLBUC,"[1.0,85.45,85.45]",0.38,0
7278-CKDNC,"[24.0,80.5,2088.45]",0.39,0
2748-MYRVK,"[63.0,99.9,6137.0]",0.4,0
8450-UYIBU,"[35.0,39.85,1434.6]",0.41,0
2969-VAPYH,"[67.0,60.5,3870.0]",0.42,0
4822-YCXMX,"[25.0,84.8,2043.45]",0.43,0
7181-OQCUT,"[21.0,103.85,2215.0]",0.44,0
8474-UMLNT,"[13.0,67.8,842.25]",0.45,0
9821-POOTN,"[35.0,75.2,2576.2]",0.46,0
3836-FZSDJ,"[71.0,24.85,1901.0]",0.47,0
9142-XMYJH,"[29.0,19.35,601.6]",0.48,0
6559-ILWKJ,"[71.0,49.35,3515.25]",0.49,0
0187-QSXOE,"[7.0,89.0,605.45]",0.5,0
7733-UDMTP,"[57.0,55.0,3094.05]",0.51,1
2649-HWLYB,"[65.0,76.15,4929.55]",0.52,1
5214-CHIWJ,"[27.0,20.3,595.05]",0.53,1
4229-CZMLL,"[6.0,74.9,469.8]",0.54,1
6904-JLBGY,"[72.0,117.35,8436.25]",0.55,1
2465-BLLEU,"[1.0,19.75,19.75]",0.56,1
1685-VAYJF,"[11.0,45.2,492.0]",0.57,1
8874-EJNSR,"[39.0,25.2,987.95]",0.58,1
6917-YACBP,"[59.0,89.75,5496.9]",0.59,1
5049-MUBWG,"[26.0,75.0,1908.35]",0.6,1
4223-WOZCM,"[2.0,49.95,107.1]",0.61,1
0769-MURVM,"[72.0,65.7,4575.35]",0.62,1
9253-VIFJQ,"[65.0,67.05,4309.55]",0.63,1
7030-FZTFM,"[72.0,110.9,7922.75]",0.64,1
9741-YLNTD,"[6.0,87.95,522.35]",0.65,1
5917-RYRMG,"[32.0,19.8,587.7]",0.66,1
5120-ZBLAI,"[50.0,75.7,3876.2]",0.67,1
1194-BHJYC,"[61.0,62.15,3778.85]",0.68,1
3663-MITLP,"[15.0,101.25,1457.25]",0.69,1
0906-QVPMS,"[72.0,115.15,8349.45]",0.7,1
9025-ZRPVR,"[9.0,18.95,185.6]",0.71,1
1905-OEILC,"[1.0,19.5,19.5]",0.72,1
7858-GTZSP,"[12.0,86.55,1066.9]",0.73,1
3285-UCQVC,"[37.0,28.6,973.55]",0.74,1
6248-BSHKG,"[61.0,20.4,1226.45]",0.75,1
4685-TFLLS,"[18.0,19.8,342.3]",0.76,1
3470-BTGQO,"[21.0,45.65,985.05]",0.77,1
1209-VFFOC,"[68.0,56.4,3948.45]",0.78,1
8224-DWCKX,"[12.0,73.3,828.05]",0.79,1
5482-PLVPE,"[2.0,24.35,41.85]",0.8,1
4553-DVPZG,"[62.0,101.35,6164.7]",0.81,1
4902-OHLSK,"[29.0,98.65,2862.75]",0.82,1
6917-IAYHD,"[1.0,33.6,33.6]",0.83,1
0495-ZBNGW,"[5.0,79.9,343.95]",0.84,1
8620-RJPZN,"[1.0,20.7,20.7]",0.85,1
7572-KPVKK,"[62.0,104.05,6590.5]",0.86,1
2642-MAWLJ,"[36.0,20.25,717.95]",0.87,1
2357-COQEK,"[28.0,103.3,2890.65]",0.88,1
7103-ZGVNT,"[69.0,73.7,4885.85]",0.89,1
3737-GCSPV,"[11.0,96.2,1222.05]",0.9,1
2027-WKXMW,"[63.0,108.75,6871.7]",0.91,1
7137-NAXML,"[23.0,20.15,405.6]",0.92,1
2428-ZMCTB,"[10.0,19.75,208.25]",0.93,1
2961-VNFKL,"[71.0,25.95,1801.9]",0.94,1
1768-HNVGJ,"[45.0,70.05,3062.45]",0.95,1
6963-KQYQB,"[70.0,24.05,1764.75]",0.96,1
5934-RMPOV,"[22.0,84.75,1816.75]",0.97,1
1207-BLKSA,"[52.0,23.05,1255.1]",0.98,1
4088-YLDSU,"[55.0,104.15,5743.05]",0.99,1
8316-BBQAY,"[65.0,59.95,3921.1]",0.0,0
1166-PQLGG,"[72.0,19.55,1463.45]",0.01,0
3146-JTQHR,"[10.0,19.6,189.45]",0.02,0
4291-YZODP,"[7.0,20.05,96.8]",0.03,0
4395-PZMSN,"[5.0,85.55,408.5]",0.04,0
6427-FEFIG,"[24.0,78.6,1846.65]",0.05,0
0017-IUDMW,"[72.0,116.8,8456.75]",0.06,0
8706-HRADD,"[21.0,43.55,1011.5]",0.07,0
9955-QOPOY,"[69.0,60.8,4263.4]",0.08,0
4385-ZKVNW,"[44.0,54.9,2549.1]",0.09,0
5446-DKWYW,"[61.0,65.2,3965.05]",0.1,0
2034-CGRHZ,"[24.0,102.95,2496.7]",0.11,0
5797-APWZC,"[1.0,90.6,90.6]",0.12,0
3683-QKIUE,"[6.0,50.8,288.05]",0.13,0
4228-ZGYUW,"[4.0,90.05,368.1]",0.14,0
9031-ZVQPT,"[72.0,108.2,7840.6]",0.15,0
2990-IAJSV,"[72.0,92.0,6632.75]",0.16,0
8107-KNCIM,"[14.0,75.1,1013.35]",0.17,0
9027-YFHQJ,"[7.0,25.05,152.95]",0.18,0
5176-LDKUH,"[48.0,75.15,3772.65]",0.19,0
4644-OBGFZ,"[55.0,19.5,1026.35]",0.2,0
7926-IJOOU,"[1.0,19.3,19.3]",0.21,0
6480-YAGIY,"[45.0,112.2,5031.85]",0.22,0
4029-HPFVY,"[3.0,70.3,220.4]",0.23,0
7602-DBTOU,"[71.0,19.6,1416.5]",0.24,0
5345-BMKWB,"[8.0,20.25,158.35]",0.25,0
3519-ZKXGG,"[3.0,75.85,256.6]",0.26,0
5457-COLHT,"[69.0,80.65,5542.55]",0.27,0
6416-TVAIH,"[1.0,68.5,68.5]",0.28,0
5451-YHYPW,"[72.0,115.75,8443.7]",0.29,0
5108-ADXWO,"[11.0,73.5,791.75]",0.3,0
7998-WNZEM,"[71.0,80.6,5708.2]",0.31,0
3066-RRJIO,"[1.0,69.95,69.95]",0.32,0
4664-NJCMS,"[33.0,59.55,2016.3]",0.33,0
0307-BCOPK,"[16.0,19.05,326.65]",0.34,0
7629-WFGLW,"[56.0,95.65,5471.75]",0.35,0
2542-HYGIQ,"[1.0,19.95,19.95]",0.36,0
6715-OFDBP,"[5.0,70.05,346.4]",0.37,0
5016-LIPDW,"[57.0,19.4,1061.6]",0.38,0
6481-LXPWL,"[56.0,36.1,1971.5]",0.39,0
1567-DSCIC,"[8.0,94.0,773.65]",0.4,0
2150-UWTFY,"[22.0,61.15,1422.05]",0.41,0
6124-ACRHJ,"[1.0,19.75,19.75]",0.42,0
9362-MWODR,"[40.0,64.1,2460.35]",0.43,0
9975-GPKZU,"[46.0,19.75,856.5]",0.44,0
9625-RZFUK,"[63.0,19.7,1275.85]",0.45,0
5153-LXKDT,"[68.0,110.2,7467.5]",0.46,0
5161-UBZXI,"[69.0,106.35,7261.75]",0.47,0
1020-JPQOW,"[56.0,90.55,5116.6]",0.48,0
7919-ZODZZ,"[10.0,65.9,660.05]",0.49,0
0565-JUPYD,"[63.0,104.5,6590.8]",0.5,0
6867-ACCZI,"[24.0,52.5,1208.15]",0.51,1
5939-XAIXZ,"[19.0,56.1,1033.9]",0.52,1
9054-FOWNV,"[22.0,88.75,1885.15]",0.53,1
2683-BPJSO,"[29.0,84.45,2467.1]",0.54,1
2157-MXBJS,"[13.0,75.3,989.45]",0.55,1
8207-VVMYB,"[70.0,26.0,2006.95]",0.56,1
9732-EQMWY,"[49.0,99.4,5025.0]",0.57,1
9360-AHGNL,"[43.0,109.55,4830.25]",0.58,1
1087-UDSIH,"[3.0,19.6,59.75]",0.59,1
5269-NRGDP,"[42.0,73.15,3088.25]",0.6,1
6195-MELTI,"[57.0,54.65,3134.7]",0.61,1
5485-WUYWF,"[2.0,66.4,94.55]",0.62,1
2121-JAFOM,"[72.0,115.55,8312.4]",0.63,1
8818-DOPVL,"[46.0,104.45,4863.85]",0.64,1
2632-UCGVD,"[66.0,100.05,6871.9]",0.65,1
5445-PZWGX,"[62.0,102.0,6529.25]",0.66,1
1227-UDMZR,"[72.0,91.15,6637.9]",0.67,1
5198-HQAEN,"[35.0,89.7,3165.6]",0.68,1
9170-CCKOU,"[17.0,90.2,1454.15]",0.69,1
2167-FQSTQ,"[72.0,92.4,6786.1]",0.7,1
2819-GWENI,"[28.0,19.9,543.0]",0.71,1
1043-YCUTE,"[56.0,25.15,1327.15]",0.72,1
3814-MLAXC,"[31.0,79.85,2404.15]",0.73,1
3572-UUHRS,"[45.0,18.85,867.3]",0.74,1
2692-PFYTJ,"[1.0,25.75,25.75]",0.75,1
1226-UDFZR,"[2.0,49.6,114.7]",0.76,1
5955-EPOAZ,"[6.0,20.95,109.5]",0.77,1
6821-JPCDC,"[48.0,97.05,4692.95]",0.78,1
8815-LMFLX,"[25.0,25.4,546.85]",0.79,1
9135-HSWOC,"[64.0,19.7,1274.05]",0.8,1
8582-KRHPJ,"[50.0,35.0,1782.4]",0.81,1
5811-IWXYM,"[52.0,101.25,5301.1]",0.82,1
7044-YAACC,"[4.0,70.2,280.35]",0.83,1
8189-XRIKE,"[32.0,90.95,2897.95]",0.84,1
1506-YJTYT,"[45.0,73.85,3371.0]",0.85,1
4123-DVHPH,"[9.0,88.05,801.3]",0.86,1
6425-YQLLO,"[66.0,105.95,6975.25]",0.87,1
5442-UTCVD,"[3.0,91.85,257.05]",0.88,1
2228-BZDEE,"[54.0,20.1,1079.45]",0.89,1
7734-DBOAI,"[1.0,40.1,40.1]",0.9,1
2789-CZANW,"[64.0,110.3,6997.3]",0.91,1
2091-RFFBA,"[31.0,73.9,2217.15]",0.92,1
2114-MGINA,"[14.0,89.8,1129.1]",0.93,1
7596-LDUXP,"[12.0,85.15,979.05]",0.94,1
3740-RLMVT,"[67.0,60.95,4119.4]",0.95,1
4489-SNOJF,"[35.0,72.25,2568.55]",0.96,1
2192-OZITF,"[45.0,73.55,3349.1]",0.97,1
5651-CPDND,"[10.0,46.0,492.1]",0.98,1
2186-QZEYA,"[29.0,58.55,1718.95]",0.99,1
1131-ALZWV,"[24.0,24.6,605.25]",0.0,0
7729-XBTWX,"[66.0,19.75,1344.5]",0.01,0
9134-WYRVP,"[51.0,86.35,4267.15]",0.02,0
3284-SVCRO,"[45.0,25.5,1121.05]",0.03,0
9732-OUYRN,"[49.0,19.0,918.7]",0.04,0
0559-CKHUS,"[29.0,19.55,521.8]",0.05,0
2931-SVLTV,"[40.0,110.1,4469.1]",0.06,0
6899-PPEEA,"[37.0,96.55,3580.3]",0.07,0
7504-UWHNB,"[25.0,69.75,1729.35]",0.08,0
2582-FFFZR,"[22.0,50.6,1073.3]",0.09,0
8908-NMQTX,"[72.0,65.6,4566.5]",0.1,0
2187-LZGPL,"[7.0,40.1,293.3]",0.11,0
1431-AIDJQ,"[33.0,82.1,2603.1]",0.12,0
6288-LBEAR,"[23.0,79.1,1783.75]",0.13,0
4597-NUCQV,"[24.0,101.25,2440.15]",0.14,0
9019-QVLZD,"[1.0,79.55,79.55]",0.15,0
8413-YNHNV,"[69.0,90.65,6322.1]",0.16,0
5808-TOTXO,"[3.0,20.55,57.4]",0.17,0
4369-NYSCF,"[56.0,75.75,4284.65]",0.18,0
6333-YDVLT,"[65.0,110.0,7138.65]",0.19,0
5324-KTGCG,"[71.0,20.85,1539.75]",0.2,0
5599-HVLTW,"[14.0,80.35,1058.1]",0.21,0
7394-LWLYN,"[2.0,70.15,123.8]",0.22,0
3707-LRWZD,"[32.0,84.05,2781.85]",0.23,0
6873-UDNLD,"[40.0,67.45,2731.0]",0.24,0
2700-LUEVA,"[1.0,20.75,20.75]",0.25,0
1455-ESIQH,"[1.0,89.1,89.1]",0.26,0
0958-YHXGP,"[7.0,69.9,497.3]",0.27,0
1101-SSWAG,"[15.0,51.1,711.15]",0.28,0
2979-SXESE,"[17.0,94.4,1607.2]",0.29,0
4013-TLDHQ,"[19.0,78.25,1490.95]",0.3,0
5743-KHMNA,"[71.0,25.55,1898.1]",0.31,0
4194-FJARJ,"[54.0,60.0,3273.95]",0.32,0
5325-UWTWJ,"[31.0,90.55,2929.75]",0.33,0
3969-GYXEL,"[11.0,76.4,838.7]",0.34,0
9208-OLGAQ,"[18.0,84.95,1443.65]",0.35,0
3244-CQPHU,"[72.0,110.1,7746.7]",0.36,0
2674-MLXMN,"[71.0,99.65,6951.15]",0.37,0
9708-HPXWZ,"[5.0,45.4,214.75]",0.38,0
6992-TKNYO,"[38.0,69.0,2669.45]",0.39,0
4468-YDOVK,"[5.0,48.65,235.2]",0.4,0
3754-DXMRT,"[2.0,44.15,92.65]",0.41,0
5792-JALQC,"[52.0,59.85,3103.25]",0.42,0
7130-VTEWQ,"[8.0,75.75,606.25]",0.43,0
2200-DSAAL,"[68.0,80.65,5330.2]",0.44,0
4302-ZYFEL,"[69.0,20.55,1403.1]",0.45,0
9351-LZYGF,"[42.0,66.4,2727.8]",0.46,0
4366-CTOUZ,"[50.0,100.2,5038.45]",0.47,0
6121-VZNQB,"[1.0,19.1,19.1]",0.48,0
7903-CMPEY,"[1.0,80.3,80.3]",0.49,0
1518-OMDIK,"[33.0,44.55,1462.6]",0.5,0
6671-NGWON,"[7.0,20.35,150.6]",0.51,1
0595-ITUDF,"[64.0,91.8,5960.5]",0.52,1
6996-KNSML,"[1.0,74.9,74.9]",0.53,1
1955-IBMMB,"[59.0,20.2,1192.3]",0.54,1
0096-BXERS,"[6.0,50.35,314.55]",0.55,1
3806-YAZOV,"[3.0,18.8,56.0]",0.56,1
7998-ZLXWN,"[15.0,20.45,330.8]",0.57,1
6253-WRFHY,"[13.0,64.75,877.35]",0.58,1
9133-AYJZG,"[23.0,98.7,2249.1]",0.59,1
2675-OTVVJ,"[31.0,89.45,2807.65]",0.6,1
8680-CGLTP,"[29.0,58.75,1696.2]",0.61,1
8430-TWCBX,"[49.0,20.7,1032.05]",0.62,1
5018-GWURO,"[56.0,85.6,4902.8]",0.63,1
6741-QRLUP,"[63.0,80.3,4995.35]",0.64,1
4737-HOBAX,"[63.0,79.8,5034.05]",0.65,1
0537-QYZZN,"[24.0,79.85,1857.75]",0.66,1
3340-QBBFM,"[36.0,54.1,1992.85]",0.67,1
1704-NRWYE,"[9.0,80.85,751.65]",0.68,1
2592-SEIFQ,"[3.0,24.75,66.95]",0.69,1
8200-KLNYW,"[21.0,80.9,1714.95]",0.7,1
3372-CDXFJ,"[13.0,24.5,343.6]",0.71,1
4781-ZXYGU,"[1.0,20.15,20.15]",0.72,1
7632-YUTXB,"[25.0,20.05,520.1]",0.73,1
2718-YSKCS,"[71.0,19.6,1387.45]",0.74,1
9896-UYMIE,"[66.0,114.3,7383.7]",0.75,1
0853-NWIFK,"[45.0,100.3,4483.95]",0.76,1
8212-CRQXP,"[22.0,80.0,1706.45]",0.77,1
6980-CDGFC,"[67.0,20.85,1327.4]",0.78,1
7691-XVTZH,"[68.0,89.95,5974.3]",0.79,1
2520-SGTTA,"[0.0,20.0,0.0]",0.8,1
7481-ATQQS,"[49.0,90.85,4515.85]",0.81,1
2277-VWCNI,"[4.0,48.75,179.85]",0.82,1
1088-CNNKB,"[63.0,80.0,5040.2]",0.83,1
8642-GVWRF,"[2.0,79.7,165.0]",0.84,1
1930-BZLHI,"[21.0,20.35,422.7]",0.85,1
3400-ESFUW,"[55.0,57.55,3046.4]",0.86,1
5868-YTYKS,"[1.0,20.25,20.25]",0.87,1
3525-DVKFN,"[17.0,19.4,358.05]",0.88,1
1482-OXZSY,"[30.0,100.4,2936.25]",0.89,1
0377-JBKKT,"[22.0,57.95,1271.8]",0.9,1
5778-BVOFB,"[9.0,59.5,530.05]",0.91,1
3373-YZZYM,"[1.0,19.2,19.2]",0.92,1
2057-ZBLPD,"[21.0,86.5,1808.7]",0.93,1
0228-MAUWC,"[19.0,59.55,1144.6]",0.94,1
5502-RLUYV,"[69.0,103.95,7446.9]",0.95,1
0023-HGHWL,"[1.0,25.1,25.1]",0.96,1
7663-YJHSN,"[72.0,103.95,7556.9]",0.97,1
4915-BFSXL,"[70.0,68.95,4858.7]",0.98,1
3086-RUCRN,"[66.0,103.1,6595.0]",0.99,1
5215-LNLDJ,"[7.0,24.7,149.05]",0.0,0
7576-JMYWV,"[46.0,110.2,4972.1]",0.01,0
9039-RBEEE,"[39.0,48.95,1880.85]",0.02,0
0257-KXZGU,"[32.0,62.45,2045.55]",0.03,0
1307-ATKGB,"[24.0,89.55,2187.15]",0.04,0
8417-FMLZI,"[6.0,83.55,477.55]",0.05,0
3714-XPXBW,"[37.0,78.9,2976.95]",0.06,0
1850-AKQEP,"[8.0,20.35,178.7]",0.07,0
2824-DXNKN,"[72.0,71.45,5025.85]",0.08,0
5227-JSCFE,"[71.0,46.35,3353.4]",0.09,0
0848-ZGQIJ,"[16.0,94.65,1461.15]",0.1,0
3621-CHYVB,"[57.0,49.9,2782.4]",0.11,0
8042-RNLKO,"[66.0,25.45,1699.15]",0.12,0
1792-UXAFY,"[17.0,89.15,1496.9]",0.13,0
5372-FBKBN,"[21.0,20.75,452.2]",0.14,0
0420-TXVSG,"[66.0,66.1,4428.45]",0.15,0
6217-TOWGS,"[17.0,75.4,1322.55]",0.16,0
0515-YPMCW,"[1.0,70.45,70.45]",0.17,0
0378-XSZPU,"[58.0,60.3,3563.8]",0.18,0
1045-LTCYT,"[8.0,21.05,139.75]",0.19,0
1544-JJMYL,"[27.0,69.35,1927.3]",0.2,0
4636-JGAAI,"[34.0,88.85,3000.25]",0.21,0
6874-SGLHU,"[30.0,97.0,3021.3]",0.22,0
5951-AOFIH,"[33.0,66.4,2245.4]",0.23,0
4729-XKASR,"[1.0,24.75,24.75]",0.24,0
3059-NGMXB,"[14.0,69.2,944.65]",0.25,0
8652-YHIYU,"[16.0,79.5,1264.2]",0.26,0
5278-PNYOX,"[49.0,100.65,4917.75]",0.27,0
5449-FIBXJ,"[19.0,103.3,2012.7]",0.28,0
3486-HOOGQ,"[70.0,79.7,5743.3]",0.29,0
5061-PBXFW,"[32.0,61.4,1864.65]",0.3,0
8630-FJLIB,"[18.0,69.8,1221.65]",0.31,0
3891-NLXJB,"[37.0,40.55,1390.85]",0.32,0
4749-OJKQU,"[4.0,75.65,302.35]",0.33,0
0577-WHMEV,"[16.0,90.7,1374.9]",0.34,0
5453-AXEPF,"[17.0,80.5,1336.9]",0.35,0
3639-XJHKQ,"[19.0,60.6,1297.8]",0.36,0
3716-LRGXK,"[60.0,101.15,6067.4]",0.37,0
2263-SFSQZ,"[51.0,24.95,1222.25]",0.38,0
9950-MTGYX,"[28.0,20.3,487.95]",0.39,0
3397-AVTKU,"[43.0,60.0,2548.55]",0.4,0
4825-FUREZ,"[42.0,20.25,835.5]",0.41,0
9837-BMCLM,"[3.0,78.5,242.05]",0.42,0
2672-OJQZP,"[1.0,44.75,44.75]",0.43,0
0137-UDEUO,"[3.0,19.85,63.75]",0.44,0
3134-DSHVC,"[63.0,98.0,6218.45]",0.45,0
6161-UUUTA,"[3.0,79.9,260.9]",0.46,0
7821-DPRQE,"[68.0,107.7,7320.9]",0.47,0
6543-XRMYR,"[30.0,99.7,2967.35]",0.48,0
2001-EWBQU,"[60.0,104.7,6333.8]",0.49,0
4925-LMHOK,"[15.0,58.6,939.7]",0.5,0
1608-GMEWB,"[45.0,93.9,4200.25]",0.51,1
6695-AMZUF,"[70.0,86.45,5950.2]",0.52,1
1455-UGQVH,"[10.0,98.5,1037.75]",0.53,1
8410-BGQXN,"[4.0,19.4,93.4]",0.54,1
8280-MQRQN,"[1.0,50.45,50.45]",0.55,1
1619-YWUBB,"[68.0,24.95,1614.9]",0.56,1
7611-YKYTC,"[22.0,75.0,1573.95]",0.57,1
2037-SGXHH,"[38.0,94.65,3624.3]",0.58,1
3178-FESZO,"[1.0,100.25,100.25]",0.59,1
0365-GXEZS,"[18.0,78.2,1468.75]",0.6,1
0082-OQIQY,"[29.0,94.2,2607.6]",0.61,1
6087-MVHJH,"[16.0,88.45,1422.1]",0.62,1
4603-JANFB,"[1.0,69.85,69.85]",0.63,1
3018-TFTSU,"[12.0,81.7,858.6]",0.64,1
3606-SBKRY,"[31.0,50.05,1523.4]",0.65,1
4806-KEXQR,"[4.0,79.9,324.3]",0.66,1
0667-NSRGI,"[48.0,69.55,3435.6]",0.67,1
7083-YNSKY,"[15.0,25.4,399.6]",0.68,1
6893-ODYYE,"[50.0,90.1,4549.45]",0.69,1
8242-JSVBO,"[7.0,44.65,322.5]",0.7,1
2479-BRAMR,"[41.0,83.75,3273.55]",0.71,1
9541-ZPSEA,"[68.0,80.35,5375.15]",0.72,1
2665-NPTGL,"[26.0,98.1,2510.7]",0.73,1
1139-WUOAH,"[57.0,53.35,3090.05]",0.74,1
4693-VWVBO,"[3.0,19.55,61.05]",0.75,1
7434-SHXLS,"[1.0,20.9,20.9]",0.76,1
6937-GCDGQ,"[19.0,48.95,955.6]",0.77,1
0988-JRWWP,"[3.0,54.2,140.4]",0.78,1
5075-JSDKI,"[59.0,24.45,1493.1]",0.79,1
7908-QCBCA,"[1.0,69.4,69.4]",0.8,1
8644-XYTSV,"[42.0,40.15,1626.05]",0.81,1
6711-FLDFB,"[7.0,74.9,541.15]",0.82,1
3873-WOSBC,"[67.0,25.6,1784.9]",0.83,1
7465-ZZRVX,"[1.0,70.35,70.35]",0.84,1
7975-JMZNT,"[66.0,91.7,6075.9]",0.85,1
7251-XFOIL,"[61.0,89.2,5500.6]",0.86,1
4116-IQRFR,"[4.0,24.1,73.1]",0.87,1
3714-JTVOV,"[42.0,74.15,3229.4]",0.88,1
8259-DZLIZ,"[64.0,53.85,3399.85]",0.89,1
0442-ZXKVS,"[54.0,115.6,6431.05]",0.9,1
7853-WNZSY,"[1.0,19.75,19.75]",0.91,1
3120-FAZKD,"[54.0,24.05,1230.9]",0.92,1
8606-OEGQZ,"[18.0,25.3,454.65]",0.93,1
0225-ZORZP,"[3.0,84.3,235.05]",0.94,1
4702-IOQDC,"[1.0,70.1,70.1]",0.95,1
9489-JMTTN,"[72.0,89.75,6595.9]",0.96,1
0575-CUQOV,"[60.0,97.95,5867.0]",0.97,1
0967-BMLBD,"[11.0,20.0,196.35]",0.98,1
6178-KFNHS,"[12.0,78.3,909.25]",0.99,1
2830-LEWOA,"[61.0,103.9,6449.15]",0.0,0
5006-MXVRN,"[39.0,20.7,762.45]",0.01,0
1264-BYWMS,"[55.0,96.8,5283.95]",0.02,0
9658-WYUFB,"[17.0,94.4,1617.5]",0.03,0
8327-WKMIE,"[37.0,20.15,785.75]",0.04,0
6917-FIJHC,"[72.0,26.0,1776.0]",0.05,0
5329-KRDTM,"[72.0,77.35,5396.25]",0.06,0
7797-EJMDP,"[8.0,66.05,574.5]",0.07,0
3530-VWVGU,"[22.0,19.9,400.3]",0.08,0
2013-SGDXK,"[1.0,84.3,84.3]",0.09,0
6368-NWMCE,"[38.0,68.15,2656.3]",0.1,0
3633-CDBUW,"[17.0,80.85,1445.95]",0.11,0
0707-HOVVN,"[70.0,75.5,5212.65]",0.12,0
8580-QVLOC,"[72.0,92.45,6440.25]",0.13,0
3956-MGXOG,"[28.0,80.6,2244.95]",0.14,0
9274-UARKJ,"[15.0,83.2,1130.0]",0.15,0
4077-HWUYD,"[72.0,87.55,6463.15]",0.16,0
2012-NWRPA,"[11.0,99.55,1131.2]",0.17,0
8808-ELEHO,"[8.0,81.25,585.95]",0.18,0
0103-CSITQ,"[57.0,109.4,6252.7]",0.19,0
3506-LCJDC,"[1.0,19.95,19.95]",0.2,0
8671-KKKOS,"[46.0,45.55,2062.15]",0.21,0
7305-ZWMAJ,"[30.0,20.7,587.1]",0.22,0
9518-XXBXE,"[10.0,75.3,720.45]",0.23,0
3934-HXCFZ,"[23.0,99.25,2186.4]",0.24,0
6578-KRMAW,"[32.0,93.4,2979.3]",0.25,0
4860-IJUDE,"[13.0,73.75,956.65]",0.26,0
7666-WKRON,"[39.0,80.45,3201.55]",0.27,0
9688-YGXVR,"[44.0,88.15,3973.2]",0.28,0
0423-UDIJQ,"[9.0,49.2,447.9]",0.29,0
1945-XISKS,"[67.0,19.65,1335.2]",0.3,0
4910-AQFFX,"[9.0,79.35,661.25]",0.31,0
2154-KVJFF,"[15.0,79.75,1111.85]",0.32,0
5360-LJCNJ,"[71.0,105.15,7555.0]",0.33,0
2607-FBDFF,"[1.0,49.0,49.0]",0.34,0
9647-ERGBE,"[30.0,100.05,3046.15]",0.35,0
3428-XZMAZ,"[1.0,69.35,69.35]",0.36,0
1100-DDVRV,"[17.0,49.8,836.35]",0.37,0
0378-TOVMS,"[3.0,85.8,272.2]",0.38,0
4355-HBJHH,"[67.0,79.7,5293.4]",0.39,0
6728-WYQBC,"[1.0,20.95,20.95]",0.4,0
9058-CBREO,"[1.0,50.55,50.55]",0.41,0
9029-FEGVJ,"[32.0,79.3,2570.0]",0.42,0
7216-KAOID,"[41.0,19.5,798.2]",0.43,0
0318-QUUOB,"[1.0,80.55,80.55]",0.44,0
6145-NNPNO,"[1.0,44.15,44.15]",0.45,0
5520-FVEWJ,"[12.0,84.5,916.9]",0.46,0
5339-TJFEK,"[62.0,105.5,6487.2]",0.47,0
5572-ZDXHY,"[22.0,84.3,1855.65]",0.48,0
2074-GUHPQ,"[17.0,92.7,1556.85]",0.49,0
4625-XMOYM,"[72.0,26.25,1988.05]",0.5,0
5827-MWCZK,"[56.0,96.95,5432.2]",0.51,1
1385-TQOZW,"[9.0,20.45,147.55]",0.52,1
5914-XRFQB,"[72.0,115.8,8424.9]",0.53,1
4329-YPDDQ,"[20.0,108.2,2203.7]",0.54,1
4804-NCPET,"[19.0,20.2,387.4]",0.55,1
3750-CKVKH,"[2.0,67.75,116.65]",0.56,1
5944-UGLLK,"[53.0,54.9,3045.75]",0.57,1
8063-GBATB,"[27.0,85.25,2287.25]",0.58,1
7787-BNTZM,"[6.0,20.15,130.5]",0.59,1
2252-ISRNH,"[9.0,90.35,767.9]",0.6,1
9415-TPKRV,"[8.0,55.75,446.8]",0.61,1
5322-TEUJK,"[71.0,114.6,8100.25]",0.62,1
4547-KQRTM,"[10.0,80.05,830.7]",0.63,1
4877-EVATK,"[1.0,20.0,20.0]",0.64,1
1866-DIOQZ,"[71.0,66.8,4689.15]",0.65,1
8375-KVTHK,"[68.0,100.3,6754.35]",0.66,1
2697-NQBPF,"[34.0,105.35,3540.65]",0.67,1
3709-OIJEA,"[26.0,85.2,2184.6]",0.68,1
7639-SUPCW,"[22.0,48.8,1054.6]",0.69,1
1386-ZIKUV,"[7.0,18.95,130.55]",0.7,1
0599-XNYDO,"[20.0,69.8,1540.35]",0.71,1
6377-WHAOX,"[60.0,106.15,6411.25]",0.72,1
6855-VLGOS,"[72.0,20.55,1432.55]",0.73,1
8999-XXGNS,"[72.0,105.75,7629.85]",0.74,1
8746-OQQRW,"[4.0,25.25,101.9]",0.75,1
3181-MIZBN,"[16.0,19.75,313.4]",0.76,1
0471-ARVMX,"[62.0,104.85,6312.9]",0.77,1
7766-CLTIC,"[10.0,60.95,629.55]",0.78,1
5650-YLIBA,"[31.0,81.15,2640.55]",0.79,1
0825-CPPQH,"[71.0,19.1,1372.45]",0.8,1
9084-OAYKL,"[58.0,20.8,1212.25]",0.81,1
6122-LJADA,"[70.0,90.15,6237.05]",0.82,1
2400-XIWIO,"[71.0,90.1,6310.9]",0.83,1
7524-VRLPL,"[69.0,74.1,5031.0]",0.84,1
1069-XAIEM,"[1.0,85.05,85.05]",0.85,1
7569-NMZYQ,"[72.0,118.75,8672.45]",0.86,1
5201-USSQZ,"[26.0,85.9,2196.45]",0.87,1
2105-PHWON,"[33.0,95.0,3008.15]",0.88,1
1494-EJZDW,"[10.0,20.15,220.8]",0.89,1
4884-TVUQF,"[57.0,101.3,5779.6]",0.9,1
8003-EWNDZ,"[10.0,21.2,222.65]",0.91,1
1897-RCFUM,"[39.0,24.2,914.6]",0.92,1
9256-JTBNZ,"[11.0,20.3,246.3]",0.93,1
4658-HCOHW,"[21.0,102.8,2110.15]",0.94,1
2211-RMNHO,"[68.0,85.3,5560.0]",0.95,1
2432-TFSMK,"[18.0,89.6,1633.0]",0.96,1
3440-JPSCL,"[6.0,99.95,547.65]",0.97,1
4929-ROART,"[18.0,56.25,969.85]",0.98,1
1834-ABKHQ,"[52.0,50.95,2610.65]",0.99,1
1741-WTPON,"[56.0,115.85,6567.9]",0.0,0
3932-IJWDZ,"[45.0,103.65,4747.85]",0.01,0
1240-HCBOH,"[67.0,26.1,1759.55]",0.02,0
3594-KADLU,"[3.0,35.1,101.1]",0.03,0
8065-BVEPF,"[65.0,99.1,6496.15]",0.04,0
3796-ENZGF,"[63.0,67.25,4234.15]",0.05,0
1734-ZMNTZ,"[11.0,25.0,300.7]",0.06,0
2853-CWQFQ,"[1.0,59.55,59.55]",0.07,0
0813-TAXXS,"[55.0,77.8,4323.35]",0.08,0
2519-TWKFS,"[25.0,55.1,1466.1]",0.09,0
2889-FPWRM,"[72.0,117.8,8684.8]",0.1,0
0626-QXNGV,"[72.0,24.15,1776.45]",0.11,0
6723-CEGQI,"[65.0,45.25,2933.95]",0.12,0
6987-XQSJT,"[54.0,79.5,4370.25]",0.13,0
4732-RRJZC,"[7.0,20.25,144.35]",0.14,0
9499-XPZXM,"[72.0,64.75,4804.75]",0.15,0
4338-EYCER,"[21.0,54.6,1125.2]",0.16,0
3007-FDPEA,"[2.0,20.7,39.85]",0.17,0
6350-XFYGW,"[4.0,94.75,422.4]",0.18,0
4290-BSXUX,"[3.0,79.65,251.75]",0.19,0
8513-OLYGY,"[72.0,115.8,8332.15]",0.2,0
0311-QYWSS,"[6.0,49.45,314.6]",0.21,0
8705-DWKTI,"[52.0,83.8,4331.4]",0.22,0
8755-IWJHN,"[69.0,95.35,6382.0]",0.23,0
0325-XBFAC,"[8.0,94.7,740.3]",0.24,0
4480-QQRHC,"[8.0,74.05,600.15]",0.25,0
0929-PECLO,"[63.0,89.6,5538.8]",0.26,0
3680-CTHUH,"[60.0,116.6,7049.5]",0.27,0
1202-KKGFU,"[12.0,54.2,690.5]",0.28,0
6112-KTHFQ,"[13.0,19.3,279.3]",0.29,0
1852-XEMDW,"[22.0,65.05,1427.55]",0.3,0
2462-XIIJB,"[5.0,92.5,452.7]",0.31,0
4760-XOHVN,"[1.0,19.45,19.45]",0.32,0
1820-DJFPH,"[72.0,24.05,1709.15]",0.33,0
9426-SXNHE,"[2.0,18.75,53.15]",0.34,0
9068-FHQHD,"[40.0,20.15,777.35]",0.35,0
1269-FOYWN,"[44.0,20.0,860.85]",0.36,0
9470-YFUYI,"[71.0,71.0,5012.1]",0.37,0
7817-BOQPW,"[2.0,75.55,166.3]",0.38,0
7402-EYFXX,"[26.0,93.6,2404.1]",0.39,0
1853-UDXBW,"[1.0,70.0,70.0]",0.4,0
9895-VFOXH,"[1.0,24.4,24.4]",0.41,0
5458-CQJTA,"[65.0,74.8,4820.15]",0.42,0
1230-QAJDW,"[3.0,65.25,209.9]",0.43,0
5701-ZIKJE,"[13.0,50.55,610.75]",0.44,0
5219-YIPTK,"[33.0,104.4,3409.6]",0.45,0
5032-MIYKT,"[1.0,70.7,70.7]",0.46,0
7396-VJUZB,"[4.0,45.25,155.35]",0.47,0
9717-QEBGU,"[2.0,70.3,144.0]",0.48,0
5172-RKOCB,"[72.0,108.95,7875.0]",0.49,0
6509-TSGWN,"[37.0,26.45,911.6]",0.5,0
3540-RZJYU,"[15.0,86.2,1270.2]",0.51,1
3178-CIFOT,"[23.0,19.65,478.1]",0.52,1
2091-MJTFX,"[30.0,51.2,1561.5]",0.53,1
4530-NDRKU,"[42.0,19.05,761.85]",0.54,1
5985-TBABQ,"[32.0,74.75,2282.95]",0.55,1
9800-ONTFE,"[22.0,75.8,1615.1]",0.56,1
6743-HHQPF,"[42.0,25.1,1097.15]",0.57,1
8455-HIRAQ,"[8.0,44.45,369.3]",0.58,1
6616-AALSR,"[65.0,104.3,6725.3]",0.59,1
0883-EIBTI,"[2.0,19.5,31.55]",0.6,1
9415-ZNBSX,"[70.0,89.0,6293.2]",0.61,1
4018-KJYUY,"[22.0,20.15,432.5]",0.62,1
0722-TROQR,"[4.0,74.9,321.75]",0.63,1
7571-YXDAD,"[2.0,74.9,147.15]",0.64,1
3884-UEBXB,"[67.0,36.15,2434.45]",0.65,1
8780-RSYYU,"[25.0,19.2,532.1]",0.66,1
5537-UXXVS,"[20.0,19.25,375.25]",0.67,1
1791-PQHBB,"[2.0,61.2,125.95]",0.68,1
8701-DGLVH,"[51.0,20.45,1042.65]",0.69,1
8741-LQOBK,"[46.0,35.05,1620.25]",0.7,1
3393-FMZPV,"[25.0,100.25,2387.75]",0.71,1
8082-GHXOP,"[13.0,44.0,659.35]",0.72,1
6402-ZFPPI,"[25.0,102.8,2660.2]",0.73,1
0980-FEXWF,"[26.0,50.35,1285.8]",0.74,1
7486-KSRVI,"[43.0,100.0,4211.55]",0.75,1
3011-WQKSZ,"[19.0,20.0,377.55]",0.76,1
8443-WVPSS,"[10.0,99.85,990.9]",0.77,1
3006-XIMLN,"[2.0,94.2,193.8]",0.78,1
8218-FFJDS,"[72.0,86.4,6058.95]",0.79,1
1986-PHGZF,"[18.0,58.4,964.9]",0.8,1
9965-YOKZB,"[9.0,83.85,790.15]",0.81,1
0504-HHAPI,"[27.0,88.3,2467.75]",0.82,1
9360-OMDZZ,"[24.0,94.1,2322.85]",0.83,1
6305-YLBMM,"[69.0,104.05,7262.0]",0.84,1
0345-XMMUG,"[46.0,108.9,4854.3]",0.85,1
8024-XNAFQ,"[72.0,107.4,7748.75]",0.86,1
3647-GMGDH,"[22.0,94.7,1914.9]",0.87,1
2988-GBIVW,"[70.0,90.85,6470.1]",0.88,1
2832-SCUCO,"[2.0,19.9,57.4]",0.89,1
7036-ZZKBD,"[31.0,66.4,2019.8]",0.9,1
3791-LGQCY,"[56.0,100.65,5688.05]",0.91,1
0265-PSUAE,"[16.0,100.7,1522.7]",0.92,1
0463-TXOAK,"[52.0,25.6,1334.5]",0.93,1
0594-UFTUL,"[13.0,19.85,252.0]",0.94,1
9509-MPYOD,"[35.0,20.75,700.45]",0.95,1
9128-CPXKI,"[59.0,95.8,5655.45]",0.96,1
0129-KPTWJ,"[72.0,94.65,6747.35]",0.97,1
8166-ZZTFS,"[66.0,80.55,5265.1]",0.98,1
5855-EIBDE,"[49.0,106.65,5174.35]",0.99,1
5365-LLFYV,"[2.0,45.85,105.6]",0.0,0
5956-YHHRX,"[21.0,104.35,2271.85]",0.01,0
6008-NAIXK,"[54.0,55.45,2966.95]",0.02,0
2956-GGUCQ,"[24.0,78.85,1772.25]",0.03,0
1928-BXYIV,"[1.0,61.15,61.15]",0.04,0
5760-FXFVO,"[6.0,78.95,494.95]",0.05,0
6595-COKXZ,"[1.0,44.45,44.45]",0.06,0
0961-ZWLVI,"[49.0,109.2,5290.45]",0.07,0
5181-OABFK,"[56.0,61.3,3346.8]",0.08,0
4007-NHVHI,"[56.0,96.85,5219.65]",0.09,0
7816-VGHTO,"[6.0,40.55,217.5]",0.1,0
5871-DGTXZ,"[32.0,19.8,607.7]",0.11,0
7550-WIQVA,"[50.0,108.25,5431.4]",0.12,0
7544-ZVIKX,"[58.0,105.05,6004.85]",0.13,0
0016-QLJIS,"[65.0,90.45,5957.9]",0.14,0
7508-DQAKK,"[64.0,86.4,5442.05]",0.15,0
5176-OLSKT,"[66.0,66.9,4370.25]",0.16,0
9356-AXGMP,"[38.0,110.7,4428.6]",0.17,0
3556-BVQGL,"[20.0,20.0,416.45]",0.18,0
0362-ZBZWJ,"[36.0,84.9,3067.2]",0.19,0
8979-CAMGB,"[64.0,102.1,6688.1]",0.2,0
4211-MMAZN,"[1.0,20.25,20.25]",0.21,0
7581-EBBOU,"[60.0,70.15,4224.7]",0.22,0
4274-OWWYO,"[1.0,74.35,74.35]",0.23,0
5073-RZGBK,"[50.0,80.05,4042.2]",0.24,0
1541-ETJZO,"[1.0,62.05,62.05]",0.25,0
2192-CKRLV,"[72.0,49.2,3580.95]",0.26,0
3154-HMWUU,"[60.0,20.5,1198.8]",0.27,0
6119-SPUDB,"[46.0,38.25,1755.35]",0.28,0
6522-OIQSX,"[69.0,54.95,3772.5]",0.29,0
7813-ZGGAW,"[31.0,96.6,2877.95]",0.3,0
8748-HFWBO,"[19.0,19.9,357.7]",0.31,0
1052-QJIBV,"[71.0,19.9,1397.3]",0.32,0
1319-YLZJG,"[12.0,84.6,959.9]",0.33,0
4106-HADHQ,"[39.0,80.0,3182.95]",0.34,0
0723-FDLAY,"[44.0,85.25,3704.15]",0.35,0
3050-RLLXC,"[56.0,81.25,4620.4]",0.36,0
9298-WGMRW,"[72.0,115.5,8312.75]",0.37,0
2369-UAPKZ,"[5.0,104.1,541.9]",0.38,0
3088-LHEFH,"[11.0,79.0,929.3]",0.39,0
2778-OCLGR,"[24.0,39.1,971.3]",0.4,0
6583-KQJLK,"[15.0,94.65,1285.05]",0.41,0
8544-JNBOX,"[72.0,20.8,1521.2]",0.42,0
6681-ZSEXG,"[56.0,59.5,3389.25]",0.43,0
6139-ZZRBQ,"[64.0,20.05,1198.05]",0.44,0
6116-RFVHN,"[34.0,100.45,3414.65]",0.45,0
0637-KVDLV,"[2.0,76.5,162.45]",0.46,0
8884-FEEWR,"[35.0,20.6,754.0]",0.47,0
3125-RAHBV,"[22.0,20.3,467.15]",0.48,0
6633-MPWBS,"[5.0,49.2,216.9]",0.49,0
0373-AIVNJ,"[9.0,39.55,373.0]",0.5,0
8785-EPNCG,"[11.0,23.15,245.2]",0.51,1
1682-VCOIO,"[23.0,20.45,481.1]",0.52,1
5729-KLZAR,"[4.0,80.85,302.75]",0.53,1
2072-ZVJJX,"[68.0,25.25,1728.2]",0.54,1
8849-AYPTR,"[33.0,91.25,2964.05]",0.55,1
9518-IMLHK,"[31.0,72.45,2156.25]",0.56,1
1582-RAFML,"[1.0,60.1,60.1]",0.57,1
3646-ITDGM,"[56.0,19.7,1051.9]",0.58,1
8740-CRYFY,"[1.0,78.95,78.95]",0.59,1
3569-VLDHH,"[66.0,75.1,5013.0]",0.6,1
8224-KDLKN,"[72.0,25.0,1738.9]",0.61,1
7594-LZNWR,"[34.0,69.15,2275.1]",0.62,1
4001-TSBTV,"[58.0,91.55,5511.65]",0.63,1
2962-XPMCQ,"[2.0,45.15,98.5]",0.64,1
8727-XDPUD,"[37.0,35.8,1316.9]",0.65,1
1043-UXOVO,"[71.0,113.15,7993.3]",0.66,1
1064-FBXNK,"[1.0,19.85,19.85]",0.67,1
3996-ZNWYK,"[71.0,19.8,1388.45]",0.68,1
2878-DHMIN,"[35.0,19.9,666.0]",0.69,1
7762-ONLJY,"[6.0,19.7,94.45]",0.7,1
1678-FYZOW,"[3.0,79.4,244.65]",0.71,1
5795-BKOYE,"[69.0,59.1,4134.7]",0.72,1
8627-EHGIP,"[44.0,53.95,2375.4]",0.73,1
7402-PWYJJ,"[53.0,91.15,4862.5]",0.74,1
5480-TBGPH,"[24.0,99.3,2431.35]",0.75,1
0018-NYROU,"[5.0,68.95,351.5]",0.76,1
7501-VTYLJ,"[2.0,51.55,106.2]",0.77,1
7608-RGIRO,"[62.0,24.4,1413.0]",0.78,1
0480-BIXDE,"[19.0,96.8,1743.05]",0.79,1
5895-QSXOD,"[9.0,70.05,657.5]",0.8,1
9814-AOUDH,"[53.0,19.5,1050.5]",0.81,1
6175-IRFIT,"[5.0,78.75,426.35]",0.82,1
8760-ZRHKE,"[71.0,69.2,4982.5]",0.83,1
1622-HSHSF,"[1.0,19.55,19.55]",0.84,1
8854-CCVSQ,"[18.0,80.65,1451.9]",0.85,1
6749-UTDVX,"[72.0,103.65,7634.8]",0.86,1
5542-DHSXL,"[4.0,54.7,235.05]",0.87,1
9102-OXKFY,"[59.0,54.15,3116.15]",0.88,1
0511-JTEOY,"[1.0,71.1,71.1]",0.89,1
5216-WASFJ,"[31.0,84.85,2633.4]",0.9,1
7808-DVWEP,"[3.0,20.0,49.65]",0.91,1
7067-KSAZT,"[65.0,106.25,6979.8]",0.92,1
2284-VFLKH,"[49.0,99.25,4920.8]",0.93,1
0366-NQSHS,"[2.0,19.35,46.35]",0.94,1
6532-YLWSI,"[53.0,20.8,1021.8]",0.95,1
3807-BPOMJ,"[55.0,94.75,5276.1]",0.96,1
3892-NXAZG,"[72.0,114.05,8289.2]",0.97,1
4948-WBBKL,"[36.0,74.9,2659.45]",0.98,1
4182-BGSIQ,"[10.0,19.8,196.75]",0.99,1
9300-AGZNL,"[1.0,94.0,94.0]",0.0,0
0988-AADSA,"[72.0,80.85,5824.75]",0.01,0
9972-NKTFD,"[28.0,54.65,1517.5]",0.02,0
3717-LNXKW,"[38.0,91.7,3479.05]",0.03,0
5734-EJKXG,"[61.0,118.6,7365.7]",0.04,0
2207-RYYRL,"[52.0,24.55,1331.05]",0.05,0
6729-FZWSY,"[67.0,19.45,1195.95]",0.06,0
9695-IDRZR,"[34.0,116.15,3946.9]",0.07,0
8144-DGHXP,"[54.0,80.6,4299.95]",0.08,0
7814-LEEVE,"[1.0,20.3,20.3]",0.09,0
1112-CUNAO,"[15.0,89.85,1424.95]",0.1,0
5175-AOBHI,"[4.0,46.0,193.6]",0.11,0
5174-RNGBH,"[9.0,66.25,620.55]",0.12,0
8631-WUXGY,"[46.0,99.8,4391.25]",0.13,0
7270-BDIOA,"[22.0,90.0,1993.8]",0.14,0
9565-JSNFM,"[38.0,70.45,2597.6]",0.15,0
5906-DVAPM,"[55.0,75.0,4213.9]",0.16,0
6654-QGBZZ,"[1.0,19.9,19.9]",0.17,0
8348-JLBUG,"[64.0,80.3,5017.7]",0.18,0
0607-DAAHE,"[53.0,19.75,1052.35]",0.19,0
5641-DMBFJ,"[58.0,84.3,4916.4]",0.2,0
9200-NLNPD,"[56.0,54.05,2959.8]",0.21,0
2664-XJZNO,"[72.0,104.9,7559.55]",0.22,0
9732-KPKBW,"[1.0,53.95,53.95]",0.23,0
3339-EAQNV,"[72.0,97.25,7133.1]",0.24,0
0921-OHLVP,"[22.0,83.05,1799.3]",0.25,0
3389-YGYAI,"[8.0,105.5,829.55]",0.26,0
9560-ARGQJ,"[16.0,81.0,1312.15]",0.27,0
8350-NYMVI,"[39.0,41.1,1597.05]",0.28,0
1600-DILPE,"[12.0,45.0,524.35]",0.29,0
0536-ESJEP,"[54.0,74.55,4191.45]",0.3,0
4654-GGUII,"[18.0,40.2,711.95]",0.31,0
6478-HRRCZ,"[32.0,70.5,2201.75]",0.32,0
8510-BBWMU,"[41.0,19.75,806.95]",0.33,0
6857-TKDJV,"[67.0,24.65,1620.45]",0.34,0
2360-RDGRO,"[65.0,104.25,6812.95]",0.35,0
0584-BJQGZ,"[25.0,78.35,1837.9]",0.36,0
5134-IKDAY,"[1.0,69.8,69.8]",0.37,0
1360-XFJMR,"[67.0,109.7,7344.45]",0.38,0
3070-DVEYC,"[7.0,73.75,545.15]",0.39,0
5730-RIITO,"[43.0,33.45,1500.25]",0.4,0
9058-MJLZC,"[24.0,94.6,2283.15]",0.41,0
5707-ORNDZ,"[9.0,54.55,494.05]",0.42,0
0902-XKXPN,"[69.0,20.2,1376.5]",0.43,0
5177-RVZNU,"[37.0,20.3,755.4]",0.44,0
0056-EPFBG,"[20.0,39.4,825.4]",0.45,0
8993-IZEUX,"[7.0,69.15,488.65]",0.46,0
8696-JKZNU,"[37.0,76.25,2841.55]",0.47,0
5380-AFSSK,"[5.0,93.9,486.85]",0.48,0
8190-ZTQFB,"[41.0,51.35,2075.1]",0.49,0
0931-MHTEM,"[54.0,100.05,5299.65]",0.5,0
2055-PDADH,"[3.0,70.4,204.7]",0.51,1
7515-LODFU,"[69.0,20.3,1356.3]",0.52,1
0440-UEDAI,"[53.0,94.45,5042.75]",0.53,1
1337-BOZWO,"[18.0,46.4,812.4]",0.54,1
0868-VJRDR,"[64.0,104.05,6605.55]",0.55,1
8714-EUHJO,"[31.0,91.15,2995.45]",0.56,1
6344-SFJVH,"[20.0,24.9,505.95]",0.57,1
3950-VPYJB,"[57.0,59.6,3509.4]",0.58,1
8041-TMEID,"[63.0,108.5,6991.9]",0.59,1
7321-ZNSLA,"[13.0,40.55,590.35]",0.6,1
6941-KXRRV,"[48.0,58.95,2789.7]",0.61,1
3721-CNEYS,"[2.0,70.95,137.95]",0.62,1
8727-JQFHV,"[57.0,20.75,1123.15]",0.63,1
9475-NNDGC,"[71.0,113.15,7953.25]",0.64,1
1355-KUSBG,"[7.0,48.8,349.8]",0.65,1
3688-FTHLT,"[16.0,63.05,1067.05]",0.66,1
0899-LIIBW,"[34.0,100.85,3527.3]",0.67,1
2568-OIADY,"[37.0,99.5,3762.0]",0.68,1
1384-RCUXW,"[16.0,80.55,1248.9]",0.69,1
5825-XJOCM,"[48.0,64.4,3035.35]",0.7,1
6848-YLDFR,"[58.0,75.2,4300.8]",0.71,1
8125-QPFJD,"[72.0,84.9,6065.3]",0.72,1
2320-YKQBO,"[7.0,19.3,144.95]",0.73,1
1193-RTSLK,"[38.0,83.9,3233.6]",0.74,1
2302-ANTDP,"[48.0,117.45,5438.9]",0.75,1
5923-GXUOC,"[10.0,104.4,1081.45]",0.76,1
4973-RLZVI,"[30.0,74.65,2308.6]",0.77,1
7869-ZYDST,"[31.0,59.05,1882.8]",0.78,1
4501-UYKBC,"[46.0,69.1,3255.35]",0.79,1
1215-EXRMO,"[50.0,20.55,1067.65]",0.8,1
2305-MRGLV,"[28.0,76.55,2065.4]",0.81,1
8404-VIOMB,"[66.0,62.5,4136.4]",0.82,1
5233-GEEAX,"[8.0,29.4,221.9]",0.83,1
2359-KLTEK,"[41.0,94.9,3848.0]",0.84,1
5304-EFJLP,"[72.0,111.65,8022.85]",0.85,1
2673-ZALNP,"[7.0,19.9,173.15]",0.86,1
9184-GALIL,"[38.0,20.45,781.25]",0.87,1
4393-RYCRE,"[44.0,106.05,4510.8]",0.88,1
9746-MDMBK,"[47.0,113.45,5317.8]",0.89,1
3162-ZJZFU,"[53.0,92.55,4779.45]",0.9,1
8404-GFGCZ,"[4.0,65.6,250.1]",0.91,1
8875-AKBYH,"[20.0,84.35,1745.2]",0.92,1
4432-ADRLB,"[2.0,44.65,74.9]",0.93,1
0533-UCAAU,"[57.0,71.1,4140.1]",0.94,1
1394-SUIUH,"[44.0,85.15,3670.5]",0.95,1
3521-MNKLV,"[24.0,49.7,1167.8]",0.96,1
2533-TIBIX,"[15.0,30.2,469.65]",0.97,1
8993-PHFWD,"[3.0,25.25,58.9]",0.98,1
1565-RHDJD,"[4.0,84.05,333.55]",0.99,1
7137-RYLPP,"[37.0,85.7,3171.15]",0.0,0
3765-JXVKY,"[1.0,74.7,74.7]",0.01,0
5092-STPKP,"[24.0,56.35,1381.2]",0.02,0
7330-WZLNC,"[5.0,90.8,455.5]",0.03,0
0114-PEGZZ,"[33.0,107.55,3645.5]",0.04,0
3359-DSRKA,"[58.0,19.85,1158.85]",0.05,0
8639-NHQEI,"[72.0,95.9,6954.15]",0.06,0
7161-DFHUF,"[71.0,23.85,1672.1]",0.07,0
3957-LXOLK,"[28.0,106.15,3152.5]",0.08,0
3720-DBRWL,"[51.0,83.85,4307.1]",0.09,0
6635-MYYYZ,"[30.0,85.35,2530.4]",0.1,0
8565-WUXZU,"[72.0,84.8,6141.65]",0.11,0
5281-BUZGT,"[36.0,90.85,3186.7]",0.12,0
4994-OBRSZ,"[14.0,76.1,1054.8]",0.13,0
0562-FGDCR,"[72.0,74.55,5430.65]",0.14,0
2436-QBZFP,"[22.0,39.2,849.9]",0.15,0
3420-YJLQT,"[2.0,79.55,151.75]",0.16,0
6040-CGACY,"[15.0,19.6,299.4]",0.17,0
6582-PLFUU,"[51.0,19.55,1086.75]",0.18,0
8242-PDSGJ,"[70.0,39.15,2692.75]",0.19,0
0264-CNITK,"[71.0,20.1,1389.6]",0.2,0
0089-IIQKO,"[39.0,99.95,3767.4]",0.21,0
7839-NUIAA,"[61.0,59.8,3641.5]",0.22,0
6075-QMNRR,"[52.0,49.75,2535.55]",0.23,0
5378-IKEEG,"[1.0,35.75,35.75]",0.24,0
5966-EMAZU,"[64.0,108.5,6880.85]",0.25,0
0440-EKDCF,"[62.0,60.15,3753.2]",0.26,0
4774-HHGGS,"[30.0,19.05,637.55]",0.27,0
2718-GAXQD,"[4.0,46.0,181.6]",0.28,0
2055-BFOCC,"[63.0,84.0,5329.55]",0.29,0
8180-AKMJV,"[1.0,44.55,44.55]",0.3,0
4298-OYIFC,"[15.0,103.45,1539.8]",0.31,0
5566-SOEZD,"[27.0,80.65,2209.75]",0.32,0
9842-EFSYY,"[4.0,57.2,223.75]",0.33,0
2272-WUSPA,"[72.0,110.75,7751.7]",0.34,0
4584-LBNMK,"[45.0,24.7,1174.35]",0.35,0
3898-GUYTS,"[45.0,97.05,4385.05]",0.36,0
0930-EHUZA,"[36.0,76.35,2606.35]",0.37,0
6413-XKKPU,"[17.0,89.4,1539.45]",0.38,0
9975-SKRNR,"[1.0,18.9,18.9]",0.39,0
3703-KBKZP,"[16.0,74.45,1261.35]",0.4,0
1449-XQEMT,"[3.0,19.8,58.15]",0.41,0
2626-URJFX,"[4.0,50.9,225.6]",0.42,0
4973-MGTON,"[71.0,84.4,5969.3]",0.43,0
3682-YEUWS,"[10.0,24.4,253.9]",0.44,0
1223-UNPKS,"[20.0,20.05,400.0]",0.45,0
2612-RRIDN,"[4.0,81.0,340.85]",0.46,0
4735-ASGMA,"[26.0,98.35,2515.3]",0.47,0
3446-QDSZF,"[4.0,55.5,227.35]",0.48,0
3669-LVWZB,"[5.0,51.0,305.95]",0.49,0
6892-EZDTG,"[4.0,91.65,365.4]",0.5,0
5117-IFGPS,"[29.0,84.3,2357.75]",0.51,1
7379-FNIUJ,"[2.0,100.2,198.5]",0.52,1
1627-AFWVJ,"[29.0,19.4,554.25]",0.53,1
9725-SCPZG,"[1.0,90.85,90.85]",0.54,1
5884-GCYMI,"[1.0,69.4,69.4]",0.55,1
3217-FZDMN,"[8.0,94.45,742.95]",0.56,1
4486-EFAEB,"[13.0,20.4,251.65]",0.57,1
0060-FUALY,"[59.0,94.75,5597.65]",0.58,1
7853-GVUDZ,"[1.0,20.15,20.15]",0.59,1
7480-QNVZJ,"[50.0,95.7,4816.7]",0.6,1
6954-OOYZZ,"[18.0,44.35,768.05]",0.61,1
7088-FBAWU,"[17.0,74.55,1215.8]",0.62,1
8313-AFGBW,"[47.0,73.6,3522.65]",0.63,1
3943-KDREE,"[26.0,74.95,1834.95]",0.64,1
9239-ZBZZV,"[6.0,47.95,305.1]",0.65,1
3097-IDVPU,"[19.0,50.1,910.45]",0.66,1
4398-HSCJH,"[3.0,63.6,155.65]",0.67,1
2197-OMWGI,"[68.0,53.0,3656.25]",0.68,1
2303-PJYHN,"[2.0,19.85,52.0]",0.69,1
9795-VOWON,"[7.0,24.35,150.85]",0.7,1
1237-WIYYZ,"[18.0,19.55,389.25]",0.71,1
1987-AUELQ,"[71.0,25.05,1873.7]",0.72,1
7852-LECYP,"[13.0,93.8,1261.0]",0.73,1
4430-UZIPO,"[3.0,36.85,108.7]",0.74,1
4822-LPTYJ,"[72.0,103.75,7346.2]",0.75,1
8165-CBKXO,"[66.0,56.75,3708.4]",0.76,1
6527-PZFPV,"[24.0,20.8,469.65]",0.77,1
4855-SNKMY,"[1.0,44.1,44.1]",0.78,1
9593-CVZKR,"[56.0,24.45,1385.85]",0.79,1
8595-SIZNC,"[22.0,25.6,548.8]",0.8,1
8008-HAWED,"[14.0,50.75,712.75]",0.81,1
7124-UGSUR,"[61.0,104.4,6405.0]",0.82,1
1862-SKORY,"[40.0,39.3,1637.4]",0.83,1
5236-XMZJY,"[42.0,59.65,2536.55]",0.84,1
4827-DPADN,"[72.0,83.3,6042.7]",0.85,1
2694-CIUMO,"[12.0,79.55,958.25]",0.86,1
5846-ABOBJ,"[71.0,24.45,1730.65]",0.87,1
1439-LCGVL,"[26.0,19.2,459.6]",0.88,1
0909-SDHNU,"[7.0,29.8,201.95]",0.89,1
4647-XXZAM,"[6.0,45.5,285.2]",0.9,1
1502-XFCVR,"[58.0,106.45,6145.85]",0.91,1
7740-KKCXF,"[51.0,30.05,1529.45]",0.92,1
5360-XGYAZ,"[72.0,65.65,4664.5]",0.93,1
9692-TUSXH,"[18.0,96.05,1740.7]",0.94,1
7912-SYRQT,"[7.0,75.1,552.95]",0.95,1
3557-HTYWR,"[47.0,74.05,3496.3]",0.96,1
4816-JBHOV,"[2.0,44.7,93.7]",0.97,1
8920-NAVAY,"[62.0,110.75,7053.35]",0.98,1
1699-TLDLZ,"[16.0,19.7,301.55]",0.99,1
5600-PDUJF,"[6.0,49.5,312.7]",0.0,0
8292-TYSPY,"[19.0,55.0,1046.5]",0.01,0
0567-XRHCU,"[69.0,43.95,2960.1]",0.02,0
1867-BDVFH,"[11.0,74.35,834.2]",0.03,0
2067-QYTCF,"[64.0,111.15,6953.4]",0.04,0
2359-QWQUL,"[39.0,104.7,4134.85]",0.05,0
9103-TCIHJ,"[15.0,55.7,899.8]",0.06,0
7407-SUJIZ,"[25.0,20.6,541.5]",0.07,0
9150-KPBJQ,"[6.0,19.65,116.85]",0.08,0
0052-DCKON,"[66.0,115.8,7942.15]",0.09,0
3654-ARMGP,"[61.0,88.65,5321.25]",0.1,0
9699-UBQFS,"[43.0,94.5,4156.8]",0.11,0
9367-TCUYN,"[12.0,20.1,223.6]",0.12,0
1261-FWTTE,"[23.0,34.65,768.45]",0.13,0
3528-HFRIQ,"[71.0,52.3,3765.05]",0.14,0
0708-SJDIS,"[34.0,65.0,2157.5]",0.15,0
4140-WJAWW,"[5.0,19.85,108.05]",0.16,0
2073-QBVBI,"[41.0,35.45,1391.65]",0.17,0
6928-ONTRW,"[72.0,19.7,1379.8]",0.18,0
3320-VEOYC,"[14.0,95.6,1273.3]",0.19,0
5231-FIQPA,"[41.0,19.85,810.45]",0.2,0
6617-WLBQC,"[23.0,81.85,1810.85]",0.21,0
2599-CIPQE,"[71.0,109.3,7782.85]",0.22,0
6653-CBBOM,"[1.0,70.3,70.3]",0.23,0
8774-GSBUN,"[72.0,25.4,1797.1]",0.24,0
7326-RIGQZ,"[6.0,69.8,377.85]",0.25,0
1401-FTHFQ,"[23.0,20.0,445.3]",0.26,0
3247-ZVOUO,"[10.0,85.55,851.75]",0.27,0
0254-FNMCI,"[72.0,109.9,7624.2]",0.28,0
1848-LBZHY,"[7.0,50.3,355.1]",0.29,0
6101-IMRMM,"[6.0,94.5,575.45]",0.3,0
8118-TJAFG,"[9.0,101.5,906.85]",0.31,0
5429-LWCMV,"[12.0,89.15,1057.55]",0.32,0
7298-IZWLY,"[1.0,19.4,19.4]",0.33,0
9758-MFWGD,"[48.0,29.9,1388.75]",0.34,0
3955-JBZZM,"[20.0,78.8,1641.3]",0.35,0
1268-ASBGA,"[16.0,85.35,1375.15]",0.36,0
8943-URTMR,"[2.0,79.65,152.7]",0.37,0
4815-TUMEQ,"[10.0,19.3,185.2]",0.38,0
4713-LZDRV,"[2.0,79.6,195.05]",0.39,0
9909-IDLEK,"[20.0,96.8,1826.7]",0.4,0
4092-OFQZS,"[20.0,20.65,417.5]",0.41,0
1561-BWHIN,"[19.0,19.8,344.5]",0.42,0
4325-NFSKC,"[19.0,90.6,1660.0]",0.43,0
9927-DSWDF,"[22.0,104.6,2180.55]",0.44,0
9500-LTVBP,"[35.0,80.05,2835.9]",0.45,0
7252-NTGSS,"[1.0,45.15,45.15]",0.46,0
8149-AIQCG,"[39.0,73.15,2730.85]",0.47,0
1360-JYXKQ,"[54.0,99.1,5437.1]",0.48,0
2955-PSXOE,"[1.0,20.2,20.2]",0.49,0
7762-URZQH,"[66.0,106.05,6981.35]",0.5,0
0899-WZRSD,"[56.0,105.35,5794.45]",0.51,1
3255-GRXMG,"[18.0,45.65,747.2]",0.52,1
4828-FAZPK,"[16.0,79.95,1267.95]",0.53,1
6094-ZIVKX,"[68.0,54.45,3674.95]",0.54,1
6925-BAYGL,"[53.0,25.1,1275.6]",0.55,1
3262-EIDHV,"[72.0,84.7,5893.9]",0.56,1
7354-OIJLX,"[9.0,75.85,724.65]",0.57,1
1376-HHBDV,"[30.0,48.8,1536.75]",0.58,1
6907-NZZIJ,"[36.0,99.15,3615.6]",0.59,1
6133-OZILE,"[18.0,35.2,607.3]",0.6,1
4135-FRWKJ,"[55.0,76.25,4154.55]",0.61,1
2911-UREFD,"[39.0,55.9,2184.35]",0.62,1
3744-ZRRDZ,"[21.0,82.35,1852.85]",0.63,1
5673-TIYIB,"[2.0,40.4,77.15]",0.64,1
6551-ZCOTS,"[33.0,24.9,847.8]",0.65,1
7191-ADRGF,"[44.0,54.3,2390.45]",0.66,1
5018-LXQQG,"[30.0,66.3,1923.5]",0.67,1
6892-BOGQE,"[71.0,20.9,1493.2]",0.68,1
1602-IJQQE,"[4.0,75.35,338.1]",0.69,1
4628-WQCQQ,"[35.0,85.15,3030.6]",0.7,1
1746-TGTWV,"[1.0,75.35,75.35]",0.71,1
5995-SNNEW,"[23.0,104.45,2184.85]",0.72,1
8050-WYBND,"[22.0,49.45,1031.4]",0.73,1
2821-WARNZ,"[49.0,19.45,921.3]",0.74,1
4879-GZLFH,"[42.0,92.15,3875.4]",0.75,1
1644-IRKSF,"[33.0,93.8,3124.5]",0.76,1
8314-HTWVE,"[7.0,19.85,144.15]",0.77,1
9402-ROUMJ,"[67.0,100.25,6689.0]",0.78,1
2507-QZPQS,"[15.0,95.7,1451.1]",0.79,1
7159-NOKYQ,"[67.0,93.15,6368.2]",0.8,1
5707-ZMDJP,"[53.0,69.7,3729.6]",0.81,1
8779-YIQQA,"[21.0,19.8,350.1]",0.82,1
7136-IHZJA,"[40.0,71.35,2847.2]",0.83,1
8966-OIQHG,"[22.0,20.75,452.35]",0.84,1
7074-STDCN,"[39.0,40.6,1494.5]",0.85,1
3705-PSNGL,"[45.0,20.4,930.45]",0.86,1
8739-QOTTN,"[2.0,20.35,41.85]",0.87,1
1399-OUPJN,"[57.0,19.75,1272.05]",0.88,1
0277-BKSQP,"[8.0,54.4,475.1]",0.89,1
6502-HCJTI,"[7.0,94.7,673.1]",0.9,1
2606-RMDHZ,"[6.0,30.5,208.7]",0.91,1
5774-XZTQC,"[7.0,20.45,150.75]",0.92,1
2676-SSLTO,"[49.0,66.15,3199.0]",0.93,1
6266-QHOJZ,"[65.0,89.85,5844.65]",0.94,1
7269-JISCY,"[55.0,45.05,2462.6]",0.95,1
0363-SVHYR,"[71.0,86.85,6263.8]",0.96,1
8547-NSBBO,"[35.0,96.75,3403.4]",0.97,1
8258-GSTJK,"[3.0,77.0,237.75]",0.98,1
6861-OKBCE,"[11.0,20.1,221.35]",0.99,1
9940-RHLFB,"[1.0,75.3,75.3]",0.0,0
6591-QGOYB,"[17.0,106.65,1672.1]",0.01,0
9070-BCKQP,"[72.0,110.15,7881.2]",0.02,0
6421-SZVEM,"[28.0,82.85,2320.8]",0.03,0
1328-EUZHC,"[18.0,20.1,370.5]",0.04,0
2995-UPRYS,"[40.0,99.2,4062.2]",0.05,0
8878-RYUKI,"[52.0,59.45,3043.7]",0.06,0
9633-DENPU,"[47.0,58.6,2723.4]",0.07,0
7811-JIVPF,"[23.0,49.7,1081.25]",0.08,0
7113-HIPFI,"[66.0,65.85,4097.05]",0.09,0
8541-QVFKM,"[8.0,73.5,632.2]",0.1,0
6686-YPGHK,"[47.0,85.5,4042.3]",0.11,0
1383-EZRWL,"[7.0,20.05,164.85]",0.12,0
9258-CNWAC,"[71.0,113.65,8166.8]",0.13,0
5371-VYLSX,"[50.0,83.4,4113.7]",0.14,0
6374-AFWOX,"[46.0,65.65,3047.15]",0.15,0
4759-TRPLW,"[1.0,70.4,70.4]",0.16,0
5317-FLPJF,"[66.0,61.35,4193.4]",0.17,0
7621-VPNET,"[42.0,85.9,3729.75]",0.18,0
6034-YMTOB,"[5.0,75.65,399.45]",0.19,0
8563-IIOXK,"[7.0,49.75,331.3]",0.2,0
4903-CNOZC,"[29.0,70.9,1964.6]",0.21,0
4353-HYOJD,"[27.0,49.85,1336.15]",0.22,0
8020-BWHYL,"[15.0,75.3,1147.45]",0.23,0
7267-FRMJW,"[25.0,20.1,486.05]",0.24,0
2982-VPSGI,"[11.0,94.0,1078.9]",0.25,0
4188-FRABG,"[57.0,103.05,5925.75]",0.26,0
8199-ZLLSA,"[67.0,118.35,7804.15]",0.27,0
4128-ETESU,"[47.0,99.7,4747.2]",0.28,0
0620-DLSLK,"[13.0,81.9,1028.9]",0.29,0
4625-EWPTF,"[8.0,30.45,226.45]",0.3,0
5980-NOPLP,"[44.0,96.1,4364.1]",0.31,0
3850-OKINF,"[71.0,66.2,4692.55]",0.32,0
6892-XPFPU,"[24.0,104.25,2433.9]",0.33,0
8010-EZLOU,"[15.0,80.2,1217.25]",0.34,0
1156-ZFYDO,"[1.0,19.75,19.75]",0.35,0
3295-YVUSR,"[2.0,72.6,154.3]",0.36,0
8016-NCFVO,"[55.0,116.5,6382.55]",0.37,0
4119-ZYPZY,"[71.0,106.8,7623.2]",0.38,0
5549-ZGHFB,"[50.0,24.95,1261.45]",0.39,0
7577-SWIFR,"[1.0,89.25,89.25]",0.4,0
0303-WMMRN,"[5.0,19.25,86.05]",0.41,0
6408-OTUBZ,"[66.0,104.55,6779.05]",0.42,0
5204-HMGYF,"[49.0,87.2,4345.0]",0.43,0
1078-TDCRN,"[3.0,30.75,82.85]",0.44,0
3727-OVPRY,"[66.0,25.7,1714.55]",0.45,0
3797-FKOGQ,"[11.0,86.2,893.2]",0.46,0
7622-NXQZR,"[28.0,30.1,810.85]",0.47,0
6196-HBOBZ,"[65.0,99.35,6347.55]",0.48,0
3970-XGJDU,"[62.0,19.2,1123.65]",0.49,0
7017-VFULY,"[2.0,20.1,43.15]",0.5,0
5562-YJQGT,"[2.0,20.35,35.1]",0.51,1
8807-OPMBM,"[55.0,25.65,1388.0]",0.52,1
5439-WIKXB,"[41.0,94.55,3851.45]",0.53,1
9874-QLCLH,"[17.0,104.2,1743.5]",0.54,1
8294-UIMBA,"[30.0,94.4,2638.1]",0.55,1
8109-YUOHE,"[17.0,56.1,946.95]",0.56,1
5840-NVDCG,"[16.0,68.25,1114.85]",0.57,1
8092-NLTGF,"[72.0,24.75,1777.6]",0.58,1
5928-QLDHB,"[9.0,76.25,684.85]",0.59,1
9840-EFJQB,"[1.0,74.35,74.35]",0.6,1
0696-UKTOX,"[23.0,54.15,1312.45]",0.61,1
4801-KFYKL,"[8.0,19.45,159.2]",0.62,1
3472-OAOOR,"[19.0,34.95,610.2]",0.63,1
6135-OZQVA,"[7.0,53.65,404.35]",0.64,1
8062-YBDOE,"[1.0,69.65,69.65]",0.65,1
2252-JHJGE,"[61.0,104.0,6363.45]",0.66,1
4188-PCPIG,"[57.0,70.35,4124.65]",0.67,1
6000-APYLU,"[9.0,80.8,713.1]",0.68,1
7105-BENQF,"[15.0,64.85,950.75]",0.69,1
7721-DVEKZ,"[1.0,19.65,19.65]",0.7,1
3566-VVORZ,"[12.0,45.9,505.95]",0.71,1
9507-HSMMZ,"[54.0,20.0,1149.65]",0.72,1
2480-SQIOB,"[4.0,44.8,169.65]",0.73,1
0947-IDHRQ,"[7.0,80.3,526.7]",0.74,1
7813-TKCVO,"[20.0,20.35,393.15]",0.75,1
0128-MKWSG,"[26.0,45.8,1147.0]",0.76,1
3672-YITQD,"[36.0,84.1,3021.6]",0.77,1
4350-ZTLPI,"[53.0,108.95,5718.2]",0.78,1
9048-JVYVF,"[3.0,69.35,191.35]",0.79,1
0361-HJRDX,"[68.0,64.35,4539.6]",0.8,1
5727-MYATE,"[72.0,90.8,6397.6]",0.81,1
3823-KYNQY,"[12.0,24.95,280.4]",0.82,1
8988-ECPJR,"[34.0,79.6,2718.3]",0.83,1
7570-WELNY,"[68.0,84.7,5711.05]",0.84,1
3021-VLNRJ,"[50.0,70.8,3478.15]",0.85,1
3776-EKTKM,"[1.0,36.45,36.45]",0.86,1
2080-CAZNM,"[41.0,104.4,4133.95]",0.87,1
1028-FFNJK,"[30.0,101.5,2917.65]",0.88,1
6907-FLBER,"[1.0,54.3,54.3]",0.89,1
3001-UNBTL,"[29.0,103.95,2964.8]",0.9,1
5982-PSMKW,"[23.0,91.1,2198.3]",0.91,1
3507-GASNP,"[60.0,19.95,1189.9]",0.92,1
7096-ZNBZI,"[72.0,26.45,1914.5]",0.93,1
1902-XBTFB,"[22.0,89.4,2001.5]",0.94,1
1676-MQAOA,"[72.0,75.1,5336.35]",0.95,1
0786-IVLAW,"[66.0,108.1,7238.6]",0.96,1
7566-DSRLQ,"[72.0,110.15,7998.8]",0.97,1
0643-OKLRP,"[47.0,80.35,3825.85]",0.98,1
7245-JMTTQ,"[51.0,111.5,5703.25]",0.99,1
6050-IJRHS,"[70.0,106.5,7397.0]",0.0,0
6202-JVYEU,"[9.0,19.9,164.6]",0.01,0
8591-TKMZH,"[59.0,111.1,6555.2]",0.02,0
0734-OXWBT,"[3.0,70.7,225.65]",0.03,0
4282-ACRXS,"[38.0,24.85,955.75]",0.04,0
0365-TRTPY,"[37.0,91.2,3382.3]",0.05,0
7349-ALMUX,"[37.0,65.6,2313.8]",0.06,0
9381-NDKME,"[24.0,40.65,933.3]",0.07,0
6502-KUGLL,"[14.0,59.45,780.85]",0.08,0
1841-YSJGV,"[72.0,109.95,7852.4]",0.09,0
2794-XIMMO,"[53.0,60.45,3184.25]",0.1,0
8382-SHQEH,"[8.0,84.9,764.95]",0.11,0
3511-BFTJW,"[72.0,38.5,2763.0]",0.12,0
7668-XCFYV,"[17.0,92.55,1614.7]",0.13,0
2983-ZANRP,"[2.0,73.55,145.4]",0.14,0
7845-URHJN,"[8.0,20.15,156.25]",0.15,0
3034-ZBEQN,"[48.0,34.7,1604.5]",0.16,0
5018-HEKFO,"[10.0,24.5,270.15]",0.17,0
2923-ARZLG,"[0.0,19.7,0.0]",0.18,0
3976-NLDEZ,"[1.0,20.6,20.6]",0.19,0
2282-YGNOR,"[29.0,58.0,1734.5]",0.2,0
5336-UFNZP,"[65.0,107.45,7047.5]",0.21,0
6854-EXGSF,"[8.0,65.5,573.15]",0.22,0
1241-EZFMJ,"[61.0,25.45,1538.6]",0.23,0
9233-PSYHO,"[45.0,100.15,4459.8]",0.24,0
5376-PCKNB,"[72.0,104.45,7459.0]",0.25,0
8044-BGWPI,"[12.0,21.15,306.05]",0.26,0
4060-LDNLU,"[7.0,96.2,639.7]",0.27,0
3589-PPVKW,"[9.0,44.4,348.15]",0.28,0
8327-LZKAS,"[43.0,107.55,4533.9]",0.29,0
5887-IKKYO,"[58.0,94.35,5563.65]",0.3,0
1075-BGWOH,"[16.0,98.75,1587.55]",0.31,0
1755-RMCXH,"[2.0,20.3,40.25]",0.32,0
0302-JOIVN,"[8.0,101.15,842.9]",0.33,0
3858-XHYJO,"[40.0,105.75,4228.55]",0.34,0
4299-SIMNS,"[9.0,81.15,784.45]",0.35,0
7025-IWFHT,"[41.0,89.55,3729.75]",0.36,0
6261-LHRTG,"[26.0,54.75,1406.9]",0.37,0
7841-FCRQD,"[33.0,53.75,1857.3]",0.38,0
2056-EVGZL,"[68.0,105.75,7322.5]",0.39,0
8777-MBMTS,"[65.0,105.85,6725.5]",0.4,0
7753-USQYQ,"[55.0,64.2,3627.3]",0.41,0
5366-IJEQJ,"[20.0,88.7,1761.45]",0.42,0
7661-CPURM,"[19.0,87.7,1725.95]",0.43,0
6233-HXJMX,"[45.0,89.3,4192.15]",0.44,0
5902-WBLSE,"[70.0,20.15,1411.2]",0.45,0
1981-INRFU,"[2.0,79.75,164.5]",0.46,0
4971-PUYQO,"[27.0,94.55,2724.6]",0.47,0
3239-TPHPZ,"[12.0,20.05,264.55]",0.48,0
5115-GZDEL,"[72.0,67.2,4671.7]",0.49,0
3338-CVVEH,"[12.0,94.55,1173.55]",0.5,0
8485-GJCDN,"[5.0,69.05,318.5]",0.51,1
2615-YVMYX,"[71.0,107.5,7713.55]",0.52,1
2851-STERV,"[35.0,73.0,2471.25]",0.53,1
4393-GEADV,"[70.0,114.75,7842.3]",0.54,1
8486-AYEQH,"[31.0,76.05,2227.8]",0.55,1
1527-SXDPN,"[52.0,96.25,4990.25]",0.56,1
6029-WTIPC,"[37.0,101.1,3744.05]",0.57,1
8634-CILSZ,"[69.0,104.7,7220.35]",0.58,1
5419-JKZNQ,"[30.0,77.9,2351.45]",0.59,1
2495-KZNFB,"[33.0,90.65,2989.6]",0.6,1
1409-PHXTF,"[54.0,110.45,6077.75]",0.61,1
4560-WQAQW,"[59.0,68.7,4070.95]",0.62,1
9591-YVTEB,"[55.0,44.85,2479.05]",0.63,1
9309-BZGNT,"[69.0,29.8,2134.3]",0.64,1
4274-DRSQT,"[66.0,88.9,6000.1]",0.65,1
2027-DNKIV,"[37.0,58.75,2203.1]",0.66,1
8075-GXIUB,"[9.0,19.85,183.15]",0.67,1
2885-HIJDH,"[69.0,86.9,6194.1]",0.68,1
5424-RLQLC,"[10.0,59.65,638.95]",0.69,1
6682-QJDGB,"[40.0,55.25,2139.2]",0.7,1
6507-DTJZV,"[13.0,66.4,831.75]",0.71,1
8780-IXSTS,"[6.0,90.1,521.3]",0.72,1
7673-BQGKU,"[69.0,20.15,1337.5]",0.73,1
6723-WSNTY,"[66.0,108.1,7181.95]",0.74,1
9530-EHPOH,"[11.0,53.75,608.0]",0.75,1
2725-IWWBA,"[46.0,56.9,2560.1]",0.76,1
0345-HKJVM,"[6.0,89.3,577.6]",0.77,1
1061-PNTHC,"[56.0,109.6,5953.0]",0.78,1
0394-YONDK,"[70.0,25.15,1790.15]",0.79,1
6574-MCOEH,"[33.0,79.15,2531.4]",0.8,1
7399-QHBJS,"[72.0,66.75,4760.3]",0.81,1
3049-SOLAY,"[3.0,95.2,292.85]",0.82,1
0997-YTLNY,"[19.0,48.8,953.65]",0.83,1
3317-HRTNN,"[5.0,45.7,198.0]",0.84,1
9479-HYNYL,"[71.0,80.7,5705.05]",0.85,1
3235-ETOOB,"[8.0,74.5,609.9]",0.86,1
9708-KFDBY,"[1.0,20.55,20.55]",0.87,1
8058-INTPH,"[1.0,79.65,79.65]",0.88,1
3642-GKTCT,"[61.0,115.1,6993.65]",0.89,1
0774-RMNUW,"[71.0,59.7,4122.65]",0.9,1
1334-PDUKM,"[68.0,86.45,5762.95]",0.91,1
0756-MPZRL,"[46.0,33.7,1537.85]",0.92,1
2242-MFOTG,"[33.0,80.1,2603.3]",0.93,1
2927-CVULT,"[53.0,104.05,5566.4]",0.94,1
2144-BFDSO,"[50.0,108.75,5431.9]",0.95,1
8745-PVESG,"[57.0,41.1,2258.25]",0.96,1
7647-GYYKX,"[54.0,20.35,1092.35]",0.97,1
5647-FXOTP,"[60.0,105.9,6401.25]",0.98,1
5569-OUICF,"[28.0,101.3,2812.2]",0.99,1
8821-XNHVZ,"[1.0,80.05,80.05]",0.0,0
2082-OJVTK,"[29.0,89.2,2698.35]",0.01,0
9700-ISPUP,"[10.0,65.5,616.9]",0.02,0
9839-ETQOE,"[43.0,40.45,1912.85]",0.03,0
6078-VESFR,"[13.0,70.45,849.1]",0.04,0
9027-TMATR,"[43.0,78.8,3460.3]",0.05,0
5940-NFXKV,"[19.0,83.65,1465.75]",0.06,0
1941-HOSAM,"[1.0,90.1,90.1]",0.07,0
9110-HSGTV,"[69.0,82.45,5555.3]",0.08,0
0704-VCUMB,"[61.0,20.25,1278.8]",0.09,0
6171-ZTVYB,"[43.0,66.25,2907.35]",0.1,0
8053-WWDRO,"[6.0,19.5,146.3]",0.11,0
9564-KCLHR,"[1.0,51.25,51.25]",0.12,0
1935-IMVBB,"[56.0,89.7,4952.95]",0.13,0
2535-PBCGC,"[70.0,64.55,4504.9]",0.14,0
2082-CEFLT,"[1.0,45.6,45.6]",0.15,0
1470-PSXNM,"[49.0,93.65,4520.15]",0.16,0
1213-NGCUN,"[6.0,49.65,267.35]",0.17,0
2498-XLDZR,"[32.0,73.6,2316.85]",0.18,0
9866-OCCKE,"[72.0,109.75,8075.35]",0.19,0
5338-YHWYT,"[37.0,61.45,2302.35]",0.2,0
7718-UPSKJ,"[69.0,106.4,7251.9]",0.21,0
8731-WBBMB,"[26.0,81.9,2078.55]",0.22,0
1448-CYWKC,"[58.0,105.2,6225.4]",0.23,0
7901-IIDQV,"[24.0,54.6,1242.25]",0.24,0
2690-DVRVK,"[5.0,20.55,99.45]",0.25,0
5688-KZTSN,"[15.0,20.0,288.05]",0.26,0
1270-XKUCC,"[30.0,19.7,599.25]",0.27,0
0334-ZFJSR,"[55.0,66.05,3462.1]",0.28,0
2894-QOJRX,"[25.0,34.0,853.0]",0.29,0
5747-PMBSQ,"[10.0,92.5,934.1]",0.3,0
5583-EJXRD,"[44.0,54.05,2375.2]",0.31,0
4565-EVZMJ,"[47.0,58.9,2813.05]",0.32,0
3143-JQEGI,"[13.0,88.35,1222.8]",0.33,0
6386-SZZKH,"[49.0,107.95,5293.2]",0.34,0
3327-YBAKM,"[64.0,96.9,6314.35]",0.35,0
9441-QHEVC,"[1.0,19.1,19.1]",0.36,0
6705-LNMDD,"[20.0,50.0,1003.05]",0.37,0
2580-ASVVY,"[37.0,45.4,1593.1]",0.38,0
3370-GQEAL,"[30.0,85.45,2509.95]",0.39,0
5032-USPKF,"[38.0,84.1,3187.65]",0.4,0
2982-IHMFT,"[1.0,74.45,74.45]",0.41,0
3521-SYVOR,"[37.0,64.75,2345.2]",0.42,0
4254-QPEDE,"[52.0,66.25,3330.1]",0.43,0
6283-GITPX,"[71.0,76.9,5522.7]",0.44,0
9526-JAWYF,"[26.0,89.8,2335.3]",0.45,0
0771-CHWSK,"[66.0,74.6,4798.4]",0.46,0
9788-HNGUT,"[72.0,116.95,8594.4]",0.47,0
9495-REDIY,"[25.0,40.65,970.55]",0.48,0
5375-XLDOF,"[69.0,114.35,7665.8]",0.49,0
1172-VIYBP,"[53.0,69.7,3686.05]",0.5,0
5649-VUKMC,"[12.0,95.5,1115.15]",0.51,1
6559-PDZLR,"[26.0,98.65,2537.0]",0.52,1
8992-OBVDG,"[21.0,61.65,1393.6]",0.53,1
4273-MBHYA,"[1.0,89.35,89.35]",0.54,1
4724-WXVWF,"[48.0,95.4,4445.3]",0.55,1
5701-GUXDC,"[26.0,35.4,978.6]",0.56,1
1460-UZPRJ,"[60.0,19.95,1258.15]",0.57,1
6082-GLJIX,"[18.0,19.25,331.35]",0.58,1
5143-EGQFK,"[10.0,29.65,291.4]",0.59,1
4919-IKATY,"[5.0,84.5,453.75]",0.6,1
2495-TTHBQ,"[4.0,20.4,84.75]",0.61,1
0485-ZBSLN,"[65.0,24.75,1715.1]",0.62,1
3810-PJUHR,"[70.0,25.35,1715.15]",0.63,1
9050-QLROH,"[18.0,90.7,1597.25]",0.64,1
0847-HGRML,"[62.0,20.0,1250.1]",0.65,1
8232-CTLKO,"[66.0,59.75,3996.8]",0.66,1
9227-YBAXE,"[65.0,82.5,5215.1]",0.67,1
6168-WFVVF,"[3.0,70.3,235.5]",0.68,1
9860-LISIZ,"[34.0,20.35,673.2]",0.69,1
0112-QAWRZ,"[16.0,90.8,1442.2]",0.7,1
0877-SDMBN,"[54.0,103.95,5639.05]",0.71,1
2786-GCDPI,"[50.0,104.95,5222.35]",0.72,1
4043-MKDTV,"[71.0,105.25,7291.75]",0.73,1
8065-YKXKD,"[10.0,74.75,799.65]",0.74,1
9637-EIHEQ,"[1.0,50.8,50.8]",0.75,1
9229-RQABD,"[18.0,23.75,424.5]",0.76,1
8313-KTIHG,"[4.0,61.3,249.4]",0.77,1
5320-BRKGK,"[58.0,75.8,4415.75]",0.78,1
6284-KMNUF,"[56.0,98.0,5270.6]",0.79,1
9689-PTNPG,"[2.0,80.25,144.55]",0.8,1
9465-RWMXL,"[32.0,78.9,2447.95]",0.81,1
6229-UOLQL,"[56.0,52.0,2884.9]",0.82,1
2362-IBOOY,"[36.0,84.75,3050.15]",0.83,1
3137-LUPIX,"[4.0,64.4,253.0]",0.84,1
0843-WTBXE,"[53.0,85.45,4517.25]",0.85,1
6143-JQKEA,"[10.0,45.8,436.2]",0.86,1
8676-OOQEJ,"[4.0,30.5,118.4]",0.87,1
5515-IDEJJ,"[1.0,19.9,19.9]",0.88,1
9701-CDXHR,"[51.0,69.15,3649.6]",0.89,1
7450-NWRTR,"[12.0,99.45,1200.15]",0.9,1
8124-NZVGJ,"[6.0,49.25,255.6]",0.91,1
2162-FRZAA,"[63.0,39.35,2395.05]",0.92,1
5376-DEQCP,"[1.0,70.6,70.6]",0.93,1
5118-MUEYH,"[48.0,105.1,5083.55]",0.94,1
9095-HFAFX,"[5.0,81.0,389.6]",0.95,1
5627-TVBPP,"[35.0,20.1,644.5]",0.96,1
2379-ENZGV,"[6.0,84.85,523.5]",0.97,1
3936-QQFLL,"[2.0,19.75,39.3]",0.98,1
2589-AYCRP,"[50.0,19.75,989.05]",0.99,1
4067-HLYQI,"[33.0,70.4,2406.1]",0.0,0
5124-EOGYE,"[31.0,20.45,638.55]",0.01,0
5057-RKGLH,"[9.0,20.35,191.1]",0.02,0
0292-WEGCH,"[54.0,86.2,4524.05]",0.03,0
8910-ICHIU,"[46.0,95.65,4664.2]",0.04,0
4097-YODCF,"[34.0,103.8,3470.8]",0.05,0
9715-WZCLW,"[71.0,97.2,6910.3]",0.06,0
9786-YWNHU,"[63.0,63.55,4014.2]",0.07,0
6407-GSJNL,"[51.0,24.95,1288.0]",0.08,0
6005-OBZPH,"[26.0,89.15,2277.65]",0.09,0
4049-ZPALD,"[64.0,99.0,6375.8]",0.1,0
7932-WPTDS,"[1.0,24.8,24.8]",0.11,0
3733-UOCWF,"[61.0,85.55,5251.75]",0.12,0
6833-JMZYP,"[15.0,94.0,1505.45]",0.13,0
2722-VOJQL,"[64.0,105.65,6903.1]",0.14,0
1310-QRITU,"[18.0,50.3,913.3]",0.15,0
8961-QDZZJ,"[57.0,95.0,5535.8]",0.16,0
9715-SBVSU,"[14.0,61.4,815.55]",0.17,0
8490-BXHEO,"[18.0,80.55,1411.65]",0.18,0
7173-TETGO,"[72.0,78.5,5602.25]",0.19,0
7929-SKFGK,"[70.0,114.3,8244.3]",0.2,0
2300-RQGOI,"[38.0,20.05,741.5]",0.21,0
3563-SVYLG,"[68.0,62.65,4375.8]",0.22,0
5228-EXCET,"[13.0,80.85,1008.7]",0.23,0
6435-VWCCY,"[65.0,92.7,5968.4]",0.24,0
4998-IKFSE,"[30.0,100.45,3096.9]",0.25,0
8630-QSGXK,"[51.0,75.2,3901.25]",0.26,0
2455-USLMV,"[31.0,84.75,2613.4]",0.27,0
7394-FKDNK,"[9.0,89.45,853.1]",0.28,0
9488-FVZCC,"[72.0,79.5,5661.7]",0.29,0
6331-LWDTQ,"[10.0,72.15,794.25]",0.3,0
5995-WWKKG,"[37.0,19.8,695.05]",0.31,0
1597-FZREH,"[2.0,76.4,160.8]",0.32,0
7879-CGSFV,"[55.0,100.9,5552.05]",0.33,0
9921-EZKBY,"[33.0,95.3,3275.15]",0.34,0
7432-FFVAR,"[46.0,90.95,4236.6]",0.35,0
7246-ZGQDF,"[1.0,54.5,54.5]",0.36,0
7000-WCEVQ,"[20.0,61.6,1174.35]",0.37,0
0727-IWKVK,"[9.0,79.9,741.7]",0.38,0
5959-BELXA,"[32.0,96.15,3019.25]",0.39,0
4456-RHSNB,"[19.0,49.6,962.9]",0.4,0
3512-IZIKN,"[70.0,65.3,4759.75]",0.41,0
2481-SBOYW,"[61.0,25.0,1498.35]",0.42,0
7109-MFBYV,"[26.0,45.45,1233.15]",0.43,0
1833-TCXKK,"[45.0,107.75,4882.8]",0.44,0
1832-PEUTS,"[62.0,89.1,5411.65]",0.45,0
6141-OOXUQ,"[1.0,19.65,19.65]",0.46,0
8660-BUETV,"[3.0,44.75,148.05]",0.47,0
0580-PIQHM,"[41.0,101.6,3930.55]",0.48,0
5696-CEIQJ,"[67.0,103.15,6895.5]",0.49,0
7503-ZGUZJ,"[1.0,84.65,84.65]",0.5,0
1696-HXOWK,"[71.0,95.65,6856.95]",0.51,1
3026-ATZYV,"[37.0,75.1,2658.8]",0.52,1
4012-YCFAI,"[60.0,61.35,3766.2]",0.53,1
2506-TNFCO,"[1.0,69.55,69.55]",0.54,1
9970-QBCDA,"[6.0,19.7,129.55]",0.55,1
8718-PTMEZ,"[13.0,31.05,347.25]",0.56,1
9496-IVVRP,"[11.0,51.0,581.7]",0.57,1
2207-OBZNX,"[7.0,51.0,354.05]",0.58,1
2657-VPXTA,"[10.0,88.85,929.45]",0.59,1
6551-VLJMV,"[34.0,20.05,679.0]",0.6,1
1221-GHZEP,"[62.0,65.1,3846.75]",0.61,1
9289-LBQVU,"[64.0,70.15,4480.7]",0.62,1
6142-VSJQO,"[1.0,44.35,44.35]",0.63,1
3458-IDMFK,"[25.0,20.75,499.4]",0.64,1
6933-FHBZC,"[26.0,56.05,1553.2]",0.65,1
0221-NAUXK,"[10.0,19.95,219.5]",0.66,1
9770-KXGQU,"[53.0,98.6,5311.85]",0.67,1
6437-UKHMV,"[7.0,79.7,586.05]",0.68,1
6538-POCHL,"[33.0,79.0,2576.8]",0.69,1
6726-NNFWD,"[71.0,89.45,6435.25]",0.7,1
3002-WQZWT,"[29.0,74.2,1993.25]",0.71,1
4277-UDIEF,"[24.0,81.0,1923.85]",0.72,1
1208-NBVFH,"[20.0,49.6,939.8]",0.73,1
4912-PIGUY,"[1.0,84.6,84.6]",0.74,1
1114-CENIM,"[54.0,55.0,3092.65]",0.75,1
6060-DRTNL,"[5.0,84.85,415.55]",0.76,1
2725-TTRIQ,"[72.0,84.2,5986.55]",0.77,1
3374-TTZTK,"[52.0,106.3,5487.0]",0.78,1
8990-ZXLSU,"[9.0,69.05,651.5]",0.79,1
2275-RBYQS,"[1.0,45.4,45.4]",0.8,1
8473-VUVJN,"[1.0,73.65,73.65]",0.81,1
6289-CPNLD,"[33.0,73.9,2405.05]",0.82,1
5536-SLHPM,"[55.0,77.75,4458.15]",0.83,1
4419-UJMUS,"[69.0,99.35,6856.45]",0.84,1
7794-JASDG,"[1.0,50.75,50.75]",0.85,1
7609-YBPXG,"[54.0,87.1,4735.2]",0.86,1
5519-TEEUH,"[33.0,20.15,682.15]",0.87,1
7856-GANIL,"[45.0,98.7,4525.8]",0.88,1
0804-XBFBV,"[11.0,25.2,321.05]",0.89,1
2676-OXPPQ,"[6.0,55.7,335.65]",0.9,1
3703-TTEPD,"[21.0,65.35,1424.4]",0.91,1
2799-TSLAG,"[65.0,25.3,1748.55]",0.92,1
0196-VULGZ,"[6.0,84.35,474.9]",0.93,1
8837-VVWLQ,"[8.0,84.95,668.4]",0.94,1
2696-NARTR,"[11.0,73.85,926.25]",0.95,1
2208-NKVVH,"[43.0,24.25,1077.95]",0.96,1
7614-QVWQL,"[49.0,51.8,2541.25]",0.97,1
1976-CFOCS,"[1.0,46.0,46.0]",0.98,1
4631-OACRM,"[15.0,79.4,1156.1]",0.99,1
7139-JZFVG,"[60.0,60.5,3694.45]",0.0,0
4987-GQWPO,"[17.0,25.1,382.8]",0.01,0
3755-JBMNH,"[16.0,71.8,1167.8]",0.02,0
1757-TCATG,"[35.0,20.05,746.75]",0.03,0
6345-ULYRW,"[44.0,88.4,3912.9]",0.04,0
4776-XSKYQ,"[12.0,30.25,368.85]",0.05,0
8048-DSDFQ,"[1.0,20.2,20.2]",0.06,0
5753-QQWPW,"[28.0,59.9,1654.7]",0.07,0
6010-DDPPW,"[70.0,25.15,1940.85]",0.08,0
1809-DMJHQ,"[5.0,46.0,221.7]",0.09,0
6693-FRIRW,"[18.0,101.3,1794.65]",0.1,0
6586-MYGKD,"[70.0,76.95,5289.8]",0.11,0
3173-NVMPX,"[9.0,55.3,501.2]",0.12,0
0248-PGHBZ,"[67.0,92.45,6140.85]",0.13,0
0623-GDISB,"[1.0,48.45,48.45]",0.14,0
2892-GESUL,"[18.0,19.35,309.25]",0.15,0
6923-EFPNL,"[4.0,51.75,201.1]",0.16,0
7472-EQOAV,"[71.0,86.7,6179.35]",0.17,0
9574-RKJIF,"[30.0,94.4,2838.7]",0.18,0
2043-WVTQJ,"[1.0,55.7,55.7]",0.19,0
8034-RYTVV,"[55.0,84.25,4589.85]",0.2,0
3863-QSTYI,"[59.0,64.65,3735.45]",0.21,0
2619-WFQWU,"[1.0,70.15,70.15]",0.22,0
5044-LRQAQ,"[7.0,69.2,477.55]",0.23,0
1716-LSAMB,"[45.0,54.65,2553.7]",0.24,0
1333-PBMXB,"[54.0,24.75,1342.15]",0.25,0
6546-OPBBH,"[51.0,23.95,1216.35]",0.26,0
5985-BEHZK,"[72.0,105.0,7578.05]",0.27,0
9127-QRZMH,"[44.0,59.85,2603.95]",0.28,0
5919-VCZYM,"[2.0,20.05,42.7]",0.29,0
9644-KVCNC,"[66.0,92.15,6056.9]",0.3,0
2137-DQMEV,"[68.0,44.8,2983.65]",0.31,0
8174-LNWMW,"[31.0,20.9,689.35]",0.32,0
9279-CJEOJ,"[21.0,95.4,2025.1]",0.33,0
7964-VEXDG,"[21.0,80.35,1747.2]",0.34,0
2404-JIBFC,"[55.0,85.1,4657.95]",0.35,0
0778-NELLA,"[9.0,34.7,296.1]",0.36,0
8029-XYPWT,"[71.0,115.05,8016.6]",0.37,0
4614-NUVZD,"[1.0,81.1,81.1]",0.38,0
4632-PAOYU,"[22.0,19.95,433.5]",0.39,0
3803-KMQFW,"[1.0,20.55,20.55]",0.4,0
6804-GDMOI,"[61.0,106.6,6428.4]",0.41,0
2990-OGYTD,"[67.0,86.15,5883.85]",0.42,0
6646-JPPHA,"[14.0,78.85,1043.8]",0.43,0
9572-MTILT,"[59.0,106.75,6252.9]",0.44,0
7658-UYUQS,"[21.0,86.55,1857.25]",0.45,0
7880-XSOJX,"[4.0,42.4,146.4]",0.46,0
9611-CTWIH,"[3.0,89.45,240.45]",0.47,0
4589-IUAJB,"[70.0,24.25,1724.15]",0.48,0
0329-GTIAJ,"[3.0,97.9,315.3]",0.49,0
8746-BFOAJ,"[21.0,20.5,429.55]",0.5,0
8457-XIGKN,"[20.0,19.6,356.15]",0.51,1
6072-NUQCB,"[22.0,20.25,488.25]",0.52,1
6629-CZTTH,"[1.0,55.7,55.7]",0.53,1
8838-GPHZP,"[63.0,20.6,1298.7]",0.54,1
8750-QWZAJ,"[70.0,19.8,1378.75]",0.55,1
5364-EVNIB,"[13.0,79.8,973.45]",0.56,1
6918-UMQCG,"[5.0,80.2,384.25]",0.57,1
0675-NCDYU,"[72.0,116.4,8543.25]",0.58,1
6339-DKLMK,"[13.0,31.65,389.95]",0.59,1
1346-PJWTK,"[61.0,94.15,5731.85]",0.6,1
5088-QZLRL,"[1.0,20.65,20.65]",0.61,1
8023-QHAIO,"[56.0,76.85,4275.75]",0.62,1
4397-FRLTA,"[4.0,20.15,84.5]",0.63,1
3057-VJJQE,"[35.0,55.25,1924.1]",0.64,1
5087-SUURX,"[18.0,39.05,669.85]",0.65,1
2302-OUZXB,"[72.0,82.15,5784.3]",0.66,1
8133-ANHHJ,"[49.0,103.0,5166.2]",0.67,1
2270-CHBFN,"[44.0,95.1,4060.55]",0.68,1
0013-EXCHZ,"[3.0,83.9,267.4]",0.69,1
5982-FPVQN,"[37.0,95.15,3532.85]",0.7,1
9107-UKCKY,"[61.0,79.8,4914.8]",0.71,1
4654-ULTTN,"[70.0,74.8,5315.8]",0.72,1
5550-VFRLC,"[1.0,69.85,69.85]",0.73,1
5546-BYZSM,"[41.0,20.45,775.6]",0.74,1
1492-KGETH,"[70.0,78.35,5445.95]",0.75,1
4929-BSTRX,"[1.0,53.55,53.55]",0.76,1
4163-HFTUK,"[51.0,19.1,1007.8]",0.77,1
8215-NGSPE,"[42.0,20.0,833.55]",0.78,1
2225-ZRGSG,"[70.0,93.9,6579.05]",0.79,1
8859-YSTWS,"[48.0,19.95,1004.5]",0.8,1
5271-YNWVR,"[68.0,113.15,7856.0]",0.81,1
7601-DHFWZ,"[48.0,24.0,1183.05]",0.82,1
2657-ALMWY,"[26.0,84.95,2169.75]",0.83,1
6330-JKLPC,"[11.0,80.5,896.9]",0.84,1
4667-OHGKG,"[1.0,19.3,19.3]",0.85,1
1998-VHJHK,"[27.0,19.15,501.35]",0.86,1
1707-HABPF,"[46.0,91.3,4126.35]",0.87,1
1660-HSOOQ,"[1.0,49.65,49.65]",0.88,1
7253-UVNDW,"[46.0,54.35,2460.15]",0.89,1
0487-VVUVK,"[25.0,19.15,477.6]",0.9,1
7228-OMTPN,"[4.0,88.45,370.65]",0.91,1
5063-IUOKK,"[13.0,19.75,265.75]",0.92,1
4508-OEBEY,"[31.0,75.5,2424.45]",0.93,1
0027-KWYKW,"[23.0,83.75,1849.95]",0.94,1
2308-STERM,"[2.0,19.4,61.05]",0.95,1
5982-XMDEX,"[65.0,26.5,1698.55]",0.96,1
6284-AHOOQ,"[22.0,90.5,1910.6]",0.97,1
6051-PTVNS,"[55.0,19.15,998.1]",0.98,1
2344-JMOGN,"[9.0,94.85,890.6]",0.99,1
3799-ISUZQ,"[7.0,69.95,529.5]",0.0,0
2877-VDUER,"[35.0,40.9,1383.6]",0.01,0
9152-AMKAK,"[6.0,80.25,493.4]",0.02,0
1794-HBQTJ,"[1.0,48.6,48.6]",0.03,0
9432-VOFYX,"[17.0,70.8,1207.0]",0.04,0
8049-WJCLQ,"[10.0,60.2,563.5]",0.05,0
6586-PSJOX,"[15.0,55.2,864.55]",0.06,0
2460-FPSYH,"[40.0,55.8,2109.35]",0.07,0
9705-ZJBCG,"[13.0,54.15,701.05]",0.08,0
4818-DRBQT,"[29.0,80.15,2265.25]",0.09,0
1320-HTRDR,"[3.0,75.5,220.6]",0.1,0
6847-KJLTS,"[58.0,100.4,5749.8]",0.11,0
9670-BPNXF,"[45.0,62.55,2796.45]",0.12,0
3913-FCUUW,"[72.0,70.45,5165.7]",0.13,0
3301-VKTGC,"[68.0,85.5,5696.6]",0.14,0
1493-AMTIE,"[1.0,20.2,20.2]",0.15,0
9555-SAHUZ,"[38.0,54.5,2076.05]",0.16,0
0816-TSPHQ,"[2.0,20.75,44.2]",0.17,0
9932-WBWIK,"[11.0,20.35,215.25]",0.18,0
4619-EVPHY,"[20.0,91.0,1859.5]",0.19,0
5286-YHCVC,"[72.0,104.8,7470.1]",0.2,0
6424-ELEYH,"[3.0,74.75,229.5]",0.21,0
4391-RESHN,"[23.0,104.05,2470.1]",0.22,0
9115-YQHGA,"[40.0,51.1,2092.9]",0.23,0
4462-CYWMH,"[62.0,89.8,5629.55]",0.24,0
8963-MQVYN,"[22.0,20.55,469.85]",0.25,0
2458-EOMRE,"[11.0,64.05,733.95]",0.26,0
9334-GWGOW,"[7.0,74.85,485.25]",0.27,0
6821-BUXUX,"[13.0,96.65,1244.5]",0.28,0
5028-HTLJB,"[1.0,20.05,20.05]",0.29,0
9801-GDWGV,"[39.0,103.45,3994.45]",0.3,0
6542-LWGXJ,"[3.0,25.0,78.25]",0.31,0
5567-GZKQY,"[58.0,20.3,1131.5]",0.32,0
1222-LRYKO,"[6.0,26.35,184.05]",0.33,0
2320-JRSDE,"[1.0,19.9,19.9]",0.34,0
2087-QAREY,"[22.0,54.7,1178.75]",0.35,0
0601-WZHJF,"[14.0,46.35,667.7]",0.36,0
4423-JWZJN,"[64.0,90.25,5629.15]",0.37,0
5143-WMWOG,"[1.0,19.95,19.95]",0.38,0
6490-FGZAT,"[6.0,20.65,109.3]",0.39,0
5393-RXQSZ,"[1.0,79.6,79.6]",0.4,0
7452-FOLON,"[39.0,25.45,958.45]",0.41,0
2320-TZRRH,"[20.0,19.5,403.15]",0.42,0
0231-LXVAP,"[1.0,75.9,75.9]",0.43,0
9444-JTXHZ,"[1.0,76.2,76.2]",0.44,0
4942-VZZOM,"[64.0,66.15,4392.5]",0.45,0
5510-BOIUJ,"[1.0,19.25,19.25]",0.46,0
7502-BNYGS,"[46.0,69.1,3168.0]",0.47,0
4291-HYEBC,"[28.0,39.1,1096.6]",0.48,0
6147-CBCRA,"[33.0,20.05,669.45]",0.49,0
6047-SUHPR,"[39.0,59.8,2343.85]",0.5,0
4471-KXAUH,"[42.0,84.3,3588.4]",0.51,1
9752-ZNQUT,"[1.0,48.6,48.6]",0.52,1
7638-QVMVY,"[7.0,79.0,522.95]",0.53,1
1576-PFZIW,"[70.0,105.35,7511.9]",0.54,1
5666-MBJPT,"[65.0,25.1,1725.0]",0.55,1
7312-XSBAT,"[1.0,49.75,49.75]",0.56,1
3096-GKWEB,"[18.0,94.75,1691.9]",0.57,1
2371-JQHZZ,"[24.0,93.0,2248.05]",0.58,1
0674-GCDXG,"[63.0,71.9,4479.2]",0.59,1
1121-QSIVB,"[44.0,77.55,3471.1]",0.6,1
4396-KLSEH,"[4.0,19.85,63.0]",0.61,1
3244-DCJWY,"[1.0,70.25,70.25]",0.62,1
2824-MYYBN,"[37.0,95.25,3314.15]",0.63,1
0875-CABNR,"[10.0,84.6,865.55]",0.64,1
6345-HOVES,"[34.0,25.05,852.7]",0.65,1
8318-LCNBW,"[35.0,53.15,1930.9]",0.66,1
6469-QJKZW,"[4.0,20.15,91.4]",0.67,1
0147-ESWWR,"[39.0,101.25,3949.15]",0.68,1
1217-VASWC,"[43.0,100.55,4304.0]",0.69,1
7812-FZHPE,"[17.0,24.1,409.9]",0.7,1
6370-ZVHDV,"[61.0,25.3,1554.9]",0.71,1
5915-DGNVC,"[49.0,71.8,3472.05]",0.72,1
6260-XLACS,"[4.0,19.7,117.8]",0.73,1
3566-CAAYU,"[64.0,49.85,3210.35]",0.74,1
4983-CCWMC,"[3.0,69.6,207.4]",0.75,1
9103-CXVOK,"[1.0,19.75,19.75]",0.76,1
2896-TBNBE,"[40.0,80.8,3132.75]",0.77,1
4797-AXPXK,"[1.0,60.0,60.0]",0.78,1
5229-PRWKT,"[8.0,86.55,649.65]",0.79,1
6982-UQZLY,"[1.0,20.85,20.85]",0.8,1
2522-WLNSF,"[34.0,64.2,2106.3]",0.81,1
3841-CONLJ,"[1.0,35.0,35.0]",0.82,1
5057-LCOUI,"[39.0,50.75,2011.4]",0.83,1
0193-ESZXP,"[58.0,105.5,6205.5]",0.84,1
4475-NVTLU,"[45.0,19.2,903.7]",0.85,1
4369-HTUIF,"[6.0,85.15,503.6]",0.86,1
9386-LDCZR,"[43.0,90.65,3882.3]",0.87,1
9585-KKMFD,"[41.0,20.0,879.8]",0.88,1
5399-ZIMKF,"[5.0,74.65,383.65]",0.89,1
0336-KXKFK,"[72.0,61.2,4390.25]",0.9,1
5619-XZZKR,"[4.0,19.95,68.2]",0.91,1
3948-FVVRP,"[9.0,54.8,452.8]",0.92,1
5327-XOKKY,"[72.0,73.45,5329.0]",0.93,1
0983-TATYJ,"[33.0,51.45,1758.9]",0.94,1
1813-JYWTO,"[72.0,80.45,5737.6]",0.95,1
0156-FVPTA,"[22.0,54.2,1152.7]",0.96,1
1984-FCOWB,"[70.0,109.5,7674.55]",0.97,1
0654-HMSHN,"[21.0,104.4,2157.95]",0.98,1
6719-OXYBR,"[15.0,85.3,1219.85]",0.99,1
3312-ZWLGF,"[29.0,79.3,2414.55]",0.0,0
6476-YHMGA,"[15.0,76.5,1155.6]",0.01,0
5287-QWLKY,"[71.0,105.1,7548.1]",0.02,0
0795-XCCTE,"[72.0,25.4,1809.35]",0.03,0
0168-XZKBB,"[19.0,86.85,1564.4]",0.04,0
3785-NRHYR,"[1.0,19.65,19.65]",0.05,0
5196-SGOAK,"[1.0,75.7,75.7]",0.06,0
4537-DKTAL,"[2.0,45.55,84.4]",0.07,0
7072-MBHEV,"[11.0,78.1,864.85]",0.08,0
5602-BVFMK,"[12.0,19.3,228.75]",0.09,0
6297-NOOPG,"[70.0,110.5,7752.05]",0.1,0
1891-UAWWU,"[20.0,90.8,1951.0]",0.11,0
8204-TIFGJ,"[23.0,20.3,470.6]",0.12,0
8050-DVOJX,"[49.0,81.35,4060.9]",0.13,0
6108-OQZDQ,"[4.0,97.95,384.5]",0.14,0
0363-QJVFX,"[32.0,108.15,3432.9]",0.15,0
8903-XEBGX,"[2.0,55.3,108.65]",0.16,0
8169-SAEJD,"[69.0,56.55,3952.65]",0.17,0
9840-DVNDC,"[6.0,80.5,463.05]",0.18,0
1089-XZWHH,"[24.0,19.7,494.05]",0.19,0
2325-WINES,"[32.0,104.05,3416.85]",0.2,0
6064-ZATLR,"[27.0,52.85,1498.65]",0.21,0
3096-JRDSO,"[27.0,104.3,2867.75]",0.22,0
7824-PANSQ,"[58.0,80.65,4807.35]",0.23,0
8042-JVNFH,"[1.0,71.35,71.35]",0.24,0
9648-BCHKM,"[18.0,24.65,471.35]",0.25,0
2888-ADFAO,"[47.0,21.3,1041.8]",0.26,0
8707-HOEDG,"[70.0,110.2,7689.8]",0.27,0
3374-LXDEV,"[13.0,89.4,1132.35]",0.28,0
4072-IPYLT,"[36.0,51.05,1815.0]",0.29,0
7167-PCEYD,"[67.0,19.8,1311.3]",0.3,0
4936-YPJNK,"[10.0,19.9,199.45]",0.31,0
1580-BMCMR,"[19.0,87.3,1637.3]",0.32,0
4817-KEQSP,"[71.0,19.85,1326.35]",0.33,0
6408-WHTEF,"[72.0,89.4,6376.55]",0.34,0
9251-AWQGT,"[48.0,20.0,935.9]",0.35,0
8749-CLJXC,"[1.0,20.05,20.05]",0.36,0
7989-VCQOH,"[18.0,83.25,1611.15]",0.37,0
5049-GLYVG,"[1.0,20.6,20.6]",0.38,0
4199-QHJNM,"[67.0,102.9,6989.7]",0.39,0
8882-TLVRW,"[69.0,39.1,2779.5]",0.4,0
5883-GTGVD,"[19.0,99.95,1931.75]",0.41,0
5135-GRQJV,"[72.0,114.5,8331.95]",0.42,0
2384-OVPSA,"[38.0,20.2,735.9]",0.43,0
1371-WEPDS,"[40.0,55.8,2283.3]",0.44,0
3580-GICBM,"[61.0,24.2,1445.2]",0.45,0
4817-QRJSX,"[10.0,81.0,818.05]",0.46,0
9730-DRTMJ,"[32.0,72.8,2333.05]",0.47,0
4686-UXDML,"[21.0,99.85,1992.55]",0.48,0
3349-ANQNH,"[59.0,99.5,5890.0]",0.49,0
2398-YPMUR,"[13.0,70.15,916.75]",0.5,0
0932-YIXYU,"[47.0,20.25,1029.8]",0.51,1
7480-SPLEF,"[69.0,26.0,1796.55]",0.52,1
7636-XUHWW,"[2.0,19.9,33.7]",0.53,1
1431-CYWMH,"[22.0,19.05,454.05]",0.54,1
5937-EORGB,"[15.0,96.5,1392.25]",0.55,1
6349-JDHQP,"[53.0,19.85,1049.6]",0.56,1
5539-HIVAK,"[28.0,25.7,734.6]",0.57,1
5847-MXBEO,"[22.0,20.3,475.1]",0.58,1
9985-MWVIX,"[1.0,70.15,70.15]",0.59,1
4583-PARNH,"[16.0,91.55,1540.05]",0.6,1
1116-FRYVH,"[48.0,39.4,1978.65]",0.61,1
1421-HCERK,"[30.0,105.7,3181.8]",0.62,1
9633-XQABV,"[3.0,70.25,229.7]",0.63,1
0716-BQNDX,"[57.0,93.75,5625.55]",0.64,1
1265-XTECC,"[68.0,96.55,6581.9]",0.65,1
1183-CANVH,"[23.0,60.0,1347.15]",0.66,1
1972-XMUWV,"[65.0,59.8,3808.2]",0.67,1
8679-LZBMD,"[44.0,90.65,3974.15]",0.68,1
3407-JMJQQ,"[71.0,109.0,7661.8]",0.69,1
6252-DFGTK,"[37.0,68.1,2479.25]",0.7,1
1539-LNKHM,"[12.0,20.4,266.6]",0.71,1
8645-KOMJQ,"[69.0,81.95,5601.4]",0.72,1
0289-IVARM,"[35.0,60.55,1982.6]",0.73,1
9761-XUJWD,"[5.0,65.6,339.9]",0.74,1
4057-FKCZK,"[58.0,82.5,4828.05]",0.75,1
4291-TPNFG,"[72.0,82.3,5980.55]",0.76,1
6087-YPWHO,"[72.0,68.15,4808.7]",0.77,1
3090-QFUVD,"[1.0,20.3,20.3]",0.78,1
2237-ZFSMY,"[39.0,95.55,3692.85]",0.79,1
1722-LDZJS,"[53.0,20.2,1068.15]",0.8,1
1818-ESQMW,"[27.0,89.2,2383.6]",0.81,1
4871-JTKJF,"[1.0,69.65,69.65]",0.82,1
1415-YFWLT,"[1.0,89.3,89.3]",0.83,1
7401-RUBNK,"[18.0,74.8,1438.05]",0.84,1
0506-YLVKJ,"[46.0,20.2,917.45]",0.85,1
8661-BOYNW,"[72.0,84.4,6096.45]",0.86,1
6711-VTNRE,"[36.0,87.55,3078.1]",0.87,1
4815-GBTCD,"[4.0,25.15,99.95]",0.88,1
2805-AUFQN,"[25.0,19.8,475.2]",0.89,1
0980-PVMRC,"[40.0,50.85,2036.55]",0.9,1
7233-DRTRF,"[63.0,102.4,6444.05]",0.91,1
3500-RMZLT,"[15.0,96.3,1426.75]",0.92,1
3873-NFTGI,"[14.0,55.5,767.55]",0.93,1
1162-ECVII,"[72.0,109.75,7932.5]",0.94,1
7048-GXDAY,"[39.0,106.4,4040.65]",0.95,1
8571-ZCMCX,"[47.0,60.0,2768.65]",0.96,1
1169-WCVAK,"[19.0,88.8,1672.35]",0.97,1
4548-SDBKE,"[5.0,85.2,474.8]",0.98,1
8066-POXGX,"[13.0,35.1,446.1]",0.99,1
7129-CAKJW,"[17.0,80.05,1345.65]",0.0,0
8695-ARGXZ,"[34.0,75.55,2425.4]",0.01,0
3570-YUEKJ,"[42.0,49.55,2077.95]",0.02,0
4143-OOBWZ,"[5.0,81.3,416.3]",0.03,0
1555-HAPSU,"[71.0,23.9,1663.5]",0.04,0
1697-NVVGY,"[19.0,66.4,1286.05]",0.05,0
7854-EKTJL,"[2.0,19.6,35.85]",0.06,0
8464-EETCQ,"[57.0,18.8,1094.35]",0.07,0
2419-FSORS,"[72.0,108.4,7719.5]",0.08,0
8132-YPVBX,"[6.0,85.95,514.6]",0.09,0
9102-IAYHT,"[17.0,85.45,1451.6]",0.1,0
6754-LZUKA,"[61.0,80.9,4932.5]",0.11,0
3422-LYEPQ,"[1.0,71.0,71.0]",0.12,0
8099-MZPUJ,"[48.0,111.8,5443.65]",0.13,0
0787-LHDYT,"[16.0,20.6,330.25]",0.14,0
2642-DTVCO,"[9.0,85.05,746.5]",0.15,0
0374-IOEGQ,"[3.0,44.6,122.7]",0.16,0
4361-JEIVL,"[1.0,44.4,44.4]",0.17,0
3197-NNYNB,"[65.0,105.1,6631.85]",0.18,0
3396-DKDEL,"[70.0,115.15,8250.0]",0.19,0
1752-OZXFY,"[60.0,59.8,3561.15]",0.2,0
9066-QRSDU,"[69.0,26.3,1763.55]",0.21,0
9112-WSNPU,"[35.0,70.55,2419.0]",0.22,0
9867-NNXLC,"[22.0,20.05,470.2]",0.23,0
5321-NTRKC,"[66.0,79.85,5234.95]",0.24,0
1363-TXLSL,"[1.0,70.3,70.3]",0.25,0
9507-EXLTT,"[1.0,79.35,79.35]",0.26,0
3161-GETRM,"[34.0,90.05,3097.0]",0.27,0
0402-OAMEN,"[72.0,24.45,1709.1]",0.28,0
6933-VLYFX,"[31.0,59.95,1848.8]",0.29,0
6754-WKSHP,"[30.0,25.35,723.3]",0.3,0
9846-GKXAS,"[9.0,90.8,809.75]",0.31,0
6017-PPLPX,"[20.0,70.45,1470.95]",0.32,0
4976-LNFVV,"[19.0,34.3,577.15]",0.33,0
5055-MGMGF,"[65.0,105.05,6914.95]",0.34,0
4641-FROLU,"[30.0,19.3,602.9]",0.35,0
2862-JVEOY,"[6.0,19.15,124.4]",0.36,0
2969-QWUBZ,"[2.0,51.4,96.8]",0.37,0
9822-BIIGN,"[53.0,71.85,3827.9]",0.38,0
2077-MPJQO,"[7.0,75.4,533.05]",0.39,0
1534-OULXE,"[61.0,49.7,2961.4]",0.4,0
7136-RVDTZ,"[70.0,45.25,3264.45]",0.41,0
2971-SGAFL,"[13.0,78.75,995.35]",0.42,0
1480-IVEVR,"[35.0,81.6,2815.25]",0.43,0
2905-KFQUV,"[2.0,70.4,154.8]",0.44,0
4581-SSPWD,"[3.0,75.8,246.3]",0.45,0
3370-HXOPH,"[3.0,76.1,257.6]",0.46,0
9391-YZEJW,"[62.0,94.0,5757.2]",0.47,0
9958-MEKUC,"[72.0,103.95,7517.7]",0.48,0
0281-CNTZX,"[63.0,19.95,1234.8]",0.49,0
6927-WTFIV,"[20.0,71.3,1389.2]",0.5,0
4118-CEVPF,"[35.0,110.8,3836.3]",0.51,1
3398-ZOUAA,"[21.0,69.1,1474.75]",0.52,1
9114-VEPUF,"[62.0,96.1,6001.45]",0.53,1
7876-BEUTG,"[15.0,48.8,720.1]",0.54,1
2338-BQEZT,"[55.0,50.55,2832.75]",0.55,1
9873-MNDKV,"[11.0,44.65,472.25]",0.56,1
0378-NHQXU,"[17.0,88.25,1460.65]",0.57,1
8241-JUIQO,"[61.0,19.45,1336.35]",0.58,1
2194-IIQOF,"[71.0,89.3,6388.65]",0.59,1
4512-ZUIYL,"[2.0,70.0,153.05]",0.6,1
9631-RXVJM,"[35.0,19.25,677.9]",0.61,1
9584-EXCDZ,"[17.0,70.5,1165.6]",0.62,1
7969-AULMZ,"[21.0,97.35,2119.5]",0.63,1
5093-FEGLU,"[47.0,19.65,921.55]",0.64,1
2621-UDNLU,"[3.0,20.85,72.0]",0.65,1
7526-IVLYU,"[3.0,19.65,68.35]",0.66,1
2428-HYUNX,"[44.0,19.35,847.25]",0.67,1
9214-EKVXR,"[1.0,44.0,44.0]",0.68,1
3410-MHHUM,"[44.0,94.4,4295.35]",0.69,1
0568-ONFPC,"[5.0,25.9,135.0]",0.7,1
0733-VUNUW,"[24.0,55.65,1400.55]",0.71,1
4550-EVXNY,"[1.0,69.65,69.65]",0.72,1
2122-YWVYA,"[18.0,75.4,1380.4]",0.73,1
2968-SSGAA,"[10.0,100.6,1060.2]",0.74,1
2296-DKZFP,"[65.0,71.0,4386.2]",0.75,1
4844-JJWUY,"[1.0,86.0,86.0]",0.76,1
6777-TGHTM,"[53.0,106.95,5785.5]",0.77,1
8909-BOLNL,"[3.0,21.2,52.05]",0.78,1
6603-YRDCJ,"[33.0,61.05,2018.4]",0.79,1
3538-WZPHD,"[3.0,29.6,79.45]",0.8,1
3229-USWAR,"[34.0,79.95,2727.3]",0.81,1
2138-VFAPZ,"[14.0,19.7,263.65]",0.82,1
6131-JLWZM,"[13.0,20.3,275.4]",0.83,1
4785-QRJHC,"[46.0,59.9,2816.65]",0.84,1
0269-XFESX,"[23.0,24.35,538.5]",0.85,1
1709-EJDOX,"[47.0,19.75,948.9]",0.86,1
4316-XCSLJ,"[17.0,50.3,846.8]",0.87,1
8610-WFCJF,"[49.0,95.6,4783.5]",0.88,1
9693-XMUOB,"[59.0,50.25,2997.45]",0.89,1
0383-CLDDA,"[69.0,85.35,5897.4]",0.9,1
4905-JEFDW,"[11.0,41.6,470.6]",0.91,1
2709-UQGNP,"[10.0,51.65,524.5]",0.92,1
3549-ZTMNH,"[12.0,24.0,269.65]",0.93,1
7881-INRLC,"[45.0,100.85,4740.0]",0.94,1
8033-ATFAS,"[39.0,59.85,2341.5]",0.95,1
1635-NZATJ,"[71.0,25.45,1789.65]",0.96,1
0562-HKHML,"[71.0,23.9,1626.4]",0.97,1
8277-RVRSV,"[33.0,24.15,800.3]",0.98,1
9943-VSZUV,"[67.0,75.7,5060.85]",0.99,1
0117-LFRMW,"[37.0,40.2,1448.8]",0.0,0
6172-FECYY,"[49.0,84.5,4254.85]",0.01,0
7054-ENNGU,"[9.0,50.85,466.6]",0.02,0
1455-HFBXA,"[52.0,91.6,4627.8]",0.03,0
9402-CXWPL,"[70.0,98.9,6838.6]",0.04,0
1628-BIZYP,"[1.0,85.0,85.0]",0.05,0
1965-AKTSX,"[14.0,78.95,1101.85]",0.06,0
0082-LDZUE,"[1.0,44.3,44.3]",0.07,0
4786-UKSNZ,"[1.0,20.2,20.2]",0.08,0
5343-SGUBI,"[52.0,80.2,4297.6]",0.09,0
0856-NAOES,"[6.0,60.9,414.1]",0.1,0
1976-AZZPJ,"[7.0,34.2,256.6]",0.11,0
7248-VZQLC,"[47.0,85.2,3969.35]",0.12,0
6156-UZDLF,"[26.0,87.15,2274.1]",0.13,0
3099-OONVS,"[25.0,54.3,1296.8]",0.14,0
9500-WBGRP,"[69.0,19.1,1268.85]",0.15,0
5183-KLYEM,"[72.0,112.75,8192.6]",0.16,0
5144-PQCDZ,"[4.0,19.95,59.25]",0.17,0
8514-VZHEB,"[59.0,19.5,1147.85]",0.18,0
6625-IUTTT,"[67.0,65.55,4361.55]",0.19,0
9355-NPPFS,"[26.0,78.8,2006.1]",0.2,0
0068-FIGTF,"[27.0,78.2,2078.95]",0.21,0
5965-GGPRW,"[72.0,105.25,7609.75]",0.22,0
8035-PWSEV,"[6.0,89.25,487.05]",0.23,0
2236-HILPA,"[62.0,20.65,1218.45]",0.24,0
1840-BIUOG,"[20.0,68.7,1416.2]",0.25,0
1356-MKYSK,"[6.0,78.65,483.3]",0.26,0
6080-LNESI,"[51.0,24.75,1234.6]",0.27,0
1830-IPXVJ,"[61.0,19.75,1311.6]",0.28,0
5828-DWPIL,"[62.0,89.1,5618.3]",0.29,0
8398-TBIYD,"[72.0,84.7,6185.15]",0.3,0
0011-IGKFF,"[13.0,98.0,1237.85]",0.31,0
4192-GORJT,"[5.0,94.45,498.1]",0.32,0
6496-SLWHQ,"[3.0,105.0,294.45]",0.33,0
9912-GVSEQ,"[26.0,93.85,2381.55]",0.34,0
2931-FSOHN,"[13.0,59.9,788.35]",0.35,0
9418-RUKPH,"[38.0,19.95,756.4]",0.36,0
5383-MMTWC,"[8.0,84.0,613.4]",0.37,0
9971-ZWPBF,"[34.0,108.9,3625.2]",0.38,0
4712-AUQZO,"[18.0,33.6,550.35]",0.39,0
9711-FJTBX,"[56.0,85.85,4793.8]",0.4,0
2908-ZTPNF,"[36.0,34.85,1267.2]",0.41,0
7240-ETPTR,"[9.0,48.75,442.2]",0.42,0
2202-CUYXZ,"[1.0,84.85,84.85]",0.43,0
5995-OIGLP,"[12.0,56.65,654.85]",0.44,0
8421-WZOOW,"[57.0,95.3,5567.45]",0.45,0
6261-RCVNS,"[42.0,73.9,3160.55]",0.46,0
7951-QKZPL,"[33.0,24.5,740.3]",0.47,0
1414-YADCW,"[70.0,84.6,5706.2]",0.48,0
8756-RDDLT,"[68.0,44.95,3085.35]",0.49,0
2862-PFNIK,"[1.0,24.7,24.7]",0.5,0
5816-QVHRX,"[37.0,100.3,3541.4]",0.51,1
4430-YHXGG,"[4.0,25.45,84.2]",0.52,1
6888-SBYAI,"[1.0,50.7,50.7]",0.53,1
7395-XWZOY,"[20.0,55.0,1165.55]",0.54,1
7169-YWAMK,"[72.0,68.4,4855.35]",0.55,1
3640-PHQXK,"[31.0,89.9,2806.9]",0.56,1
6877-LGWXO,"[18.0,78.55,1422.65]",0.57,1
6859-RKMZJ,"[11.0,55.05,608.15]",0.58,1
2729-VNVAP,"[33.0,19.8,641.35]",0.59,1
2957-JIRMN,"[62.0,84.45,4959.15]",0.6,1
2049-BAFNW,"[1.0,35.9,35.9]",0.61,1
3842-QTGDL,"[16.0,80.75,1321.3]",0.62,1
7163-OCEQI,"[22.0,78.65,1663.75]",0.63,1
9782-LGXMC,"[49.0,61.75,3024.15]",0.64,1
5975-BAICR,"[36.0,63.7,2188.5]",0.65,1
8019-ENHXU,"[42.0,99.45,4138.05]",0.66,1
5167-GBFRE,"[4.0,25.2,102.5]",0.67,1
9033-EOXWV,"[12.0,74.05,872.65]",0.68,1
4673-KKSLS,"[31.0,87.6,2724.25]",0.69,1
4853-OITSN,"[5.0,89.15,413.25]",0.7,1
9800-OUIGR,"[66.0,20.0,1374.2]",0.71,1
1324-NLTJE,"[15.0,55.0,757.1]",0.72,1
2324-EFHVG,"[64.0,104.4,6692.65]",0.73,1
7094-MSZAO,"[10.0,20.05,218.5]",0.74,1
1522-VVDMG,"[7.0,89.75,608.8]",0.75,1
6907-CQGPN,"[29.0,34.3,1004.75]",0.76,1
0780-XNZFN,"[57.0,20.65,1125.6]",0.77,1
0239-OXEXL,"[46.0,84.25,3847.6]",0.78,1
2675-IJRGJ,"[53.0,19.65,978.0]",0.79,1
7049-GKVZY,"[17.0,79.85,1387.35]",0.8,1
8577-QSOCG,"[38.0,20.2,746.05]",0.81,1
3721-CNZHX,"[15.0,19.8,304.6]",0.82,1
0212-ISBBF,"[22.0,50.35,1098.85]",0.83,1
9185-TQCVP,"[14.0,85.15,1139.2]",0.84,1
3585-YNADK,"[57.0,74.6,4368.95]",0.85,1
5271-DBYSJ,"[11.0,79.15,827.7]",0.86,1
1099-GODLO,"[1.0,20.35,20.35]",0.87,1
6828-HMKWP,"[12.0,21.05,262.05]",0.88,1
5567-WSELE,"[3.0,94.6,279.55]",0.89,1
1472-TNCWL,"[36.0,94.7,3512.5]",0.9,1
8063-RJYNF,"[16.0,94.25,1483.25]",0.91,1
0687-ZVTHB,"[65.0,72.45,4653.85]",0.92,1
2080-GKCWQ,"[2.0,74.95,151.75]",0.93,1
9661-ACXBS,"[42.0,105.2,4400.75]",0.94,1
2193-SFWQW,"[72.0,111.95,8033.1]",0.95,1
5656-JAMLX,"[62.0,19.85,1253.65]",0.96,1
3462-BJQQA,"[6.0,89.75,552.65]",0.97,1
0442-TDYUO,"[48.0,20.05,1036.0]",0.98,1
6733-LRIZX,"[35.0,108.95,4025.5]",0.99,1
9503-XJUME,"[52.0,19.65,928.4]",0.0,0
4367-NHWMM,"[1.0,24.9,24.9]",0.01,0
3727-RJMEO,"[6.0,82.85,460.25]",0.02,0
3779-OSWCF,"[71.0,93.2,6506.15]",0.03,0
6736-DHUQI,"[67.0,84.8,5598.3]",0.04,0
3915-ODIYG,"[60.0,71.75,4374.55]",0.05,0
1360-RCYRT,"[23.0,30.35,678.75]",0.06,0
2724-FJDYW,"[39.0,54.85,2191.7]",0.07,0
4451-RWASJ,"[15.0,19.5,239.75]",0.08,0
6646-VRFOL,"[53.0,103.85,5485.5]",0.09,0
3460-TJBWI,"[24.0,24.2,609.05]",0.1,0
5917-HBSDW,"[37.0,19.35,683.75]",0.11,0
5685-IIXLY,"[5.0,83.6,404.2]",0.12,0
5671-UUNXD,"[50.0,100.65,5189.75]",0.13,0
0956-ACVZC,"[54.0,94.1,5060.9]",0.14,0
2325-NBPZG,"[3.0,74.55,233.65]",0.15,0
4250-ZBWLV,"[68.0,108.45,7176.55]",0.16,0
4482-FTFFX,"[5.0,56.15,291.45]",0.17,0
8859-DZTGQ,"[33.0,20.35,689.75]",0.18,0
0440-MOGPM,"[41.0,80.55,3263.9]",0.19,0
0020-JDNXP,"[34.0,61.25,1993.2]",0.2,0
3752-CQSJI,"[13.0,20.45,254.5]",0.21,0
5025-GOOKI,"[20.0,18.9,347.65]",0.22,0
4698-KVLLG,"[51.0,19.6,967.9]",0.23,0
5095-AESKG,"[3.0,91.5,242.95]",0.24,0
2887-JPYLU,"[41.0,45.2,1841.9]",0.25,0
4770-QAZXN,"[13.0,19.45,232.1]",0.26,0
4896-CPRPF,"[35.0,25.45,809.25]",0.27,0
1871-MOWRM,"[12.0,80.85,866.45]",0.28,0
9714-EDSUC,"[4.0,94.9,360.55]",0.29,0
2027-OAQQC,"[43.0,49.05,2076.2]",0.3,0
0282-NVSJS,"[12.0,29.3,355.9]",0.31,0
9090-SGQXL,"[68.0,105.3,7299.65]",0.32,0
6595-YGXIT,"[25.0,88.95,2291.2]",0.33,0
7353-YOWFP,"[7.0,20.25,129.15]",0.34,0
9835-ZIITK,"[66.0,110.85,7491.75]",0.35,0
8008-ESFLK,"[53.0,110.5,5835.5]",0.36,0
7537-CBQUZ,"[63.0,109.4,7031.45]",0.37,0
1555-DJEQW,"[70.0,114.2,7723.9]",0.38,0
5649-TJHOV,"[27.0,36.5,1032.0]",0.39,0
0519-XUZJU,"[1.0,70.75,70.75]",0.4,0
3363-EWLGO,"[5.0,19.95,109.6]",0.41,0
4750-UKWJK,"[37.0,19.6,727.8]",0.42,0
6338-AVWCY,"[3.0,40.15,130.75]",0.43,0
1689-YQBYY,"[12.0,76.6,893.0]",0.44,0
4487-ZYJZK,"[38.0,19.6,763.1]",0.45,0
2959-FENLU,"[9.0,85.3,781.4]",0.46,0
0708-LGSMF,"[13.0,65.85,902.25]",0.47,0
9253-QXKBE,"[29.0,94.45,2653.65]",0.48,0
7634-HLQJR,"[47.0,20.05,1016.7]",0.49,0
0487-RPVUM,"[61.0,99.4,5943.65]",0.5,0
4079-ULGFR,"[16.0,20.0,275.7]",0.51,1
2516-XSJKX,"[41.0,78.45,3126.45]",0.52,1
0057-QBUQH,"[43.0,25.1,1070.15]",0.53,1
9445-SZLCH,"[36.0,97.35,3457.9]",0.54,1
6599-SFQVE,"[6.0,55.0,340.4]",0.55,1
8331-ZXFOE,"[58.0,71.1,4299.2]",0.56,1
4003-FUSHP,"[19.0,61.55,1093.2]",0.57,1
0356-ERHVT,"[11.0,45.9,521.9]",0.58,1
7325-ENZFI,"[39.0,40.3,1630.4]",0.59,1
4884-ZTHVF,"[8.0,87.1,713.6]",0.6,1
3920-HIHMQ,"[26.0,49.5,1265.65]",0.61,1
3055-OYMSE,"[53.0,73.8,4003.85]",0.62,1
0613-WUXUM,"[70.0,19.2,1401.4]",0.63,1
7568-PODML,"[1.0,45.3,45.3]",0.64,1
4458-KVRBJ,"[59.0,25.0,1510.5]",0.65,1
5349-IECLD,"[2.0,94.95,178.1]",0.66,1
1397-XKKWR,"[7.0,35.3,264.8]",0.67,1
3945-GFWQL,"[12.0,44.55,480.6]",0.68,1
8097-OMULG,"[59.0,76.75,4541.9]",0.69,1
6013-BHCAW,"[61.0,81.0,4976.15]",0.7,1
0401-WDBXM,"[72.0,105.55,7542.25]",0.71,1
3387-PLKUI,"[13.0,18.8,251.25]",0.72,1
6096-EGVTU,"[64.0,24.9,1595.5]",0.73,1
3797-VTIDR,"[1.0,23.45,23.45]",0.74,1
5081-NWSUP,"[10.0,64.9,685.55]",0.75,1
2580-ATZSQ,"[65.0,61.35,3874.1]",0.76,1
8085-MSNLK,"[62.0,113.95,6891.4]",0.77,1
9691-HKOVS,"[55.0,90.15,4916.95]",0.78,1
9881-VCZEP,"[25.0,54.1,1373.0]",0.79,1
9526-BIHHD,"[1.0,29.7,29.7]",0.8,1
8757-TFHHJ,"[1.0,49.8,49.8]",0.81,1
4523-WXCEF,"[59.0,101.1,6039.9]",0.82,1
1468-DEFNC,"[64.0,24.4,1548.65]",0.83,1
5119-KEPFY,"[36.0,95.0,3440.25]",0.84,1
8364-TRMMK,"[3.0,50.65,151.3]",0.85,1
0916-KNFAJ,"[61.0,69.9,4226.7]",0.86,1
8319-QBEHW,"[26.0,39.95,1023.75]",0.87,1
3063-QFSZL,"[1.0,55.4,55.4]",0.88,1
8775-LHDJH,"[1.0,90.6,90.6]",0.89,1
9625-QNLUX,"[68.0,103.25,7074.4]",0.9,1
3097-NQYSN,"[2.0,86.85,156.35]",0.91,1
4024-CSNBY,"[72.0,94.25,6849.75]",0.92,1
7110-BDTWG,"[71.0,47.05,3263.6]",0.93,1
7493-GVFIO,"[57.0,20.55,1252.85]",0.94,1
0690-SRQID,"[4.0,19.65,67.55]",0.95,1
9605-WGJVW,"[1.0,70.2,70.2]",0.96,1
9114-DPSIA,"[72.0,81.0,5750.0]",0.97,1
4700-UBQMV,"[21.0,75.9,1549.75]",0.98,1
7711-GQBZC,"[71.0,24.7,1810.55]",0.99,1
3565-UNOCC,"[29.0,99.05,2952.85]",0.0,0
4627-MIHJH,"[69.0,110.25,7467.55]",0.01,0
9795-NREXC,"[64.0,85.0,5484.4]",0.02,0
8573-CGOCC,"[16.0,19.75,294.9]",0.03,0
7356-AYNJP,"[4.0,23.9,97.5]",0.04,0
9249-FXSCK,"[52.0,111.25,5916.45]",0.05,0
5493-SDRDQ,"[2.0,55.1,113.35]",0.06,0
6286-SUUWT,"[1.0,19.95,19.95]",0.07,0
4819-HJPIW,"[18.0,25.15,476.8]",0.08,0
8654-DHAOW,"[2.0,54.15,101.65]",0.09,0
5438-QMDDL,"[19.0,59.8,1130.85]",0.1,0
9812-GHVRI,"[40.0,83.85,3532.25]",0.11,0
5553-AOINX,"[66.0,104.9,6891.45]",0.12,0
1228-ZLNBX,"[21.0,75.3,1570.7]",0.13,0
4226-KKDON,"[8.0,66.65,520.95]",0.14,0
3831-YCPUO,"[72.0,109.5,7854.9]",0.15,0
7445-WMRBW,"[48.0,73.85,3581.4]",0.16,0
3308-DGHKL,"[69.0,19.3,1447.9]",0.17,0
9924-JPRMC,"[72.0,118.2,8547.15]",0.18,0
0080-EMYVY,"[14.0,51.45,727.85]",0.19,0
6218-KNUBD,"[6.0,59.45,357.6]",0.2,0
7337-CINUD,"[8.0,19.5,159.35]",0.21,0
7609-NRNCA,"[17.0,19.55,280.85]",0.22,0
0623-EJQEG,"[65.0,93.55,6069.25]",0.23,0
7153-CHRBV,"[57.0,59.3,3274.35]",0.24,0
0871-URUWO,"[13.0,102.25,1359.0]",0.25,0
9190-MFJLN,"[19.0,95.9,1777.9]",0.26,0
6198-PNNSZ,"[56.0,109.8,6109.65]",0.27,0
3317-VLGQT,"[14.0,78.1,1122.4]",0.28,0
4132-POCZS,"[52.0,39.9,2020.9]",0.29,0
5614-DNZCE,"[58.0,64.9,3795.45]",0.3,0
1095-JUDTC,"[47.0,95.05,4504.55]",0.31,0
3896-RCYYE,"[67.0,53.4,3579.15]",0.32,0
9638-JIQYA,"[2.0,24.9,49.7]",0.33,0
3258-SANFR,"[6.0,44.7,276.5]",0.34,0
3726-TBHQT,"[71.0,114.0,8175.9]",0.35,0
3190-ITQXP,"[46.0,20.25,890.35]",0.36,0
0870-VEMYL,"[5.0,53.85,259.8]",0.37,0
4833-QTJNO,"[67.0,83.85,5588.8]",0.38,0
3039-MJSLN,"[3.0,20.2,50.6]",0.39,0
0178-CIIKR,"[3.0,19.95,58.0]",0.4,0
5385-SUIRI,"[52.0,104.2,5568.35]",0.41,0
3982-XWFZQ,"[42.0,50.25,2203.65]",0.42,0
5774-QPLTF,"[50.0,20.35,938.95]",0.43,0
2322-VCZHZ,"[23.0,90.0,2024.1]",0.44,0
5010-IPEAQ,"[67.0,54.2,3623.95]",0.45,0
4009-ALQFH,"[25.0,99.5,2369.05]",0.46,0
6383-ZTSIW,"[39.0,99.1,3877.95]",0.47,0
8990-YOZLV,"[69.0,66.9,4577.9]",0.48,0
3069-SSVSN,"[1.0,25.85,25.85]",0.49,0
5222-IMUKT,"[32.0,91.05,2871.5]",0.5,0
3627-FCRDW,"[9.0,71.0,672.55]",0.51,1
7562-GSUHK,"[16.0,93.2,1573.7]",0.52,1
6685-XSHHU,"[60.0,20.95,1270.55]",0.53,1
8901-UPRHR,"[72.0,109.2,7711.45]",0.54,1
4903-UYAVB,"[5.0,19.35,126.05]",0.55,1
0118-JPNOY,"[26.0,85.8,2193.65]",0.56,1
6776-TLWOI,"[3.0,19.85,64.55]",0.57,1
3845-FXCYS,"[2.0,19.65,31.2]",0.58,1
5857-XRECV,"[2.0,20.5,38.25]",0.59,1
0725-CXOTM,"[36.0,89.65,3348.1]",0.6,1
4343-EJVQB,"[7.0,74.35,533.6]",0.61,1
9000-PLFUZ,"[60.0,49.45,2907.55]",0.62,1
3427-GGZZI,"[19.0,89.1,1620.8]",0.63,1
7779-ORAEL,"[45.0,75.15,3480.35]",0.64,1
0644-OQMDK,"[4.0,70.65,293.85]",0.65,1
4077-CROMM,"[31.0,104.2,3243.45]",0.66,1
3154-CFSZG,"[47.0,90.05,4137.2]",0.67,1
2868-MZAGQ,"[1.0,79.25,79.25]",0.68,1
4847-QNOKA,"[1.0,44.9,44.9]",0.69,1
2220-IAHLS,"[1.0,19.4,19.4]",0.7,1
1658-XUHBX,"[59.0,88.75,5348.65]",0.71,1
6379-RXJRQ,"[10.0,70.1,659.65]",0.72,1
2378-HTWFW,"[35.0,91.0,3180.5]",0.73,1
8650-RHRKE,"[4.0,29.65,118.5]",0.74,1
4377-VDHYI,"[32.0,90.8,3023.85]",0.75,1
0475-RIJEP,"[43.0,77.85,3365.85]",0.76,1
1260-TTRXI,"[4.0,54.3,195.3]",0.77,1
3719-TDVQB,"[54.0,18.95,1031.1]",0.78,1
6328-ZPBGN,"[11.0,95.15,997.65]",0.79,1
0201-MIBOL,"[66.0,102.4,6471.85]",0.8,1
4937-QPZPO,"[61.0,99.9,6241.35]",0.81,1
2925-VDZHY,"[72.0,88.7,6501.35]",0.82,1
6981-TDRFT,"[44.0,54.3,2317.1]",0.83,1
3413-CSSTH,"[41.0,55.7,2237.55]",0.84,1
8033-VCZGH,"[50.0,103.95,5231.3]",0.85,1
4789-KWMXN,"[47.0,110.85,5275.8]",0.86,1
0224-NIJLP,"[8.0,20.15,165.5]",0.87,1
7542-CYDDM,"[18.0,20.05,358.5]",0.88,1
4718-WXBGI,"[72.0,91.95,6614.9]",0.89,1
2867-UIMSS,"[1.0,80.5,80.5]",0.9,1
8495-PRWFH,"[42.0,55.65,2421.75]",0.91,1
0439-IFYUN,"[18.0,74.7,1294.6]",0.92,1
5716-LIBJC,"[13.0,104.15,1299.1]",0.93,1
2868-LLSKM,"[68.0,83.65,5733.4]",0.94,1
8111-RKSPX,"[4.0,72.2,305.55]",0.95,1
2988-QRAJY,"[69.0,110.05,7430.75]",0.96,1
1585-MQSSU,"[17.0,51.5,900.5]",0.97,1
0071-NDAFP,"[25.0,25.5,630.6]",0.98,1
2856-NNASM,"[43.0,89.55,3856.75]",0.99,1
7328-ZJAJO,"[59.0,19.5,1222.65]",0.0,0
6458-CYIDZ,"[5.0,80.7,374.8]",0.01,0
8559-CIZFV,"[21.0,77.5,1625.0]",0.02,0
1090-PYKCI,"[69.0,105.1,7234.8]",0.03,0
3058-WQDRE,"[13.0,25.15,331.85]",0.04,0
7547-EKNFS,"[42.0,95.25,3959.35]",0.05,0
2279-AXJJK,"[52.0,95.65,5088.4]",0.06,0
6769-DYBQN,"[46.0,85.0,3969.4]",0.07,0
0909-SELIE,"[61.0,80.8,4860.85]",0.08,0
3417-TSCIC,"[29.0,24.85,788.05]",0.09,0
1042-HFUCW,"[25.0,54.75,1266.35]",0.1,0
4439-JMPMT,"[5.0,85.75,470.95]",0.11,0
6537-OTKMY,"[15.0,50.75,688.2]",0.12,0
8999-EXMNO,"[19.0,20.15,387.7]",0.13,0
6725-TPKJO,"[44.0,20.05,845.25]",0.14,0
2446-BEGGB,"[6.0,98.25,560.6]",0.15,0
7162-WPHPM,"[58.0,71.6,4230.25]",0.16,0
1599-MMYRQ,"[62.0,81.45,4983.05]",0.17,0
8821-KVZKQ,"[70.0,58.4,4113.15]",0.18,0
1496-GGSUK,"[1.0,25.7,25.7]",0.19,0
6434-TTGJP,"[10.0,53.7,521.0]",0.2,0
0042-JVWOJ,"[26.0,19.6,471.85]",0.21,0
0130-SXOUN,"[66.0,89.4,5976.9]",0.22,0
2575-GFSOE,"[7.0,69.0,506.9]",0.23,0
2330-PQGDQ,"[51.0,84.2,4299.75]",0.24,0
1452-UZOSF,"[72.0,106.1,7548.6]",0.25,0
2097-YVPKN,"[65.0,25.75,1654.75]",0.26,0
2842-JTCCU,"[2.0,46.05,80.35]",0.27,0
8597-CTXVJ,"[70.0,64.95,4551.5]",0.28,0
6631-HMANX,"[72.0,85.45,6227.5]",0.29,0
9962-BFPDU,"[1.0,20.05,20.05]",0.3,0
3296-SILRA,"[1.0,76.4,76.4]",0.31,0
9681-OXGVC,"[5.0,100.5,514.0]",0.32,0
6394-HHHZM,"[3.0,20.7,57.5]",0.33,0
5995-LFTLE,"[58.0,25.3,1474.35]",0.34,0
5180-UCIIQ,"[22.0,40.05,880.2]",0.35,0
1932-UEDCX,"[33.0,100.6,3270.25]",0.36,0
7153-OANIO,"[1.0,69.95,69.95]",0.37,0
5188-HGMLP,"[54.0,74.0,3919.15]",0.38,0
0665-XHDJU,"[72.0,99.4,7285.7]",0.39,0
6521-YYTYI,"[1.0,93.3,93.3]",0.4,0
8878-HMWBV,"[3.0,49.15,169.05]",0.41,0
8265-HKSOW,"[72.0,107.45,7658.3]",0.42,0
3544-FBCAS,"[72.0,83.6,5959.3]",0.43,0
5331-RGMTT,"[54.0,99.05,5295.7]",0.44,0
4759-PXTAN,"[59.0,80.1,4693.2]",0.45,0
7054-DMVAS,"[54.0,65.3,3512.9]",0.46,0
3428-MMGUB,"[60.0,89.55,5231.2]",0.47,0
6549-BTYPG,"[60.0,60.8,3603.45]",0.48,0
7823-JSOAG,"[3.0,74.5,217.45]",0.49,0
3705-RHRFR,"[69.0,99.15,6875.35]",0.5,0
9374-YOLBJ,"[1.0,19.25,19.25]",0.51,1
9074-KGVOX,"[50.0,39.45,2021.35]",0.52,1
6128-DAFVY,"[56.0,44.85,2564.95]",0.53,1
9933-QRGTX,"[60.0,97.2,5611.75]",0.54,1
4476-OSWTN,"[69.0,110.55,7610.1]",0.55,1
3751-KTZEL,"[1.0,35.05,35.05]",0.56,1
1977-STDKI,"[1.0,73.0,73.0]",0.57,1
5066-GFJMM,"[3.0,19.9,45.75]",0.58,1
2661-GKBTK,"[60.0,76.95,4543.95]",0.59,1
0458-HEUZG,"[13.0,35.4,450.4]",0.6,1
7268-WNTCP,"[62.0,20.45,1297.35]",0.61,1
0824-VWDPO,"[45.0,96.75,4442.75]",0.62,1
8409-WQJUX,"[25.0,54.2,1423.15]",0.63,1
2578-JQPHZ,"[44.0,100.1,4378.35]",0.64,1
3278-FSIXX,"[2.0,45.25,74.2]",0.65,1
5813-UECBU,"[33.0,83.85,2716.3]",0.66,1
0328-GRPMV,"[1.0,70.1,70.1]",0.67,1
9746-UGFAC,"[22.0,20.85,450.65]",0.68,1
2946-KIQSP,"[35.0,33.45,1175.85]",0.69,1
0625-AFOHS,"[29.0,20.2,558.8]",0.7,1
6726-WEXXK,"[27.0,85.9,2220.1]",0.71,1
4636-OLWOE,"[54.0,61.0,3283.05]",0.72,1
4342-HENTK,"[2.0,70.65,142.35]",0.73,1
4685-ERGHK,"[57.0,86.9,4939.25]",0.74,1
0885-HMGPY,"[62.0,69.4,4237.5]",0.75,1
5003-OKNNK,"[15.0,20.35,335.95]",0.76,1
4195-SMMNX,"[2.0,20.35,33.2]",0.77,1
7208-PSIHR,"[70.0,104.3,7188.5]",0.78,1
4012-ZTHBR,"[21.0,44.95,926.25]",0.79,1
0489-WMEMG,"[23.0,49.45,1119.35]",0.8,1
7435-ZNUYY,"[6.0,20.6,116.6]",0.81,1
1354-YZFNB,"[4.0,19.55,68.8]",0.82,1
6956-SMUCM,"[3.0,99.0,287.4]",0.83,1
2985-FMWYF,"[23.0,93.5,2341.55]",0.84,1
2812-ENYMO,"[26.0,54.55,1362.85]",0.85,1
2717-HVIZY,"[8.0,20.05,163.6]",0.86,1
3223-WZWJM,"[26.0,83.95,2254.2]",0.87,1
3422-GALYP,"[2.0,79.45,145.15]",0.88,1
9053-JZFKV,"[67.0,116.2,7752.3]",0.89,1
2530-ENDWQ,"[71.0,93.7,6585.35]",0.9,1
2890-WFBHU,"[59.0,79.85,4786.1]",0.91,1
0327-WFZSY,"[39.0,100.0,3835.55]",0.92,1
7977-HXJKU,"[21.0,19.6,397.0]",0.93,1
6615-ZGEDR,"[1.0,19.7,19.7]",0.94,1
7033-CLAMM,"[48.0,20.2,1027.25]",0.95,1
4023-RTIQM,"[31.0,50.4,1580.1]",0.96,1
0864-FVJNJ,"[64.0,113.35,7222.75]",0.97,1
7356-IWLFW,"[46.0,80.0,3769.7]",0.98,1
9541-PWTWO,"[52.0,80.95,4233.95]",0.99,1
3967-VQOGC,"[67.0,24.9,1680.25]",0.0,0
7872-RDDLZ,"[67.0,54.9,3725.5]",0.01,0
9250-WYPLL,"[5.0,75.55,413.65]",0.02,0
6308-CQRBU,"[71.0,109.25,7707.7]",0.03,0
2754-XBHTB,"[9.0,77.65,714.15]",0.04,0
1597-LHYNC,"[26.0,95.0,2497.2]",0.05,0
0186-CAERR,"[71.0,116.3,8309.55]",0.06,0
3043-SUDUA,"[32.0,19.9,601.55]",0.07,0
5442-BHQNG,"[2.0,70.35,139.25]",0.08,0
2169-RRLFW,"[71.0,25.6,1888.25]",0.09,0
5872-OEQNH,"[60.0,44.45,2773.9]",0.1,0
3162-KKZXO,"[55.0,100.15,5409.75]",0.11,0
7055-VKGDA,"[54.0,105.4,5643.4]",0.12,0
0754-UKWQP,"[2.0,95.85,197.7]",0.13,0
8873-GLDMH,"[6.0,73.85,401.3]",0.14,0
5696-JVVQY,"[48.0,70.1,3238.4]",0.15,0
8946-BFWSG,"[63.0,25.25,1573.05]",0.16,0
7493-TPUWZ,"[1.0,79.15,79.15]",0.17,0
0547-HURJB,"[12.0,21.05,235.8]",0.18,0
8904-OPDCK,"[54.0,24.95,1364.75]",0.19,0
8845-LWKGE,"[30.0,64.5,1985.15]",0.2,0
1577-HKTFG,"[30.0,19.65,655.85]",0.21,0
8752-STIVR,"[4.0,79.0,303.15]",0.22,0
0691-NIKRI,"[40.0,105.95,4335.2]",0.23,0
5022-JNQEQ,"[9.0,75.85,647.5]",0.24,0
4558-FANTW,"[17.0,91.85,1574.45]",0.25,0
3249-VHRIP,"[62.0,43.6,2748.7]",0.26,0
3736-BLEPA,"[28.0,91.25,2483.65]",0.27,0
4701-LKOZD,"[70.0,89.75,6367.2]",0.28,0
6603-QWSPR,"[46.0,104.4,4904.2]",0.29,0
9921-QFQUL,"[23.0,90.15,2044.95]",0.3,0
1929-ZCBHE,"[47.0,40.3,1794.8]",0.31,0
4378-MYPGO,"[68.0,105.25,7173.15]",0.32,0
8651-ENBZX,"[60.0,106.0,6441.4]",0.33,0
4129-LYCOI,"[67.0,104.0,7039.05]",0.34,0
7798-JVXYM,"[14.0,69.65,921.4]",0.35,0
8647-SDTWQ,"[57.0,74.3,4018.35]",0.36,0
2696-ECXKC,"[55.0,100.9,5448.6]",0.37,0
2081-KJSQF,"[1.0,20.25,20.25]",0.38,0
7623-TRNQN,"[1.0,49.9,49.9]",0.39,0
3323-CPBWR,"[23.0,96.9,2085.45]",0.4,0
9330-IJWIO,"[13.0,100.35,1358.85]",0.41,0
3384-CTMSF,"[47.0,104.1,5135.15]",0.42,0
0902-RFHOF,"[38.0,20.1,730.1]",0.43,0
9286-DOJGF,"[38.0,74.95,2869.85]",0.44,0
6048-QBXKL,"[2.0,56.55,118.25]",0.45,0
9661-MHUMO,"[1.0,49.25,49.25]",0.46,0
7718-RXDGG,"[15.0,68.6,1108.6]",0.47,0
1025-FALIX,"[26.0,69.05,1815.65]",0.48,0
3451-VAWLI,"[35.0,19.7,730.4]",0.49,0
3407-QGWLG,"[3.0,20.05,75.45]",0.5,0
1842-EZJMK,"[50.0,103.7,5071.05]",0.51,1
2347-WKKAE,"[42.0,94.4,4014.6]",0.52,1
8735-DCXNF,"[10.0,54.95,568.85]",0.53,1
3214-IYUUQ,"[61.0,93.7,5860.7]",0.54,1
1936-UAFEH,"[68.0,110.25,7279.35]",0.55,1
3587-PMCOY,"[10.0,98.9,1064.95]",0.56,1
8079-XRJRS,"[65.0,89.75,5769.6]",0.57,1
1027-LKKQQ,"[72.0,80.45,5886.85]",0.58,1
7148-XZPHA,"[55.0,79.4,4238.45]",0.59,1
8073-IJDCM,"[1.0,20.3,20.3]",0.6,1
5309-TAIKL,"[7.0,62.8,418.3]",0.61,1
6856-RAURS,"[2.0,74.9,136.05]",0.62,1
8778-LMWTJ,"[9.0,74.85,708.2]",0.63,1
9717-IOAAF,"[27.0,25.85,788.55]",0.64,1
8884-ADFVN,"[7.0,101.95,700.85]",0.65,1
2845-KDHVX,"[64.0,68.3,4378.8]",0.66,1
0848-SOMKO,"[70.0,48.4,3442.8]",0.67,1
2720-WGKHP,"[2.0,94.0,181.7]",0.68,1
6734-FQAJX,"[67.0,105.05,7171.7]",0.69,1
2869-ADAWR,"[45.0,89.3,4016.85]",0.7,1
1535-VTJOQ,"[24.0,25.15,553.0]",0.71,1
6368-TZZDT,"[4.0,19.5,96.85]",0.72,1
0943-ZQPXH,"[44.0,92.95,4122.9]",0.73,1
1293-BSEUN,"[72.0,20.7,1482.3]",0.74,1
9894-EZEWG,"[1.0,74.3,74.3]",0.75,1
1302-TPUBN,"[66.0,19.35,1240.8]",0.76,1
7851-FLGGQ,"[1.0,44.65,44.65]",0.77,1
0637-UBJRP,"[13.0,84.05,1095.3]",0.78,1
0940-OUQEC,"[10.0,80.7,788.8]",0.79,1
2378-VTKDH,"[65.0,104.35,6578.55]",0.8,1
0927-CNGRH,"[1.0,19.55,19.55]",0.81,1
8608-OZTLB,"[38.0,74.05,2802.3]",0.82,1
2335-GSODA,"[23.0,40.1,857.75]",0.83,1
1952-DVVSW,"[10.0,20.1,184.4]",0.84,1
0702-PGIBZ,"[4.0,101.7,364.55]",0.85,1
6656-GULJQ,"[72.0,83.55,6093.3]",0.86,1
9853-JFZDU,"[35.0,56.85,1861.1]",0.87,1
1963-VAUKV,"[1.0,20.4,20.4]",0.88,1
3777-XROBG,"[58.0,19.55,1079.65]",0.89,1
6994-FGRHH,"[70.0,106.15,7475.1]",0.9,1
4000-VGMQP,"[38.0,78.95,2862.55]",0.91,1
3999-WRNGR,"[60.0,49.75,3069.45]",0.92,1
3466-RITXD,"[26.0,92.4,2349.8]",0.93,1
2680-XKKNJ,"[8.0,58.2,469.25]",0.94,1
3058-HJCUY,"[41.0,102.6,4213.35]",0.95,1
2974-GGUXS,"[36.0,91.95,3301.05]",0.96,1
7994-XIRTR,"[54.0,65.25,3529.95]",0.97,1
3259-FDWOY,"[71.0,106.0,7723.7]",0.98,1
2101-RANCD,"[55.0,73.1,4144.9]",0.99,1
7921-BEPCI,"[72.0,59.75,4265.0]",0.0,0
0807-ZABDG,"[3.0,55.1,154.65]",0.01,0
8510-TMWYB,"[54.0,59.8,3246.45]",0.02,0
3258-ZKPAI,"[72.0,116.6,8337.45]",0.03,0
1428-IEDPR,"[52.0,109.3,5731.4]",0.04,0
5298-GSTLM,"[60.0,101.4,6176.6]",0.05,0
4450-YOOHP,"[39.0,50.65,1905.4]",0.06,0
6728-CZFEI,"[15.0,56.15,931.9]",0.07,0
5748-RNCJT,"[69.0,106.5,7348.8]",0.08,0
3653-NCRDJ,"[43.0,19.2,776.25]",0.09,0
6121-TNHBO,"[63.0,83.0,5243.05]",0.1,0
5119-NZPTV,"[2.0,70.1,141.65]",0.11,0
6519-ZHPXP,"[72.0,108.3,7679.65]",0.12,0
7739-LAXOG,"[32.0,91.05,2954.5]",0.13,0
3472-QPRCH,"[40.0,25.25,1006.9]",0.14,0
8224-UAXBZ,"[58.0,45.35,2540.1]",0.15,0
9610-WCESF,"[67.0,43.9,3097.2]",0.16,0
9776-CLUJA,"[51.0,77.5,3807.35]",0.17,0
2486-WYVVE,"[31.0,79.3,2484.0]",0.18,0
3865-ZYKAD,"[69.0,84.9,5785.65]",0.19,0
1422-DGUBX,"[32.0,79.25,2619.15]",0.2,0
2999-AANRQ,"[21.0,71.05,1524.85]",0.21,0
8668-KNZTI,"[52.0,53.75,2790.65]",0.22,0
0480-KYJVA,"[72.0,24.25,1784.5]",0.23,0
6034-ZRYCV,"[72.0,54.2,3937.45]",0.24,0
9746-YKGXB,"[52.0,44.25,2276.1]",0.25,0
3926-YZVVX,"[41.0,50.05,2029.05]",0.26,0
6000-UKLWI,"[41.0,20.15,802.35]",0.27,0
2079-FBMZK,"[6.0,69.25,418.4]",0.28,0
6332-FBZRI,"[67.0,69.35,4653.25]",0.29,0
2096-XOTMO,"[16.0,19.35,275.9]",0.3,0
3266-FTKHB,"[17.0,19.15,343.45]",0.31,0
8221-EQDGL,"[35.0,61.0,2130.45]",0.32,0
2346-LOCWC,"[58.0,20.5,1191.4]",0.33,0
6608-QQLVK,"[1.0,50.5,50.5]",0.34,0
0298-XACET,"[52.0,50.2,2554.0]",0.35,0
7560-QJAVJ,"[70.0,79.6,5589.45]",0.36,0
2995-YWTCD,"[19.0,24.9,467.7]",0.37,0
3551-HUAZH,"[1.0,74.4,74.4]",0.38,0
9137-UIYPG,"[35.0,106.9,3756.45]",0.39,0
2809-ZMYOQ,"[32.0,101.35,3334.9]",0.4,0
5084-OOVCJ,"[17.0,55.35,920.5]",0.41,0
0254-WWRKD,"[67.0,50.55,3431.75]",0.42,0
7727-SHVZV,"[9.0,19.5,150.35]",0.43,0
6302-JGYRJ,"[31.0,79.45,2587.7]",0.44,0
5339-PXDVH,"[4.0,90.65,367.95]",0.45,0
2205-LPVGL,"[58.0,89.85,5125.75]",0.46,0
8782-NUUOL,"[60.0,79.0,4801.1]",0.47,0
3685-YLCMQ,"[58.0,104.65,6219.6]",0.48,0
7601-WFVZV,"[1.0,19.55,19.55]",0.49,0
4609-KNNWG,"[27.0,19.9,550.1]",0.5,0
4868-AADLV,"[66.0,116.25,7862.25]",0.51,1
9529-OFXHY,"[15.0,87.75,1242.2]",0.52,1
8634-MPHTR,"[47.0,100.05,4871.05]",0.53,1
2669-QVCRG,"[41.0,81.3,3190.65]",0.54,1
2478-EEWWM,"[59.0,44.3,2666.75]",0.55,1
9174-IHETN,"[50.0,70.35,3533.6]",0.56,1
2233-TXSIU,"[17.0,44.45,792.15]",0.57,1
9644-UMGQA,"[6.0,49.15,295.65]",0.58,1
3256-EZDBI,"[51.0,29.45,1459.35]",0.59,1
8761-NSOBC,"[44.0,100.55,4398.15]",0.6,1
0419-YAAPX,"[49.0,85.3,4297.95]",0.61,1
8413-VONUO,"[2.0,95.65,167.3]",0.62,1
0872-CASZJ,"[59.0,69.1,4096.9]",0.63,1
4726-DLWQN,"[50.0,70.35,3454.6]",0.64,1
8164-OCKUJ,"[59.0,20.6,1286.0]",0.65,1
3094-JOJAI,"[18.0,74.15,1387.0]",0.66,1
9494-MRNYX,"[10.0,75.05,786.3]",0.67,1
2599-CZABP,"[14.0,44.6,641.25]",0.68,1
7945-PRBVF,"[35.0,21.45,705.45]",0.69,1
4544-RXFMG,"[8.0,43.45,345.5]",0.7,1
0859-YGKFW,"[18.0,20.05,345.9]",0.71,1
1150-FTQGN,"[60.0,94.15,5811.8]",0.72,1
9223-UCPVT,"[1.0,94.4,94.4]",0.73,1
7196-LIWRH,"[6.0,19.55,124.45]",0.74,1
5448-VWNAM,"[19.0,75.9,1375.6]",0.75,1
1177-XZBJL,"[53.0,64.15,3491.55]",0.76,1
3518-FSTWG,"[72.0,109.55,7920.7]",0.77,1
9330-VOFSZ,"[60.0,110.8,6640.7]",0.78,1
4351-QLCSU,"[1.0,55.0,55.0]",0.79,1
0939-EREMR,"[13.0,53.45,718.1]",0.8,1
9389-ACWBI,"[5.0,69.95,320.4]",0.81,1
5419-JPRRN,"[1.0,101.45,101.45]",0.82,1
3644-QXEHN,"[13.0,97.0,1334.45]",0.83,1
2911-IJORQ,"[37.0,90.6,3358.65]",0.84,1
5921-NGYRH,"[64.0,73.55,4764.0]",0.85,1
2100-BDNSN,"[5.0,67.95,350.3]",0.86,1
5998-DZLYR,"[61.0,94.35,5703.0]",0.87,1
0488-GSLFR,"[1.0,69.5,69.5]",0.88,1
9318-NKNFC,"[1.0,18.85,18.85]",0.89,1
3985-HOYPM,"[26.0,19.4,525.55]",0.9,1
9728-FTTVZ,"[1.0,69.2,69.2]",0.91,1
9548-LERKT,"[24.0,19.75,483.15]",0.92,1
6576-FBXOJ,"[17.0,54.6,934.8]",0.93,1
4310-KEDTB,"[26.0,29.8,786.5]",0.94,1
7254-IQWOZ,"[1.0,69.65,69.65]",0.95,1
2474-BRUCM,"[40.0,101.85,4086.3]",0.96,1
4062-HBMOS,"[52.0,103.05,5364.8]",0.97,1
0742-NXBGR,"[1.0,82.3,82.3]",0.98,1
2676-ISHSF,"[1.0,20.3,20.3]",0.99,1
9236-NDUCW,"[21.0,35.1,770.4]",0.0,0
4753-PADAS,"[67.0,105.7,6816.95]",0.01,0
6103-QCKFX,"[44.0,56.25,2419.55]",0.02,0
7781-EWARA,"[70.0,60.35,4138.7]",0.03,0
6110-OHIHY,"[3.0,79.25,267.6]",0.04,0
7018-FPXHH,"[56.0,59.8,3457.45]",0.05,0
5889-LFOLL,"[13.0,84.6,1115.2]",0.06,0
5708-EVONK,"[58.0,93.4,5435.6]",0.07,0
8708-XPXHZ,"[42.0,94.2,4186.3]",0.08,0
0616-ATFGB,"[1.0,25.05,25.05]",0.09,0
0572-ZJKLT,"[46.0,99.65,4630.2]",0.1,0
5135-RDDQL,"[63.0,50.65,3221.25]",0.11,0
1353-LJWEM,"[11.0,60.9,688.5]",0.12,0
1794-SWWKL,"[15.0,59.65,867.1]",0.13,0
6166-YIPFO,"[72.0,64.7,4746.05]",0.14,0
7016-BPGEU,"[29.0,25.1,712.85]",0.15,0
6876-ADESB,"[1.0,48.95,48.95]",0.16,0
9332-GYWLO,"[6.0,54.85,355.1]",0.17,0
1963-SVUCV,"[1.0,45.3,45.3]",0.18,0
4184-VODJZ,"[63.0,91.35,5764.7]",0.19,0
0220-EBGCE,"[2.0,85.85,167.3]",0.2,0
1092-WPIVQ,"[18.0,25.1,428.45]",0.21,0
7233-IOQNP,"[43.0,34.0,1505.35]",0.22,0
2834-JKOOW,"[15.0,45.9,693.45]",0.23,0
2754-VDLTR,"[10.0,95.2,930.4]",0.24,0
2400-FEQME,"[55.0,20.5,1177.95]",0.25,0
3190-XFANI,"[49.0,100.6,5069.65]",0.26,0
7551-DACSP,"[6.0,55.3,324.25]",0.27,0
4957-SREEC,"[70.0,20.35,1458.1]",0.28,0
7235-NXZCP,"[2.0,74.85,156.4]",0.29,0
0230-UBYPQ,"[63.0,36.1,2298.9]",0.3,0
4923-ADWXJ,"[25.0,65.8,1679.65]",0.31,0
1763-KUAAW,"[18.0,20.35,369.6]",0.32,0
1104-TNLZA,"[28.0,105.8,2998.0]",0.33,0
5195-KPUNQ,"[53.0,96.75,5206.55]",0.34,0
0520-FDVVT,"[35.0,102.35,3626.1]",0.35,0
3439-GVUSX,"[1.0,24.4,24.4]",0.36,0
1444-VVSGW,"[70.0,115.65,7968.85]",0.37,0
5712-PTIWW,"[2.0,79.85,152.45]",0.38,0
5949-HGVJL,"[26.0,73.05,1959.5]",0.39,0
5203-XEHAX,"[34.0,64.35,2053.05]",0.4,0
1635-HDGFT,"[19.0,20.5,398.55]",0.41,0
3315-TOTBP,"[15.0,76.0,1130.85]",0.42,0
8050-XGRVL,"[62.0,54.75,3425.35]",0.43,0
6661-HBGWL,"[42.0,104.75,4323.45]",0.44,0
1518-VOWAV,"[9.0,74.65,703.55]",0.45,0
9828-QHFBK,"[24.0,51.15,1275.7]",0.46,0
3908-MKIMJ,"[68.0,41.95,2965.75]",0.47,0
5012-YSPJJ,"[31.0,54.35,1647.0]",0.48,0
5909-ECHUI,"[1.0,56.25,56.25]",0.49,0
1309-BXVOQ,"[21.0,106.1,2249.95]",0.5,0
6728-VOIFY,"[63.0,96.0,6109.75]",0.51,1
9317-WZPGV,"[2.0,79.75,159.4]",0.52,1
4891-NLUBA,"[61.0,61.45,3751.15]",0.53,1
2856-HYAPG,"[1.0,68.65,68.65]",0.54,1
8969-PRHFK,"[18.0,19.65,411.25]",0.55,1
0661-KQHNK,"[6.0,19.0,105.5]",0.56,1
8709-KRDVL,"[33.0,100.0,3320.6]",0.57,1
4488-PSYCG,"[16.0,20.25,327.45]",0.58,1
1427-VERSM,"[56.0,98.7,5669.5]",0.59,1
9801-NOSHQ,"[23.0,19.8,465.45]",0.6,1
6339-YPSAH,"[9.0,73.8,704.3]",0.61,1
3621-CEOVK,"[14.0,100.2,1369.8]",0.62,1
6906-ANDWJ,"[15.0,74.9,1107.25]",0.63,1
2159-TURXX,"[5.0,20.05,95.55]",0.64,1
1548-FEHVL,"[61.0,106.2,6375.2]",0.65,1
3795-CAWEX,"[70.0,116.55,8152.3]",0.66,1
6215-NQCPY,"[15.0,99.7,1566.75]",0.67,1
5647-URDKA,"[8.0,19.7,130.25]",0.68,1
2229-DPMBI,"[8.0,19.5,162.15]",0.69,1
9626-WEQRM,"[4.0,29.15,110.05]",0.7,1
2188-SXWVT,"[34.0,55.0,1885.15]",0.71,1
6258-PVZWJ,"[68.0,90.8,6302.85]",0.72,1
1094-BKOSX,"[45.0,51.0,2264.5]",0.73,1
6969-MVBAI,"[9.0,90.1,816.8]",0.74,1
2978-XXSOG,"[22.0,59.05,1253.5]",0.75,1
2342-CKIAO,"[2.0,20.3,41.2]",0.76,1
6953-PBDIN,"[70.0,72.95,5265.55]",0.77,1
3898-BSJYF,"[10.0,73.55,693.3]",0.78,1
3938-YFPXD,"[72.0,84.3,5997.1]",0.79,1
7696-AMHOD,"[49.0,78.0,3824.2]",0.8,1
2453-SAFNS,"[54.0,72.1,3886.05]",0.81,1
9558-IHEZX,"[71.0,106.75,7283.25]",0.82,1
9617-UDPEU,"[22.0,19.25,412.55]",0.83,1
6340-DACFT,"[50.0,20.55,1070.25]",0.84,1
4955-VCWBI,"[43.0,20.0,817.95]",0.85,1
6813-GZQCG,"[45.0,24.65,1171.3]",0.86,1
7426-GSWPO,"[64.0,103.5,6548.65]",0.87,1
3389-KTRXV,"[23.0,23.85,625.65]",0.88,1
3118-UHVVQ,"[68.0,25.8,1911.5]",0.89,1
1031-IIDEO,"[1.0,70.85,70.85]",0.9,1
5832-XKAES,"[2.0,69.8,134.7]",0.91,1
3205-MXZRA,"[26.0,59.45,1507.0]",0.92,1
4701-AHWMW,"[55.0,54.55,2978.3]",0.93,1
8317-BVKSO,"[14.0,20.05,299.3]",0.94,1
5702-KVQRD,"[71.0,82.55,5832.65]",0.95,1
0083-PIVIK,"[64.0,81.25,5567.55]",0.96,1
9210-IAHGH,"[7.0,70.75,450.8]",0.97,1
6169-PGNCD,"[57.0,74.3,4166.35]",0.98,1
0023-XUOPT,"[13.0,94.1,1215.6]",0.99,1
4592-IWTJI,"[3.0,29.7,91.7]",0.0,0
4909-JOUPP,"[72.0,109.7,7898.45]",0.01,0
4657-FWVFY,"[40.0,96.35,3915.4]",0.02,0
2257-BOVXD,"[14.0,66.6,979.5]",0.03,0
7729-JTEEC,"[2.0,44.5,90.05]",0.04,0
7632-MNYOY,"[66.0,110.9,7432.05]",0.05,0
6518-LGAOV,"[38.0,105.0,4026.4]",0.06,0
7242-QZLXF,"[1.0,25.3,25.3]",0.07,0
4576-CSAJH,"[22.0,55.15,1193.05]",0.08,0
1000-AJSLD,"[1.0,20.1,20.1]",0.09,0
9696-RMYBA,"[5.0,80.1,398.55]",0.1,0
8690-UPCZI,"[29.0,69.05,1958.45]",0.11,0
1062-LHZOD,"[1.0,69.9,69.9]",0.12,0
9770-LXDBK,"[3.0,20.4,63.15]",0.13,0
4086-WITJG,"[71.0,19.7,1301.1]",0.14,0
8344-WFMFH,"[9.0,50.1,484.05]",0.15,0
9600-NAXZN,"[43.0,101.4,4528.0]",0.16,0
8822-KNBHV,"[48.0,83.45,3887.85]",0.17,0
8404-FYDIB,"[26.0,86.65,2208.75]",0.18,0
2791-SFVEW,"[9.0,20.15,238.15]",0.19,0
6457-USBER,"[1.0,80.8,80.8]",0.2,0
6762-NSODU,"[46.0,19.4,958.15]",0.21,0
4662-EKDPQ,"[2.0,62.05,118.3]",0.22,0
9248-OJYKK,"[1.0,76.45,76.45]",0.23,0
9888-ZCUMM,"[64.0,60.05,3845.45]",0.24,0
3398-FSHON,"[12.0,91.3,1094.5]",0.25,0
3319-DWOEP,"[6.0,95.75,573.75]",0.26,0
1074-WVEVG,"[59.0,20.35,1267.0]",0.27,0
9979-RGMZT,"[7.0,94.05,633.45]",0.28,0
6437-UDQJM,"[72.0,84.1,6129.65]",0.29,0
1226-IENZN,"[16.0,78.75,1218.25]",0.3,0
2108-GLPQB,"[25.0,55.55,1405.3]",0.31,0
9259-PACGQ,"[34.0,62.65,2274.9]",0.32,0
4415-IJZTP,"[1.0,74.5,74.5]",0.33,0
1465-VINDH,"[10.0,102.1,1068.85]",0.34,0
5474-LAMUQ,"[24.0,20.1,533.9]",0.35,0
3468-DRVQJ,"[10.0,70.3,676.15]",0.36,0
1122-YJBCS,"[69.0,53.65,3804.4]",0.37,0
4990-ALDGW,"[57.0,20.75,1118.8]",0.38,0
4816-OKWNX,"[50.0,103.4,5236.4]",0.39,0
3315-IKYZQ,"[28.0,50.8,1386.8]",0.4,0
2810-FTLEM,"[16.0,50.15,762.25]",0.41,0
4747-LCAQL,"[25.0,79.0,1902.0]",0.42,0
3411-WLRSQ,"[3.0,74.6,239.05]",0.43,0
0898-XCGTF,"[61.0,96.5,5673.7]",0.44,0
8006-PYCSW,"[2.0,20.1,39.8]",0.45,0
8249-THVEC,"[51.0,19.4,997.75]",0.46,0
8722-PRFDV,"[71.0,77.55,5574.35]",0.47,0
2164-SOQXL,"[20.0,20.05,406.05]",0.48,0
4020-KIUDI,"[6.0,19.85,138.85]",0.49,0
5850-BDWCY,"[6.0,20.2,123.65]",0.5,0
2038-YSEZE,"[29.0,67.45,1801.1]",0.51,1
0827-ITJPH,"[36.0,18.55,689.0]",0.52,1
8799-OXZMD,"[28.0,29.75,790.7]",0.53,1
1925-TIBLE,"[7.0,86.5,582.5]",0.54,1
1705-GUHPV,"[63.0,24.2,1618.2]",0.55,1
4779-ZGICK,"[48.0,23.55,1173.35]",0.56,1
0048-PIHNL,"[49.0,20.45,900.9]",0.57,1
0818-OCPZO,"[27.0,81.45,2122.05]",0.58,1
3967-KXAPS,"[72.0,92.3,6719.9]",0.59,1
1447-GIQMR,"[1.0,69.15,69.15]",0.6,1
3704-IEAXF,"[72.0,53.65,3784.0]",0.61,1
6810-VCAEX,"[47.0,39.65,1798.65]",0.62,1
0674-EYYZV,"[1.0,54.65,54.65]",0.63,1
4480-MBMLB,"[36.0,104.8,3886.45]",0.64,1
1395-OFUWC,"[43.0,29.3,1224.05]",0.65,1
0822-QGCXA,"[27.0,83.85,2310.2]",0.66,1
0872-NXJYS,"[9.0,79.55,723.4]",0.67,1
2832-KJCRD,"[38.0,103.65,3988.5]",0.68,1
3588-WSTTJ,"[35.0,99.05,3554.6]",0.69,1
4075-WKNIU,"[0.0,73.35,0.0]",0.7,1
5090-EMGTC,"[59.0,100.05,6034.85]",0.71,1
2346-CZYIL,"[27.0,20.35,531.6]",0.72,1
3798-EPWRR,"[2.0,43.95,85.1]",0.73,1
6258-NGCNG,"[7.0,23.5,173.0]",0.74,1
4186-ZBUEW,"[36.0,70.7,2511.95]",0.75,1
5274-XHAKY,"[41.0,94.3,3893.6]",0.76,1
1442-BQPVU,"[13.0,29.15,357.15]",0.77,1
3978-YNKDD,"[19.0,20.85,467.5]",0.78,1
4940-KHCWD,"[60.0,37.7,2288.7]",0.79,1
9412-ARGBX,"[48.0,95.5,4627.85]",0.8,1
1389-CXMLU,"[3.0,91.05,289.1]",0.81,1
9589-ABEPT,"[69.0,92.45,6460.55]",0.82,1
9388-ZEYVT,"[43.0,44.15,1931.3]",0.83,1
0305-SQECB,"[11.0,36.05,402.6]",0.84,1
7605-SNLQG,"[45.0,50.25,2221.55]",0.85,1
4670-TABXH,"[72.0,109.75,7758.9]",0.86,1
5561-NWEVX,"[2.0,79.2,172.85]",0.87,1
0064-SUDOG,"[12.0,20.3,224.5]",0.88,1
8561-NMTBD,"[67.0,112.35,7388.45]",0.89,1
5161-XEUVX,"[37.0,94.3,3460.95]",0.9,1
8292-FRFZQ,"[39.0,41.15,1700.9]",0.91,1
8591-NXRCV,"[41.0,74.65,3090.65]",0.92,1
7895-VONWT,"[25.0,48.25,1293.8]",0.93,1
4526-RMTLL,"[8.0,76.15,645.8]",0.94,1
6253-GNHWH,"[71.0,71.1,5224.95]",0.95,1
4566-NECEV,"[5.0,96.55,500.1]",0.96,1
8080-POTJR,"[30.0,79.3,2427.1]",0.97,1
6906-MPARY,"[40.0,89.6,3488.15]",0.98,1
3662-FXJFO,"[54.0,20.5,1035.7]",0.99,1
8107-RZLNV,"[72.0,106.3,7565.35]",0.0,0
0516-OOHAR,"[28.0,100.35,2799.0]",0.01,0
2027-CWDNU,"[18.0,85.6,1601.5]",0.02,0
2737-WFVYW,"[2.0,45.25,85.5]",0.03,0
9912-OMZDS,"[59.0,106.15,6256.2]",0.04,0
3733-ZEECP,"[22.0,51.1,1232.9]",0.05,0
7878-RTCZG,"[1.0,19.9,19.9]",0.06,0
2452-MRMZF,"[72.0,25.7,1937.4]",0.07,0
2272-QAGFO,"[14.0,74.3,1096.25]",0.08,0
7103-IPXPJ,"[50.0,99.4,5059.75]",0.09,0
4342-HFXWS,"[48.0,69.7,3023.65]",0.1,0
3545-CNWRG,"[49.0,98.35,4889.2]",0.11,0
1785-BPHTP,"[28.0,85.45,2289.9]",0.12,0
4989-LIXVT,"[68.0,95.9,6503.2]",0.13,0
7315-WYOAW,"[13.0,100.75,1313.25]",0.14,0
1173-XZPYF,"[11.0,89.2,990.3]",0.15,0
9850-OWRHQ,"[3.0,74.1,228.0]",0.16,0
3768-NLUBH,"[57.0,100.6,5746.15]",0.17,0
8676-TRMJS,"[3.0,75.0,209.1]",0.18,0
2509-TFPJU,"[72.0,25.75,1864.2]",0.19,0
9530-GRMJG,"[70.0,84.1,5979.7]",0.2,0
6898-RBTLU,"[49.0,79.3,3902.45]",0.21,0
5481-NTDOH,"[67.0,107.05,7142.5]",0.22,0
2068-WWXQZ,"[46.0,20.05,902.0]",0.23,0
7359-SSBJK,"[64.0,70.2,4481.0]",0.24,0
2061-VVFST,"[37.0,19.5,805.2]",0.25,0
0685-MLYYM,"[2.0,70.75,154.85]",0.26,0
0749-IRGQE,"[13.0,45.3,528.45]",0.27,0
2380-DAMQP,"[72.0,115.15,8349.7]",0.28,0
2256-YLYLP,"[68.0,72.95,4953.25]",0.29,0
1272-ILHFG,"[15.0,19.65,332.65]",0.3,0
0164-XAIRP,"[24.0,19.55,470.2]",0.31,0
5666-CYCYZ,"[24.0,89.55,2259.35]",0.32,0
4011-ARPHK,"[27.0,50.35,1411.35]",0.33,0
8182-PNAGI,"[12.0,50.25,593.75]",0.34,0
6365-HITVU,"[71.0,87.25,6328.7]",0.35,0
7558-IMLMT,"[67.0,20.8,1411.9]",0.36,0
9488-FYQAU,"[63.0,109.25,6841.4]",0.37,0
3590-TCXTB,"[1.0,20.35,20.35]",0.38,0
6994-KERXL,"[4.0,55.9,238.5]",0.39,0
7957-RYHQD,"[40.0,79.2,3233.85]",0.4,0
2180-DXNEG,"[12.0,96.0,1062.1]",0.41,0
1960-UOTYM,"[52.0,79.2,4016.3]",0.42,0
2740-JFBOK,"[10.0,24.0,226.55]",0.43,0
6500-JVEGC,"[68.0,101.35,7110.75]",0.44,0
5515-AKOAJ,"[54.0,100.1,5440.9]",0.45,0
8976-OQHGT,"[4.0,56.5,235.1]",0.46,0
5245-VDBUR,"[52.0,35.45,1958.95]",0.47,0
6230-BSUXY,"[1.0,85.0,85.0]",0.48,0
8469-SNFFH,"[70.0,79.4,5528.9]",0.49,0
2144-ESWKO,"[43.0,35.2,1463.7]",0.5,0
1241-FPMOF,"[52.0,19.65,1025.05]",0.51,1
9928-BZVLZ,"[12.0,49.85,552.1]",0.52,1
4114-QMKVN,"[56.0,68.75,3815.4]",0.53,1
2775-SEFEE,"[0.0,61.9,0.0]",0.54,1
9003-CPATH,"[42.0,79.9,3313.4]",0.55,1
1754-GKYPY,"[22.0,89.75,1938.9]",0.56,1
5294-CDGWY,"[51.0,59.3,3014.65]",0.57,1
7956-XQWGU,"[27.0,19.4,460.25]",0.58,1
1591-MQJTP,"[51.0,93.65,4839.15]",0.59,1
5295-PCJOO,"[4.0,49.4,184.4]",0.6,1
2369-FEVNO,"[1.0,19.9,19.9]",0.61,1
9863-JZAIC,"[35.0,55.0,2010.55]",0.62,1
7471-MQPOS,"[71.0,72.9,5139.65]",0.63,1
7660-HDPJV,"[1.0,69.2,69.2]",0.64,1
5115-SQAAU,"[69.0,25.6,1673.4]",0.65,1
9845-QOMAD,"[14.0,19.75,309.35]",0.66,1
7672-VFMXZ,"[57.0,55.7,3171.6]",0.67,1
9739-JLPQJ,"[72.0,117.5,8670.1]",0.68,1
9916-AYHTC,"[48.0,19.85,916.0]",0.69,1
3855-ONCAR,"[4.0,78.9,299.75]",0.7,1
1488-SYSFC,"[31.0,20.65,702.05]",0.71,1
7931-PXHFC,"[38.0,62.3,2354.8]",0.72,1
3990-QYKBE,"[37.0,92.5,3473.4]",0.73,1
0970-QXPXW,"[1.0,19.65,19.65]",0.74,1
3259-KNMRR,"[57.0,79.75,4438.2]",0.75,1
6120-RJKLU,"[62.0,79.95,4819.75]",0.76,1
9572-WUKSB,"[3.0,29.9,92.25]",0.77,1
5893-KCLGT,"[72.0,19.75,1567.0]",0.78,1
0076-LVEPS,"[29.0,45.0,1242.45]",0.79,1
3640-JQGJG,"[13.0,44.8,559.2]",0.8,1
4919-MOAVT,"[3.0,69.65,220.1]",0.81,1
1596-OQSPS,"[11.0,51.1,531.15]",0.82,1
9867-XOBQA,"[21.0,53.15,1183.2]",0.83,1
9546-KDTRB,"[19.0,24.7,465.85]",0.84,1
3090-HAWSU,"[61.0,111.6,6876.05]",0.85,1
9820-RMCQV,"[11.0,48.55,501.0]",0.86,1
3174-RKMOW,"[35.0,109.95,3782.4]",0.87,1
1760-CAZHT,"[25.0,20.8,460.2]",0.88,1
7839-QRKXN,"[1.0,20.2,20.2]",0.89,1
8441-SHIPE,"[67.0,25.6,1790.35]",0.9,1
5204-QZXPU,"[19.0,39.65,733.35]",0.91,1
4597-ELFTS,"[56.0,24.9,1334.0]",0.92,1
1320-GVNHT,"[72.0,108.4,7767.25]",0.93,1
1047-RNXZV,"[43.0,19.55,876.15]",0.94,1
3541-ZNUHK,"[55.0,85.1,4600.95]",0.95,1
8450-JOVAH,"[2.0,56.7,113.55]",0.96,1
8725-JEDFD,"[27.0,69.05,1793.25]",0.97,1
7562-UXTPG,"[13.0,70.15,886.7]",0.98,1
8071-SBTRN,"[70.0,111.15,7737.55]",0.99,1
1113-IUJYX,"[14.0,105.95,1348.9]",0.0,0
6668-CNMFP,"[19.0,89.35,1686.85]",0.01,0
5626-MGTUK,"[20.0,89.1,1879.25]",0.02,0
5681-LLOEI,"[43.0,91.25,4013.8]",0.03,0
8212-DJRCH,"[5.0,90.35,434.5]",0.04,0
4323-OHFOW,"[70.0,105.55,7195.35]",0.05,0
4933-BSAIP,"[40.0,19.1,780.1]",0.06,0
2030-BTZRO,"[6.0,20.4,107.6]",0.07,0
1116-DXXDF,"[39.0,100.45,3801.7]",0.08,0
9274-CNFMO,"[4.0,74.95,308.7]",0.09,0
7758-XKCBS,"[15.0,29.7,438.25]",0.1,0
8992-JQYUN,"[1.0,50.35,50.35]",0.11,0
6563-VNPMN,"[45.0,85.7,3778.1]",0.12,0
0617-AQNWT,"[64.0,47.85,3147.5]",0.13,0
2267-WTPYD,"[57.0,94.0,5438.95]",0.14,0
0270-THENM,"[72.0,69.85,5102.35]",0.15,0
2446-PLQVO,"[1.0,70.3,70.3]",0.16,0
4707-MAXGU,"[72.0,25.85,1872.2]",0.17,0
2710-WYVXG,"[3.0,71.1,213.35]",0.18,0
3005-NFMTA,"[55.0,98.8,5617.75]",0.19,0
6300-BWMJX,"[59.0,93.35,5386.5]",0.2,0
8784-CGILN,"[18.0,99.85,1776.95]",0.21,0
5389-FFVKB,"[32.0,80.3,2483.05]",0.22,0
7009-LGECI,"[4.0,50.55,235.65]",0.23,0
8444-WRIDW,"[66.0,80.45,5224.35]",0.24,0
5022-KVDQT,"[27.0,81.3,2272.8]",0.25,0
7976-CICYS,"[4.0,20.7,83.75]",0.26,0
1036-GUDCL,"[60.0,79.05,4663.4]",0.27,0
2005-DWQZJ,"[8.0,19.05,201.7]",0.28,0
8148-WOCMK,"[8.0,19.6,125.0]",0.29,0
7815-PDTHL,"[35.0,20.2,684.4]",0.3,0
9451-LPGOO,"[7.0,86.8,620.35]",0.31,0
9173-IVZVP,"[53.0,20.9,1146.05]",0.32,0
9129-UXERG,"[18.0,103.6,1806.35]",0.33,0
3635-JBPSG,"[15.0,38.8,603.0]",0.34,0
7964-ZRKKG,"[67.0,88.4,5798.3]",0.35,0
5868-YWPDW,"[6.0,84.2,519.15]",0.36,0
6229-LSCKB,"[6.0,79.7,497.6]",0.37,0
2025-JKFWI,"[13.0,99.0,1301.7]",0.38,0
4078-SAYYN,"[11.0,100.75,1129.75]",0.39,0
1724-IQWNM,"[1.0,19.3,19.3]",0.4,0
8217-QYOHV,"[5.0,55.75,266.95]",0.41,0
5546-QUERU,"[13.0,19.95,257.0]",0.42,0
9940-HPQPG,"[9.0,91.75,865.8]",0.43,0
6897-UUBNU,"[29.0,89.65,2623.65]",0.44,0
6127-IYJOZ,"[1.0,45.85,45.85]",0.45,0
6618-RYATB,"[1.0,79.55,79.55]",0.46,0
8930-XOTDP,"[18.0,55.95,1082.8]",0.47,0
5916-QEWPT,"[2.0,69.0,147.8]",0.48,0
5060-TQUQN,"[30.0,83.55,2570.2]",0.49,0
0531-XBKMM,"[66.0,65.7,4378.9]",0.5,0
8465-SBRXP,"[38.0,94.9,3616.25]",0.51,1
2408-PSJVE,"[44.0,61.9,2924.05]",0.52,1
9079-YEXQJ,"[54.0,111.1,6014.85]",0.53,1
9700-ZCLOT,"[2.0,20.0,32.7]",0.54,1
8738-JOKAR,"[42.0,67.7,2882.25]",0.55,1
4534-WGCIR,"[58.0,25.15,1509.9]",0.56,1
1930-WNXSB,"[58.0,92.85,5305.05]",0.57,1
2685-SREOM,"[25.0,89.1,2368.4]",0.58,1
3508-CFVZL,"[71.0,111.3,7985.9]",0.59,1
0402-CQAJN,"[37.0,101.9,3545.35]",0.6,1
6692-UDPJC,"[14.0,91.65,1301.0]",0.61,1
1273-MTETI,"[4.0,88.85,372.45]",0.62,1
0657-DOGUM,"[48.0,60.6,2985.25]",0.63,1
5480-HPRRX,"[3.0,25.3,77.75]",0.64,1
8792-AOROI,"[8.0,65.5,564.35]",0.65,1
0295-PPHDO,"[1.0,95.45,95.45]",0.66,1
5146-YYFRZ,"[67.0,19.95,1311.75]",0.67,1
1195-OIYEJ,"[13.0,91.1,1135.7]",0.68,1
5906-CVLHP,"[45.0,54.15,2319.8]",0.69,1
3452-SRFEG,"[49.0,74.6,3720.35]",0.7,1
4070-OKWVH,"[52.0,94.6,5025.8]",0.71,1
5297-MDOIR,"[63.0,81.15,5224.5]",0.72,1
6369-MCAKO,"[68.0,89.05,6185.8]",0.73,1
4926-UMJZD,"[31.0,49.2,1498.55]",0.74,1
6848-HJTXY,"[64.0,19.45,1208.6]",0.75,1
6341-AEVKX,"[62.0,104.3,6613.65]",0.76,1
4501-EQDRN,"[1.0,69.7,69.7]",0.77,1
2990-HWIML,"[6.0,89.5,573.3]",0.78,1
0682-USIXD,"[21.0,86.05,1818.9]",0.79,1
6976-BWGLQ,"[72.0,25.2,1787.35]",0.8,1
7078-NVFAM,"[32.0,35.15,1051.05]",0.81,1
8065-QBYTO,"[71.0,99.65,7181.25]",0.82,1
2133-TSRRM,"[34.0,105.35,3688.6]",0.83,1
7384-GHBPI,"[3.0,35.15,99.75]",0.84,1
7603-USHJS,"[12.0,73.75,871.4]",0.85,1
7234-FECYN,"[8.0,101.35,780.5]",0.86,1
2511-ALLCS,"[35.0,24.3,821.6]",0.87,1
3191-CSNMG,"[3.0,80.7,239.45]",0.88,1
7952-OBOYL,"[3.0,89.85,244.45]",0.89,1
7470-DYNOE,"[53.0,61.1,3357.9]",0.9,1
7853-OETYL,"[4.0,29.05,129.6]",0.91,1
1545-ACTAS,"[48.0,99.7,4977.2]",0.92,1
5876-HZVZM,"[6.0,55.9,365.35]",0.93,1
1400-MMYXY,"[3.0,105.9,334.65]",0.94,1
5126-RCXYW,"[54.0,46.0,2424.05]",0.95,1
3085-QUOZK,"[1.0,43.95,43.95]",0.96,1
2363-BJLSL,"[62.0,80.4,4981.15]",0.97,1
1956-YIFGE,"[22.0,100.05,2090.25]",0.98,1
3926-CUQZX,"[1.0,45.1,45.1]",0.99,1
7921-LMDFQ,"[51.0,94.0,4905.75]",0.0,0
2925-MXLSX,"[30.0,68.95,2038.7]",0.01,0
5820-PTRYM,"[56.0,68.45,4014.0]",0.02,0
9609-BENEA,"[35.0,69.0,2441.7]",0.03,0
6211-WHMYA,"[64.0,43.85,2751.0]",0.04,0
4459-BBGHE,"[30.0,44.5,1307.8]",0.05,0
9945-PSVIP,"[25.0,18.7,383.65]",0.06,0
1041-RXHRA,"[41.0,70.25,2868.05]",0.07,0
1750-CSKKM,"[9.0,55.35,449.75]",0.08,0
9108-EJFJP,"[1.0,53.55,53.55]",0.09,0
0530-IJVDB,"[70.0,114.6,7882.5]",0.1,0
0508-SQWPL,"[57.0,20.1,1087.7]",0.11,0
2215-ZAFGX,"[9.0,85.5,791.7]",0.12,0
8213-TAZPM,"[69.0,108.75,7493.05]",0.13,0
7142-HVGBG,"[43.0,103.0,4414.3]",0.14,0
1304-SEGFY,"[72.0,97.85,6841.3]",0.15,0
7242-EDTYC,"[44.0,19.55,819.95]",0.16,0
2904-GGUAZ,"[72.0,84.05,6052.25]",0.17,0
8267-ZNYVZ,"[33.0,103.75,3361.05]",0.18,0
5136-GFPMB,"[54.0,89.4,4869.5]",0.19,0
2595-KIWPV,"[27.0,19.7,509.3]",0.2,0
5243-SAOTC,"[54.0,79.85,4308.25]",0.21,0
9398-MMQTO,"[3.0,74.45,221.1]",0.22,0
7619-PLRLP,"[53.0,74.1,3833.95]",0.23,0
6457-GIRWB,"[1.0,69.35,69.35]",0.24,0
6508-NJYRO,"[15.0,18.8,294.95]",0.25,0
1450-SKCVI,"[56.0,73.85,4092.85]",0.26,0
4710-NKCAW,"[5.0,64.4,316.9]",0.27,0
5306-BVTKJ,"[48.0,55.8,2651.2]",0.28,0
0357-NVCRI,"[25.0,20.05,471.7]",0.29,0
5570-PTWEH,"[3.0,75.15,216.75]",0.3,0
2371-KFUOG,"[58.0,99.15,5720.95]",0.31,0
0463-ZSDNT,"[10.0,56.75,503.25]",0.32,0
6502-MJQAE,"[1.0,69.6,69.6]",0.33,0
6257-DTAYD,"[71.0,104.15,7365.3]",0.34,0
4616-ULAOA,"[65.0,110.8,7245.9]",0.35,0
7693-LCKZL,"[5.0,80.15,385.0]",0.36,0
7746-AWNQW,"[28.0,35.75,961.4]",0.37,0
5996-EBTKM,"[67.0,69.9,4615.9]",0.38,0
2758-RNWXS,"[35.0,89.2,3251.3]",0.39,0
2314-TNDJQ,"[72.0,55.65,3880.05]",0.4,0
2405-LBMUW,"[61.0,50.7,3088.75]",0.41,0
3454-JFUBC,"[68.0,20.0,1396.0]",0.42,0
0032-PGELS,"[1.0,30.5,30.5]",0.43,0
9039-ZVJDC,"[3.0,19.1,53.05]",0.44,0
6797-LNAQX,"[70.0,98.3,6859.5]",0.45,0
9013-AQORL,"[48.0,45.55,2108.35]",0.46,0
2898-MRKPI,"[68.0,101.05,6770.5]",0.47,0
2750-BJLSB,"[47.0,103.7,4730.6]",0.48,0
3648-GZPHF,"[32.0,36.25,1151.05]",0.49,0
2075-RMJIK,"[5.0,49.4,232.55]",0.5,0
9588-YRFHY,"[49.0,19.9,1022.6]",0.51,1
6394-MFYNG,"[48.0,107.4,5121.3]",0.52,1
1564-NTYXF,"[13.0,82.0,1127.2]",0.53,1
9364-YKUVW,"[15.0,19.8,309.4]",0.54,1
5392-AKEMH,"[12.0,45.05,523.1]",0.55,1
2451-YMUXS,"[67.0,64.55,4250.1]",0.56,1
3914-FDRHP,"[9.0,86.25,770.5]",0.57,1
3078-ZKNTS,"[13.0,19.75,246.7]",0.58,1
1024-KPRBB,"[38.0,89.1,3342.0]",0.59,1
4690-PKDQG,"[42.0,95.55,3930.6]",0.6,1
8155-IBNHG,"[24.0,75.4,1747.85]",0.61,1
0886-QGENL,"[27.0,101.25,2754.45]",0.62,1
9547-ITEFG,"[9.0,102.6,897.75]",0.63,1
1264-FUHCX,"[49.0,56.3,2780.6]",0.64,1
7789-CRUVC,"[61.0,94.2,5895.45]",0.65,1
6598-KELSS,"[50.0,43.05,2208.05]",0.66,1
8739-WWKDU,"[25.0,89.5,2196.15]",0.67,1
8685-WHQPW,"[22.0,74.4,1692.6]",0.68,1
4745-LSPLO,"[1.0,20.5,20.5]",0.69,1
8083-YTZES,"[4.0,74.35,265.35]",0.7,1
7240-FQLHE,"[18.0,99.75,1836.25]",0.71,1
6664-FPDAC,"[56.0,111.95,6418.9]",0.72,1
9972-VAFJJ,"[53.0,94.0,4871.45]",0.73,1
0422-UXFAP,"[51.0,98.85,4947.55]",0.74,1
1904-WAJAA,"[24.0,64.35,1558.65]",0.75,1
5130-YPIRV,"[62.0,72.0,4284.2]",0.76,1
2843-CQMEG,"[24.0,49.7,1218.25]",0.77,1
6439-PKTRR,"[70.0,80.7,5617.95]",0.78,1
5351-QESIO,"[1.0,24.2,24.2]",0.79,1
0786-VSSUD,"[16.0,39.0,679.85]",0.8,1
5568-DMXZS,"[8.0,65.45,554.45]",0.81,1
8468-FZTOE,"[72.0,74.35,5237.4]",0.82,1
6633-SYEUS,"[23.0,83.2,2032.3]",0.83,1
6447-GORXK,"[31.0,25.0,789.2]",0.84,1
6967-PEJLL,"[37.0,40.2,1525.35]",0.85,1
3976-BWUCK,"[30.0,94.1,2804.45]",0.86,1
5981-ZVXOT,"[35.0,108.35,3726.15]",0.87,1
1684-FLBGS,"[23.0,69.5,1652.1]",0.88,1
1389-WNUIB,"[20.0,76.0,1588.75]",0.89,1
0376-OIWME,"[36.0,93.6,3366.05]",0.9,1
3585-ISXZP,"[8.0,95.65,778.1]",0.91,1
0218-QNVAS,"[71.0,100.55,7113.75]",0.92,1
6583-QGCSI,"[50.0,88.05,4367.35]",0.93,1
0804-YGEQV,"[43.0,24.45,993.15]",0.94,1
7164-BPTUT,"[57.0,89.55,5012.35]",0.95,1
4174-LPGTI,"[41.0,66.5,2728.6]",0.96,1
2523-EWWZL,"[27.0,76.1,2093.4]",0.97,1
0928-XUTSN,"[13.0,80.5,1011.8]",0.98,1
2108-XWMPY,"[3.0,35.45,106.85]",0.99,1
0052-YNYOT,"[67.0,20.55,1343.4]",0.0,0
6304-IJFSQ,"[3.0,49.9,130.1]",0.01,0
9586-JGQKH,"[64.0,105.4,6794.75]",0.02,0
4501-VCPFK,"[26.0,35.75,1022.5]",0.03,0
6075-SLNIL,"[38.0,95.1,3691.2]",0.04,0
9347-AERRL,"[23.0,19.3,486.2]",0.05,0
0093-XWZFY,"[40.0,104.5,4036.85]",0.06,0
2274-XUATA,"[72.0,63.1,4685.55]",0.07,0
1980-KXVPM,"[3.0,75.05,256.25]",0.08,0
7703-ZEKEF,"[23.0,81.0,1917.1]",0.09,0
0723-DRCLG,"[1.0,74.45,74.45]",0.1,0
5482-NUPNA,"[4.0,60.4,272.15]",0.11,0
6691-CCIHA,"[62.0,84.95,5150.55]",0.12,0
1685-BQULA,"[40.0,93.4,3756.4]",0.13,0
9053-EJUNL,"[41.0,89.2,3645.75]",0.14,0
0666-UXTJO,"[34.0,85.2,2874.45]",0.15,0
1471-GIQKQ,"[1.0,49.95,49.95]",0.16,0
4807-IZYOZ,"[51.0,20.65,1020.75]",0.17,0
1122-JWTJW,"[1.0,70.65,70.65]",0.18,0
9710-NJERN,"[39.0,20.15,826.0]",0.19,0
9837-FWLCH,"[12.0,19.2,239.0]",0.2,0
1699-HPSBG,"[12.0,59.8,727.8]",0.21,0
7203-OYKCT,"[72.0,104.95,7544.3]",0.22,0
1035-IPQPU,"[63.0,103.5,6479.4]",0.23,0
7398-LXGYX,"[44.0,84.8,3626.35]",0.24,0
2823-LKABH,"[18.0,95.05,1679.4]",0.25,0
8775-CEBBJ,"[9.0,44.2,403.35]",0.26,0
0550-DCXLH,"[13.0,73.35,931.55]",0.27,0
9281-CEDRU,"[68.0,64.1,4326.25]",0.28,0
2235-DWLJU,"[6.0,44.4,263.05]",0.29,0
0871-OPBXW,"[2.0,20.05,39.25]",0.3,0
3605-JISKB,"[55.0,60.0,3316.1]",0.31,0
6894-LFHLY,"[1.0,75.75,75.75]",0.32,0
9767-FFLEM,"[38.0,69.5,2625.25]",0.33,0
0639-TSIQW,"[67.0,102.95,6886.25]",0.34,0
8456-QDAVC,"[19.0,78.7,1495.1]",0.35,0
7750-EYXWZ,"[12.0,60.65,743.3]",0.36,0
2569-WGERO,"[72.0,21.15,1419.4]",0.37,0
6840-RESVB,"[24.0,84.8,1990.5]",0.38,0
2234-XADUH,"[72.0,103.2,7362.9]",0.39,0
4801-JZAZL,"[11.0,29.6,346.45]",0.4,0
8361-LTMKD,"[4.0,74.4,306.6]",0.41,0
3186-AJIEK,"[66.0,105.65,6844.5]",0.42,0
